season,week,season_type,tier,game_id,ours,line,actual,home_win_prob,ours_total,total_line,actual_total
2021,4,regular,,401282208,5.914619468523561,7.0,1.0,0.670487106017192,50.46976334815931,59.5,61.0
2021,4,regular,,401282204,2.450342544008417,2.5,3.0,0.5931232091690545,52.465588735917414,55.5,81.0
2021,4,regular,,401282638,0.9072773950693835,3.5,-20.0,0.5444126074498568,60.172212611388275,71.0,54.0
2021,4,regular,,401282637,-9.758551647852983,-6.5,3.0,0.2148997134670487,51.08498702376992,54.0,45.0
2021,4,regular,,401310707,33.268494390458756,30.0,8.0,1.0,58.68361964220938,59.0,68.0
2021,4,regular,,401282707,1.6074875070756334,6.0,-28.0,0.5644699140401146,43.61847216730007,44.0,54.0
2021,4,regular,,401310706,-9.392066843768049,-9.5,-24.0,0.24068767908309455,62.74365882618528,69.5,30.0
2021,4,regular,,401282088,-37.85971993815404,-36.0,-62.0,0.0028653295128939827,45.51021825719293,54.0,62.0
2021,4,regular,,401282206,7.18764382524191,12.0,4.0,0.7020057306590258,55.05553782305782,55.5,58.0
2021,4,regular,,401301010,23.224846137011717,36.5,34.0,0.9713467048710601,57.1059671715453,54.5,48.0
2021,4,regular,,401308834,14.640874598735516,7.5,13.0,0.8595988538681948,53.76227299728565,48.5,33.0
2021,4,regular,,401287911,4.795600781501217,9.0,35.0,0.6504297994269341,64.68203790602311,62.5,105.0
2021,4,regular,,401287910,3.872710546583545,9.5,-8.0,0.6332378223495702,59.34548045612319,65.5,76.0
2021,4,regular,,401282805,11.737985041412372,13.5,29.0,0.8166189111747851,44.64705325821557,47.5,41.0
2021,4,regular,,401282792,26.197863393310364,30.5,-4.0,0.9828080229226361,50.40714872353441,51.0,24.0
2021,4,regular,,401282086,9.499844458162864,1.0,7.0,0.7650429799426934,57.87366333719838,58.0,75.0
2021,4,regular,,401282085,-2.64142753860923,-1.5,-3.0,0.4297994269340974,52.87871606270413,55.0,53.0
2021,4,regular,,401286301,35.77016380292071,36.0,50.0,1.0,61.44742395466274,66.0,56.0
2021,4,regular,,401309555,-6.963326149020595,-4.5,-10.0,0.3008595988538682,53.836897156985586,56.5,34.0
2021,4,regular,,401309557,9.153308284301728,7.5,38.0,0.7564469914040115,58.21396084764278,62.5,80.0
2021,4,regular,,401309554,5.074500987432122,2.5,20.0,0.66189111747851,52.80805019235456,62.0,26.0
2021,4,regular,,401309861,15.387723531499063,15.0,11.0,0.8653295128939829,56.39287945573808,53.0,37.0
2021,4,regular,,401282082,-8.983694548418821,-4.5,10.0,0.2492836676217765,47.06209912524762,47.0,30.0
2021,4,regular,,401282213,-2.0543216376284503,3.0,-3.0,0.44412607449856734,61.36175596324905,66.5,59.0
2021,4,regular,,401282640,-4.011452355848428,1.5,-8.0,0.37822349570200575,56.100365203177304,61.0,54.0
2021,4,regular,,401282643,-4.473480570542243,-10.5,6.0,0.36103151862464183,41.66506145029426,47.5,48.0
2021,4,regular,,401282756,30.146623691509053,23.5,10.0,0.994269340974212,44.65514465542616,43.5,38.0
2021,4,regular,,401282765,5.649626094814759,13.0,21.0,0.664756446991404,61.184739098533065,71.5,53.0
2021,4,regular,,401282775,12.426409908351085,20.5,7.0,0.8223495702005731,56.42554283905548,50.0,33.0
2021,4,regular,,401282716,20.391969546983006,10.5,4.0,0.9369627507163324,52.4948785040357,53.5,22.0
2021,4,regular,,401286190,-22.49036679422571,-31.5,-2.0,0.04011461318051576,53.96714691215583,53.5,46.0
2021,4,regular,,401287907,0.7399599746099456,-7.0,2.0,0.5444126074498568,48.22864694600823,46.0,60.0
2021,4,regular,,401282639,15.638267590985723,16.5,19.0,0.8710601719197708,59.38714363734971,57.5,85.0
2021,4,regular,,401282083,16.58648974810768,27.5,10.0,0.8825214899713467,56.1099994096914,57.0,58.0
2021,4,regular,,401301011,10.790121165446482,14.5,7.0,0.7936962750716332,58.983157201527746,65.0,75.0
2021,4,regular,,401309610,-10.837088435225665,-14.5,-8.0,0.18911174785100288,51.33824049938859,54.5,48.0
2021,4,regular,,401309858,-1.8811050899517674,-4.0,-11.0,0.45272206303724927,60.932209688132374,60.0,59.0
2021,4,regular,,401282209,-1.4173100804670296,-13.0,-1.0,0.46418338108882523,54.64504976587551,50.5,69.0
2021,4,regular,,401282210,24.244268013177873,37.0,14.0,0.9742120343839542,52.53486257927054,53.5,82.0
2021,4,regular,,401282084,18.34647803389963,19.0,24.0,0.9083094555873925,57.09372722329293,65.0,52.0
2021,4,regular,,401301008,30.3871374009016,20.0,8.0,0.994269340974212,49.14370889619391,47.0,48.0
2021,4,regular,,401282087,-3.611764856948776,-4.5,-6.0,0.3954154727793696,48.69045697869727,49.0,26.0
2021,4,regular,,401282784,9.927497373686716,3.5,3.0,0.7765042979942693,48.279063669209606,55.0,43.0
2021,4,regular,,401282205,10.038953372769022,10.5,7.0,0.7765042979942693,65.62607546106035,65.0,41.0
2021,4,regular,,401287909,-3.1757228370608983,6.0,11.0,0.4154727793696275,45.53054494529281,47.5,51.0
2021,4,regular,,401287908,7.928904997806258,17.5,3.0,0.7306590257879656,57.349202877528526,56.5,29.0
2021,4,regular,,401282811,40.6161942214462,48.5,52.0,1.0,63.503860921328794,66.5,66.0
2021,4,regular,,401282081,38.10061261326709,45.0,49.0,1.0,52.581159484110145,58.5,77.0
2021,4,regular,,401282641,-12.61359062112552,-14.5,23.0,0.16045845272206305,58.42691080363623,65.5,67.0
2021,4,regular,,401282211,-3.80579704928398,2.5,-7.0,0.38968481375358166,59.94903969395358,54.5,49.0
2021,4,regular,,401282214,-1.396397674658762,-9.5,-2.0,0.46418338108882523,55.467816715611946,62.5,64.0
2021,4,regular,,401310708,-4.7821364368671055,-17.0,-20.0,0.3524355300859599,54.76465069110557,63.0,62.0
2021,4,regular,,401282207,-0.876313673711145,3.5,24.0,0.49570200573065903,46.28252946542996,54.0,38.0
2021,4,regular,,401309611,-21.643749354334958,-23.5,13.0,0.045845272206303724,46.31278121038821,49.5,45.0
2021,4,regular,,401282212,3.9750455104826385,-2.5,7.0,0.6332378223495702,51.147161642583825,54.0,33.0
2021,4,regular,,401309857,9.559353914186852,7.5,7.0,0.7679083094555874,43.4641806398112,47.5,55.0
2021,4,regular,,401301009,29.031006608578533,23.5,8.0,0.9885386819484241,51.838217052315954,54.5,62.0
2021,4,regular,,401309862,16.569822100447567,14.0,22.0,0.8825214899713467,44.73258777269228,45.5,48.0
2021,4,regular,,401309859,29.21140315440134,29.5,22.0,0.9885386819484241,51.8398977764043,59.0,60.0
2021,4,regular,,401309860,6.218832167343381,11.0,-18.0,0.6790830945558739,58.022499253821636,63.0,72.0
2021,5,regular,,401282646,0.7641488559294867,3.5,-2.0,0.5217391304347826,58.21458232452669,63.5,58.0
2021,5,regular,,401301012,-0.502875618144186,3.5,-35.0,0.47391304347826085,50.81415526335654,54.0,55.0
2021,5,regular,,401282759,-6.866465286950149,-3.0,-37.0,0.3,43.954279420885044,47.5,65.0
2021,5,regular,,401309912,-16.265136392511636,-8.0,-14.0,0.10217391304347827,53.798504299798225,65.5,54.0
2021,5,regular,,401282090,19.094152086806908,16.5,37.0,0.9260869565217391,51.92467142156916,48.5,37.0
2021,5,regular,,401282093,5.190654114652554,2.5,-38.0,0.6782608695652174,60.28280196966201,66.0,86.0
2021,5,regular,,401282219,0.7099991208446036,10.5,10.0,0.5217391304347826,51.62787809896713,54.0,38.0
2021,5,regular,,401282776,-5.852350480715174,2.5,-21.0,0.33260869565217394,45.72763327393819,43.5,55.0
2021,5,regular,,401287915,-5.950809277075177,-4.0,-5.0,0.33043478260869563,64.54346518946608,65.5,59.0
2021,5,regular,,401301015,-11.704052594080945,-11.0,3.0,0.18695652173913044,61.1840371546523,59.0,65.0
2021,5,regular,,401282650,12.522001398076013,19.5,31.0,0.8130434782608695,69.56417272656661,74.5,45.0
2021,5,regular,,401282649,-4.667799830131483,-3.0,-31.0,0.3565217391304348,58.89830599984685,57.5,73.0
2021,5,regular,,401309561,-4.067348763731111,-7.0,-7.0,0.3717391304347826,59.22653621355018,59.5,41.0
2021,5,regular,,401286302,-20.289299680154244,-27.0,-38.0,0.06956521739130435,54.08420261275214,56.5,52.0
2021,5,regular,,401282793,9.77100479692692,2.5,-7.0,0.7760869565217391,46.58175329742858,46.0,33.0
2021,5,regular,,401282651,13.010567988339902,7.0,3.0,0.8195652173913044,56.13825233326634,64.5,71.0
2021,5,regular,,401309612,-11.012379407206618,-10.0,-29.0,0.20652173913043478,53.85462258718378,54.5,61.0
2021,5,regular,,401309867,-8.741742777670753,-9.0,-23.0,0.2565217391304348,50.667324613765246,51.0,51.0
2021,5,regular,,401282708,-4.0791259271041325,-2.0,-11.0,0.3717391304347826,55.27800204659994,50.0,37.0
2021,5,regular,,401309614,30.254503811321275,33.5,53.0,0.9934782608695653,54.42144572067824,57.5,65.0
2021,5,regular,,401309558,-5.733555565908254,1.5,7.0,0.33260869565217394,64.0685083617025,62.0,47.0
2021,5,regular,,401282094,-1.5331058525745616,6.5,9.0,0.43043478260869567,42.55184183306235,43.5,37.0
2021,5,regular,,401310711,12.946558391088956,3.5,-10.0,0.8173913043478261,53.32563204357233,59.0,72.0
2021,5,regular,,401301014,-2.184122182537301,-3.0,23.0,0.41304347826086957,67.81057663545752,64.5,81.0
2021,5,regular,,401282089,15.052819973373,15.0,21.0,0.85,71.17639564980786,79.5,63.0
2021,5,regular,,401282215,12.132572352568431,10.5,37.0,0.808695652173913,47.25346883112573,52.0,79.0
2021,5,regular,,401309562,15.417782166948797,16.5,7.0,0.8543478260869565,54.34486255683436,56.0,47.0
2021,5,regular,,401309560,-3.593645468505824,-9.5,-17.0,0.3717391304347826,54.72560659077207,55.0,51.0
2021,5,regular,,401282813,-7.0846393241277195,-15.0,-39.0,0.28695652173913044,59.674476302135005,58.0,65.0
2021,5,regular,,401287916,10.376551064410783,7.5,-3.0,0.7913043478260869,59.52861040285031,55.5,43.0
2021,5,regular,,401308835,5.89482696962731,-1.5,11.0,0.6956521739130435,53.77926884679307,56.0,45.0
2021,5,regular,,401309864,-8.325868405321984,-8.5,7.0,0.26521739130434785,55.739137207705824,57.5,55.0
2021,5,regular,,401282648,-3.7549885251344612,5.5,3.0,0.3717391304347826,50.82166370772055,50.5,63.0
2021,5,regular,,401287913,-4.472335012578775,-12.5,-6.0,0.3630434782608696,52.93452537076989,53.0,68.0
2021,5,regular,,401301013,-25.216495385149273,-15.0,4.0,0.02826086956521739,59.342233553416094,52.5,64.0
2021,5,regular,,401309613,4.194314229363943,2.0,26.0,0.6478260869565218,62.645103962378286,66.0,92.0
2021,5,regular,,401301016,23.035655085245924,21.0,24.0,0.9652173913043478,64.95807981971453,68.5,58.0
2021,5,regular,,401309559,-21.73803558559928,-10.0,12.0,0.05217391304347826,50.67236037544676,47.5,44.0
2021,5,regular,,401309863,9.672552016264552,7.5,-15.0,0.7739130434782608,54.262136337454706,52.5,27.0
2021,5,regular,,401282220,16.552724784557736,17.5,7.0,0.8804347826086957,56.777644634050034,56.0,61.0
2021,5,regular,,401282222,23.313500517976696,21.5,7.0,0.967391304347826,54.98685576661606,55.5,41.0
2021,5,regular,,401282091,-8.798882623660848,-7.5,7.0,0.2543478260869565,51.44034281498764,56.5,33.0
2021,5,regular,,401282218,0.8635848043720442,1.5,5.0,0.5282608695652173,50.01820704288601,44.5,43.0
2021,5,regular,,401310710,-11.936172782870026,-11.5,-28.0,0.17608695652173914,48.5035512466174,45.5,48.0
2021,5,regular,,401287912,29.700508270754177,34.5,52.0,0.9934782608695653,54.41368737293628,57.0,66.0
2021,5,regular,,401287914,0.8749217325531764,4.0,10.0,0.5282608695652173,49.38412208249728,47.0,38.0
2021,5,regular,,401282216,-11.242961594314748,-10.5,6.0,0.20217391304347826,59.52867360403164,65.5,62.0
2021,5,regular,,401282095,11.016712677355203,7.0,-4.0,0.7956521739130434,39.53558067443098,45.5,48.0
2021,5,regular,,401282221,2.5390606088766567,3.0,-24.0,0.5804347826086956,48.86444533676751,49.5,48.0
2021,5,regular,,401282096,3.4419106506516988,14.5,2.0,0.6217391304347826,51.68862405356995,51.0,58.0
2021,5,regular,,401282729,10.314985515302705,12.5,24.0,0.7913043478260869,52.10412694184109,54.0,24.0
2021,5,regular,,401282647,9.600150305643504,14.5,6.0,0.7717391304347826,46.24892490036481,46.5,32.0
2021,5,regular,,401282800,4.946136450385621,11.5,49.0,0.6695652173913044,39.389851994846964,51.5,63.0
2021,5,regular,,401282223,9.216331988376673,10.5,17.0,0.7652173913043478,56.223559381328066,66.5,79.0
2021,5,regular,,401309615,-5.707099525330601,-12.0,-2.0,0.3347826086956522,47.2130678455089,52.5,38.0
2021,5,regular,,401309865,5.645453392858323,2.5,3.0,0.6891304347826087,51.687193042814556,57.5,51.0
2021,5,regular,,401282217,-2.03686480287748,5.5,7.0,0.41739130434782606,52.20634933049386,48.5,49.0
2021,5,regular,,401282092,3.093064932074699,3.0,-5.0,0.6021739130434782,57.34194219952187,56.0,43.0
2021,5,regular,,401309866,2.97020572090333,3.0,-19.0,0.591304347826087,57.77540600475106,56.0,65.0
2021,5,regular,,401310713,17.48617517733303,25.5,6.0,0.9021739130434783,44.10400594558761,51.5,68.0
2021,5,regular,,401310712,-10.469057138561153,-10.5,3.0,0.21304347826086956,61.07549154174431,64.5,51.0
2021,6,regular,,401309616,-28.043878653033694,-20.0,-32.0,0.020761245674740483,71.23931565802413,74.5,72.0
2021,6,regular,,401301017,-9.667685279578215,-6.5,-18.0,0.22491349480968859,65.47854774698169,60.0,62.0
2021,6,regular,,401282224,-6.242770248494363,-3.5,-12.0,0.33217993079584773,54.902112507957554,60.5,78.0
2021,6,regular,,401301018,36.6015666350618,30.0,49.0,0.9982698961937716,52.56454949993844,52.5,55.0
2021,6,regular,,401309868,14.206231804807848,13.5,18.0,0.8477508650519031,53.443260583365785,53.5,38.0
2021,6,regular,,401282100,3.0487364145657736,5.0,1.0,0.5934256055363322,62.01617914468599,66.5,103.0
2021,6,regular,,401287918,-0.6196003935763944,-4.0,-7.0,0.4930795847750865,66.33728155068599,65.0,103.0
2021,6,regular,,401282102,8.64960796548359,10.5,25.0,0.7335640138408305,50.60988496890198,56.5,65.0
2021,6,regular,,401309564,13.863794064004374,13.0,-2.0,0.8391003460207612,53.86999710377201,51.0,42.0
2021,6,regular,,401309566,10.429610057958442,14.0,-15.0,0.7768166089965398,47.872198586864826,46.0,55.0
2021,6,regular,,401282769,18.573758067615543,21.5,49.0,0.9065743944636678,64.7270844434083,71.5,83.0
2021,6,regular,,401282788,-2.2784983608801954,-4.0,-18.0,0.4342560553633218,52.499403649923025,49.5,44.0
2021,6,regular,,401287917,0.21779971060102654,1.0,25.0,0.513840830449827,45.71307229954633,45.0,65.0
2021,6,regular,,401282098,35.417568471202166,39.0,42.0,0.9982698961937716,51.69964773073763,60.0,42.0
2021,6,regular,,401282652,-4.508098030052949,-4.5,-4.0,0.3754325259515571,57.35831446480748,60.5,58.0
2021,6,regular,,401282226,11.486118540702536,21.0,7.0,0.7975778546712803,56.20619553218651,62.5,33.0
2021,6,regular,,401282653,-0.027012958332778614,2.5,-1.0,0.5103806228373703,59.62041537422225,69.5,67.0
2021,6,regular,,401282225,4.708410033038,3.5,17.0,0.6453287197231834,45.12129090082402,49.0,45.0
2021,6,regular,,401286191,-2.650476252180819,-3.0,14.0,0.4273356401384083,59.39324019211564,57.0,40.0
2021,6,regular,,401282097,-18.853646729933008,-14.5,-24.0,0.07093425605536333,49.93923625526217,45.5,44.0
2021,6,regular,,401282229,18.917330465487694,20.0,28.0,0.9117647058823529,58.38019056668696,59.0,54.0
2021,6,regular,,401282654,16.135436171770994,17.5,-10.0,0.8719723183391004,62.40628813268226,64.5,60.0
2021,6,regular,,401282655,-11.752121120920236,-6.0,-3.0,0.18685121107266436,53.730030741189736,58.5,77.0
2021,6,regular,,401282718,-8.950636296601942,-12.0,-24.0,0.24740484429065743,43.16587050720325,42.0,24.0
2021,6,regular,,401310715,-1.928482246363703,3.5,18.0,0.4411764705882353,45.37075689535598,44.5,46.0
2021,6,regular,,401309567,-2.3338964531253437,-5.0,-3.0,0.4342560553633218,52.54577468990424,57.5,57.0
2021,6,regular,,401301021,-23.25270449538319,-13.5,-7.0,0.03806228373702422,55.566242582217434,56.5,55.0
2021,6,regular,,401309563,14.510760128182053,12.5,-25.0,0.8494809688581315,53.14165418595628,57.5,65.0
2021,6,regular,,401308836,-0.4156213153627888,-2.5,1.0,0.5017301038062284,54.79118605428733,58.5,25.0
2021,6,regular,,401309913,8.19082873128702,6.0,-9.0,0.726643598615917,52.547327056778975,58.0,43.0
2021,6,regular,,401282758,5.960235363505088,2.5,3.0,0.6730103806228374,41.65886756314441,41.0,43.0
2021,6,regular,,401282101,7.8933270252172205,18.5,13.0,0.7197231833910035,64.9102385971603,69.0,83.0
2021,6,regular,,401309869,-11.072425594513561,-4.0,7.0,0.1972318339100346,57.88356221485044,59.0,55.0
2021,6,regular,,401301019,5.848564721531169,10.0,4.0,0.671280276816609,70.88247686593951,65.5,36.0
2021,6,regular,,401287919,-0.8925872067226293,-2.5,-21.0,0.4826989619377163,63.21273150315409,60.5,83.0
2021,6,regular,,401309617,6.612081723705239,5.5,3.0,0.6816608996539792,46.123311919225614,50.5,51.0
2021,6,regular,,401309565,-0.36084254093137047,7.0,10.0,0.5017301038062284,60.42300991420315,66.0,86.0
2021,6,regular,,401310714,7.695873415161403,5.5,10.0,0.7093425605536332,48.62642184892425,46.5,38.0
2021,6,regular,,401309619,-8.10581285673278,-4.0,2.0,0.2698961937716263,50.97995026368671,52.5,64.0
2021,6,regular,,401282227,-3.2810739030148732,-1.5,-13.0,0.4100346020761246,47.55388174589737,46.0,39.0
2021,6,regular,,401282228,-5.412351366274484,3.5,-6.0,0.3546712802768166,57.67274576071796,71.5,98.0
2021,6,regular,,401282099,2.3221225688868015,2.0,21.0,0.5761245674740484,48.727120694436394,50.5,63.0
2021,6,regular,,401282656,-6.614845882760717,1.0,-3.0,0.32698961937716264,47.3611471338473,47.0,61.0
2021,6,regular,,401282778,-9.304758293662259,-2.5,-3.0,0.2370242214532872,51.995984590094956,50.0,61.0
2021,6,regular,,401282103,-16.276653234868142,-18.5,3.0,0.10553633217993079,49.85016884875838,51.0,79.0
2021,6,regular,,401309871,4.226053094637974,3.0,-16.0,0.6349480968858131,54.66838490994654,52.5,68.0
2021,6,regular,,401309618,-8.184800711793908,-16.0,-34.0,0.2698961937716263,57.777196468554116,49.5,76.0
2021,6,regular,,401301020,-4.164683918338446,3.0,6.0,0.3892733564013841,58.22782990208536,60.5,64.0
2021,6,regular,,401310716,19.67986732688324,19.5,24.0,0.9290657439446367,47.346175501085085,42.5,38.0
2021,6,regular,,401310717,18.83841620857894,28.5,27.0,0.9100346020761245,57.22795538459255,65.0,83.0
2021,6,regular,,401309870,-17.767361687248993,-16.0,-18.0,0.08304498269896193,58.44814995009001,61.0,50.0
2021,7,regular,,401309620,-5.39782243939978,-4.0,28.0,0.34502923976608185,50.02990226080345,57.5,54.0
2021,7,regular,,401309621,3.83837065250728,2.5,27.0,0.6140350877192983,47.62912543517085,49.5,55.0
2021,7,regular,,401301022,14.664885863058986,11.0,18.0,0.8538011695906432,56.44639010427241,55.5,52.0
2021,7,regular,,401282231,-15.253158369397363,-11.0,-28.0,0.12573099415204678,56.64480057497422,66.0,70.0
2021,7,regular,,401282657,-10.315665802608478,-13.5,-3.0,0.22660818713450293,43.489539883609005,44.0,31.0
2021,7,regular,,401310723,-11.711640547180544,-9.5,-6.0,0.19298245614035087,42.44966789981552,41.0,32.0
2021,7,regular,,401309872,16.31867953881125,13.5,7.0,0.8830409356725146,51.15082410948068,53.5,41.0
2021,7,regular,,401287924,6.861149205978749,3.5,-8.0,0.6988304093567251,60.20902031408109,61.0,56.0
2021,7,regular,,401282104,3.0490638509348753,4.5,-15.0,0.597953216374269,52.960625048613615,54.5,61.0
2021,7,regular,,401282108,-14.995478580518443,-11.5,-21.0,0.12719298245614036,58.447220975091724,59.5,49.0
2021,7,regular,,401282807,-5.252899190903699,-2.5,14.0,0.34941520467836257,44.06328797320216,45.0,28.0
2021,7,regular,,401282731,-7.013283154842043,-3.5,-5.0,0.2953216374269006,50.85216973623821,48.5,35.0
2021,7,regular,,401309571,11.81216710758183,7.5,1.0,0.8026315789473685,55.395187275427276,54.5,53.0
2021,7,regular,,401301024,-4.519036457341102,-7.0,-1.0,0.37280701754385964,54.480819333121765,55.5,63.0
2021,7,regular,,401282796,-1.5669848068431635,-4.5,7.0,0.4678362573099415,47.60023361056222,48.5,53.0
2021,7,regular,,401301023,21.392698566320036,21.5,35.0,0.9444444444444444,61.277932127719254,56.0,77.0
2021,7,regular,,401282106,-10.46740896441149,-12.5,7.0,0.22076023391812866,56.87515156703887,61.0,91.0
2021,7,regular,,401282660,12.252723829154256,10.5,48.0,0.8128654970760234,61.88314424740512,69.5,48.0
2021,7,regular,,401309568,1.699171797182747,-1.0,-7.0,0.5570175438596491,54.690272505760305,55.0,69.0
2021,7,regular,,401308837,17.309921543059033,20.0,13.0,0.8976608187134503,50.88440484905654,51.0,55.0
2021,7,regular,,401309622,-7.3701266762657,-7.5,-3.0,0.2880116959064328,52.573228004133895,48.5,59.0
2021,7,regular,,401309569,-10.978036545453215,-5.0,3.0,0.20614035087719298,49.691349798308465,53.0,49.0
2021,7,regular,,401309572,4.960966720268446,7.0,33.0,0.6447368421052632,62.754073465806556,68.5,95.0
2021,7,regular,,401310721,-2.866569161435063,-3.0,-17.0,0.43128654970760233,55.107269162202414,53.5,17.0
2021,7,regular,,401282232,0.19165406729701662,-13.5,-23.0,0.5190058479532164,62.281503417051795,66.5,63.0
2021,7,regular,,401282234,-19.440593929077796,-17.0,-34.0,0.06578947368421052,45.25364304651107,43.5,34.0
2021,7,regular,,401287920,-2.3346173868124787,5.5,14.0,0.4415204678362573,49.78359317958718,52.5,62.0
2021,7,regular,,401282105,24.809426487446615,21.5,17.0,0.9692982456140351,43.760179558976645,44.5,43.0
2021,7,regular,,401282760,14.594875953472815,11.5,-17.0,0.8538011695906432,40.433644103016555,42.5,31.0
2021,7,regular,,401282661,-8.830414177827373,-6.5,-21.0,0.25,58.01596245699045,56.0,35.0
2021,7,regular,,401282659,4.804565469819974,7.5,3.0,0.6374269005847953,60.72231544881926,63.5,87.0
2021,7,regular,,401309875,4.900756667537865,6.0,34.0,0.6432748538011696,44.511913957503445,46.5,34.0
2021,7,regular,,401309570,13.055270009972645,9.0,8.0,0.8333333333333334,49.358406224244646,45.0,60.0
2021,7,regular,,401287921,-17.987875837499406,-18.5,-27.0,0.08187134502923976,68.67384613502001,68.5,55.0
2021,7,regular,,401282109,15.393971996050814,18.5,1.0,0.868421052631579,47.088719790096036,50.0,41.0
2021,7,regular,,401282233,17.81844707897687,17.0,45.0,0.9064327485380117,52.52836105333264,53.5,45.0
2021,7,regular,,401282107,-18.435185487205008,-17.5,-40.0,0.0804093567251462,57.93875564220161,59.5,58.0
2021,7,regular,,401310719,-7.311245009938008,-13.0,-29.0,0.2894736842105263,48.19000812595457,45.0,43.0
2021,7,regular,,401286296,-31.957886340034513,-32.5,3.0,0.008771929824561403,54.75717729500856,56.5,59.0
2021,7,regular,,401310720,-5.187343616504263,-7.0,-4.0,0.34941520467836257,57.51399798137315,64.0,52.0
2021,7,regular,,401287923,8.183645532462103,12.5,21.0,0.7178362573099415,63.08158492400139,64.5,83.0
2021,7,regular,,401282110,-1.183783741176439,-1.0,-5.0,0.47953216374269003,71.00323428179485,82.5,57.0
2021,7,regular,,401309873,-2.5950237919482335,1.0,3.0,0.43859649122807015,51.38461506373329,53.0,65.0
2021,7,regular,,401282658,-2.3020910057503072,-3.0,-26.0,0.4415204678362573,51.083037856197436,51.0,40.0
2021,7,regular,,401287922,-3.6455220258299113,-6.5,-13.0,0.402046783625731,49.21014092367703,51.0,53.0
2021,7,regular,,401282826,3.886354155191175,14.0,6.0,0.6140350877192983,41.055698860305974,37.5,34.0
2021,7,regular,,401309874,-3.5943748181469317,1.5,-7.0,0.4064327485380117,52.78929695949408,55.5,41.0
2021,7,regular,,401282230,-2.473084937692308,-6.5,16.0,0.4415204678362573,54.71904609680749,55.5,22.0
2021,7,regular,,401310718,2.8572469572133006,3.0,-7.0,0.5891812865497076,50.928201567609236,52.0,41.0
2021,7,regular,,401309876,-5.295225026639664,1.5,14.0,0.347953216374269,51.38068177626643,51.5,56.0
2021,7,regular,,401310722,10.331946920401004,14.0,17.0,0.7719298245614035,59.226366510850205,61.5,51.0
2021,8,regular,,401309623,-6.0260816010447,-4.5,3.0,0.3274336283185841,54.96479930854712,60.5,57.0
2021,8,regular,,401282235,-4.2024908280447635,-6.5,-29.0,0.37673830594184576,50.26306398998932,58.0,47.0
2021,8,regular,,401309624,-21.867254590864675,-18.0,-1.0,0.04804045512010114,66.37376512365483,70.0,55.0
2021,8,regular,,401301025,16.010324904903236,14.0,29.0,0.8761061946902655,71.22993226756111,70.5,81.0
2021,8,regular,,401310729,-7.456682651940124,-6.0,-7.0,0.29835651074589126,44.94951143230279,44.0,47.0
2021,8,regular,,401282239,-11.528051530056793,-14.0,-31.0,0.19216182048040456,58.21497796627256,54.0,57.0
2021,8,regular,,401301026,2.904742442867634,1.0,17.0,0.5865992414664981,70.79112789935667,63.0,31.0
2021,8,regular,,401310725,-1.2402880074018625,-3.0,2.0,0.49051833122629585,55.04872067853704,58.5,50.0
2021,8,regular,,401309877,-17.033971847532882,-17.0,-5.0,0.0922882427307206,42.289827466214696,45.5,37.0
2021,8,regular,,401282717,24.92493340109932,24.5,-2.0,0.9734513274336283,44.3745668933621,45.5,38.0
2021,8,regular,,401309574,-10.481947277511033,-4.0,-31.0,0.21491782553729458,48.83668335146161,50.0,79.0
2021,8,regular,,401309577,-0.1939942467533593,6.0,-1.0,0.5132743362831859,57.6427784145681,56.0,77.0
2021,8,regular,,401301027,-37.500395466952135,-28.5,-7.0,0.0012642225031605564,48.544413386472165,48.5,47.0
2021,8,regular,,401282662,-2.007022473966087,-3.0,-14.0,0.4589127686472819,54.34196758024079,54.0,126.0
2021,8,regular,,401282779,22.046304291554442,23.5,26.0,0.9494310998735778,49.072417530923055,51.0,40.0
2021,8,regular,,401282663,21.807973474658876,35.5,56.0,0.9481668773704172,57.26053509001782,59.0,62.0
2021,8,regular,,401287926,-35.79780295247666,-38.5,-12.0,0.0025284450063211127,65.95628443002958,66.5,58.0
2021,8,regular,,401287928,-0.882938755630039,-1.0,-1.0,0.49810366624525915,59.77018345270376,60.5,49.0
2021,8,regular,,401282668,3.2851467972525805,3.5,-5.0,0.606826801517067,45.82679009968085,45.5,77.0
2021,8,regular,,401309576,-5.4819722082146445,-5.5,-7.0,0.3438685208596713,62.69230942895301,68.5,61.0
2021,8,regular,,401309625,8.02530464387352,10.5,12.0,0.7168141592920354,64.74390522936656,58.5,44.0
2021,8,regular,,401282821,1.4116568767468678,-3.5,-17.0,0.5474083438685209,36.817950627883164,41.0,43.0
2021,8,regular,,401287925,4.154988807870724,7.0,3.0,0.6283185840707964,45.858294295258574,47.0,45.0
2021,8,regular,,401282113,5.771242414182196,9.0,14.0,0.661188369152971,72.88869003047171,77.0,48.0
2021,8,regular,,401310726,17.50373767944287,20.0,-11.0,0.9077117572692794,43.36167841468824,40.5,17.0
2021,8,regular,,401309878,4.692330091231371,8.5,23.0,0.638432364096081,41.04616527144874,44.0,29.0
2021,8,regular,,401309879,1.3300509400402447,1.0,-3.0,0.5436156763590392,59.63236805709222,61.5,65.0
2021,8,regular,,401309575,-12.40602527110889,-13.5,-35.0,0.17699115044247787,58.12970092241264,58.0,55.0
2021,8,regular,,401309881,-8.452087670626737,-3.5,-2.0,0.26548672566371684,50.955276429910356,56.5,40.0
2021,8,regular,,401308838,2.476360680255661,3.5,-7.0,0.5739570164348925,50.626689022490666,53.0,41.0
2021,8,regular,,401309573,0.7365998469023702,-1.5,19.0,0.5372945638432364,53.06985028682789,54.5,49.0
2021,8,regular,,401282238,24.544188659802632,23.5,-6.0,0.9683944374209861,43.80708881046915,44.5,54.0
2021,8,regular,,401282767,5.133885833949555,4.0,18.0,0.6447534766118836,54.773949315680916,53.0,50.0
2021,8,regular,,401282666,5.72887663216704,3.5,10.0,0.6586599241466498,49.6239792142948,47.0,44.0
2021,8,regular,,401282664,2.0707972553458327,4.0,14.0,0.5625790139064475,54.859332316686015,57.5,42.0
2021,8,regular,,401282240,-23.06286482256824,-21.0,-9.0,0.040455120101137804,58.233058530980486,61.0,61.0
2021,8,regular,,401282115,-18.474746407057992,-20.5,-39.0,0.07964601769911504,46.50214909417305,53.0,51.0
2021,8,regular,,401301028,12.086257695592103,13.5,7.0,0.809102402022756,57.17344626469773,56.5,55.0
2021,8,regular,,401282237,-8.657186339472029,-5.5,-29.0,0.2528445006321112,57.08035581175696,59.5,61.0
2021,8,regular,,401282236,-12.420337315793784,-16.5,-15.0,0.17699115044247787,68.49545312297715,77.5,53.0
2021,8,regular,,401310727,4.882776084869231,3.5,2.0,0.6422250316055625,58.6552611268319,64.5,66.0
2021,8,regular,,401310724,3.3071173925501554,3.0,-6.0,0.6093552465233881,44.749896560654406,39.0,34.0
2021,8,regular,,401282111,23.433939250631603,25.5,28.0,0.9595448798988622,63.250640597482956,68.0,76.0
2021,8,regular,,401301029,2.905575304167682,1.5,20.0,0.5865992414664981,57.739033107998175,55.0,48.0
2021,8,regular,,401309626,-13.628723636961972,-13.5,10.0,0.14664981036662453,50.49533259330441,51.0,72.0
2021,8,regular,,401282709,11.252098630551256,7.5,15.0,0.7926675094816688,59.443588644082666,59.5,47.0
2021,8,regular,,401282114,20.394432213156236,19.5,30.0,0.9418457648546145,41.96105816404023,46.0,58.0
2021,8,regular,,401282730,-19.829366757966795,-21.0,-47.0,0.061946902654867256,59.8518618662421,59.0,61.0
2021,8,regular,,401309880,-2.510198993985335,-3.0,8.0,0.44121365360303416,57.5440463184587,58.0,76.0
2021,8,regular,,401287927,4.924915855194524,4.5,-12.0,0.6434892541087232,53.20604329622692,58.0,46.0
2021,8,regular,,401282665,-6.812665371268658,-3.5,1.0,0.3122629582806574,54.360050546454886,54.5,61.0
2021,8,regular,,401282667,7.54595245140011,6.5,8.0,0.7054361567635904,56.739086716597654,65.5,88.0
2021,8,regular,,401310728,14.002769250747392,18.5,14.0,0.854614412136536,59.79326784446485,62.75,82.0
2021,9,regular,,401301033,9.0561712047476,9.5,15.0,0.7402885682574917,58.78617020453372,55.5,43.0
2021,9,regular,,401309627,20.237238730757383,17.0,7.0,0.9334073251942286,50.153014502493974,50.0,63.0
2021,9,regular,,401301030,12.246930066026612,11.0,-3.0,0.8146503884572697,47.156648987091536,46.0,37.0
2021,9,regular,,401310734,21.14920751152371,19.0,31.0,0.9389567147613762,57.535029963100385,58.5,71.0
2021,9,regular,,401309631,20.34537947973894,21.0,45.0,0.9345172031076582,54.86576989126085,58.0,45.0
2021,9,regular,,401286297,33.84359134430169,35.5,45.0,0.9966703662597114,56.519030640529174,56.0,79.0
2021,9,regular,,401282763,-0.6863820713057445,3.0,20.0,0.5061043285238623,35.83353769317186,36.0,34.0
2021,9,regular,,401301031,-15.333947754996489,-11.5,-42.0,0.11986681465038845,60.43996217529532,52.0,56.0
2021,9,regular,,401282674,13.29047384813546,9.5,-4.0,0.8301886792452831,62.91219794353885,61.0,72.0
2021,9,regular,,401309578,17.68779112260879,13.5,-12.0,0.8967813540510544,51.024028832599065,51.5,100.0
2021,9,regular,,401287929,0.47952647228347145,2.5,7.0,0.5316315205327414,66.26383323642166,61.5,55.0
2021,9,regular,,401301032,-26.311745953526295,-28.0,-19.0,0.02774694783573807,65.76348268088432,61.5,43.0
2021,9,regular,,401282671,2.497408416058425,3.5,-9.0,0.5871254162042175,52.711128958632386,55.5,43.0
2021,9,regular,,401282726,3.4505648935255957,3.5,3.0,0.6104328523862376,52.412423783917994,48.0,73.0
2021,9,regular,,401282777,-6.820182423809752,-4.0,4.0,0.30854605993340734,54.7113564568194,50.5,70.0
2021,9,regular,,401282719,-2.432509096545904,-1.5,-6.0,0.4406215316315205,43.63719269769058,41.5,34.0
2021,9,regular,,401282246,4.576161851358218,1.5,-6.0,0.634850166481687,55.446324574552264,55.0,54.0
2021,9,regular,,401287933,-5.272523550517979,-7.5,7.0,0.34406215316315203,46.00386599507944,49.0,69.0
2021,9,regular,,401310731,1.6025259016911944,4.5,20.0,0.562708102108768,58.73701750529933,66.0,82.0
2021,9,regular,,401309885,14.867323140585428,16.5,-13.0,0.8523862375138734,51.30643657696493,54.5,55.0
2021,9,regular,,401282119,-11.16785284885026,-16.0,-9.0,0.2142064372918979,60.72691290263295,62.5,65.0
2021,9,regular,,401282675,2.275307550063501,6.5,15.0,0.5771365149833518,51.84663447365659,51.5,27.0
2021,9,regular,,401287930,2.422874893886333,3.5,19.0,0.58157602663707,54.84253344350239,58.5,43.0
2021,9,regular,,401282670,12.80934626261873,9.5,10.0,0.8224195338512763,43.749161853266045,47.5,50.0
2021,9,regular,,401287931,14.41584862984275,19.0,31.0,0.8479467258601554,68.77900202587226,67.0,73.0
2021,9,regular,,401282117,-15.5463680360192,-14.0,-27.0,0.11542730299667037,52.47759199469442,50.5,41.0
2021,9,regular,,401282801,0.04196822804402078,7.5,-5.0,0.516093229744728,44.39227153068834,54.0,51.0
2021,9,regular,,401282242,22.655020582916627,21.5,38.0,0.9533851276359601,58.01001660844296,64.0,38.0
2021,9,regular,,401309628,24.56613491520666,27.0,31.0,0.9633740288568258,56.41088927105716,57.5,87.0
2021,9,regular,,401282245,11.866892515655078,12.5,25.0,0.8057713651498335,53.11613546036729,47.5,45.0
2021,9,regular,,401282795,-9.347731773341687,-7.5,-27.0,0.2486126526082131,42.67956109769833,44.0,55.0
2021,9,regular,,401282244,1.689423055974567,-4.0,3.0,0.5638179800221975,54.930472638504185,52.5,43.0
2021,9,regular,,401309884,20.301891888032657,24.5,23.0,0.9345172031076582,46.7100117110526,49.5,81.0
2021,9,regular,,401310732,0.21369353224374546,3.0,6.0,0.5183129855715871,37.461442510205,40.5,48.0
2021,9,regular,,401282241,9.6140843438362,19.5,32.0,0.7569367369589345,62.74071174179987,72.0,58.0
2021,9,regular,,401282676,23.81440097203109,16.5,38.0,0.9600443951165372,66.64442596107898,71.5,52.0
2021,9,regular,,401309629,11.805025093544725,9.0,18.0,0.804661487236404,63.84472090533465,66.0,44.0
2021,9,regular,,401282243,10.20989904699838,10.5,3.0,0.7713651498335183,42.65140082061512,49.0,53.0
2021,9,regular,,401309630,-5.359927783913907,-6.0,-7.0,0.3407325194228635,56.84162312036694,55.0,35.0
2021,9,regular,,401310730,-7.635379433105782,-2.0,-9.0,0.293007769145394,52.624684932669446,51.5,47.0
2021,9,regular,,401309886,21.719871133089757,21.5,7.0,0.9445061043285239,53.30286045714942,55.5,75.0
2021,9,regular,,401309882,-5.809599936832649,-2.0,14.0,0.33074361820199777,53.357025959324574,56.5,64.0
2021,9,regular,,401301034,-0.1514844938710197,-1.0,7.0,0.5138734739178691,62.0695868821329,61.5,81.0
2021,9,regular,,401282116,0.463151325442144,3.0,11.0,0.5316315205327414,63.64879603525499,67.5,51.0
2021,9,regular,,401287932,30.999732471194253,29.0,52.0,0.9933407325194229,51.40170666180312,54.5,58.0
2021,9,regular,,401282118,-1.2324489236162155,1.0,14.0,0.48612652608213097,43.96188447210544,47.0,48.0
2021,9,regular,,401282814,14.12314840776516,18.5,9.0,0.8435072142064373,59.68946785796851,60.5,57.0
2021,9,regular,,401282673,10.588355506691473,3.5,10.0,0.781354051054384,61.679581496268,62.5,78.0
2021,9,regular,,401282672,7.086047790542546,6.0,15.0,0.7036625971143174,53.435028607009045,57.0,41.0
2021,9,regular,,401309887,3.226452694183125,6.5,20.0,0.6059933407325194,60.534850943896316,60.5,68.0
2021,9,regular,,401282669,1.9427936092955633,2.5,17.0,0.5682574916759157,54.85794357388751,66.5,115.0
2021,9,regular,,401309883,-0.8420195022815053,2.5,-7.0,0.5005549389567148,45.80955926714577,46.0,33.0
2021,9,regular,,401310733,4.095848946520474,-2.5,-10.0,0.6237513873473918,49.741958283424616,44.5,50.0
2021,10,regular,,401309579,-15.480042195883865,-20.0,-6.0,0.11770524233432245,55.44329033908579,57.5,56.0
2021,10,regular,,401308839,-9.481554767721416,-7.0,2.0,0.23936696340257171,46.601437897693,54.5,68.0
2021,10,regular,,401309580,8.160175339180899,9.5,-3.0,0.7240356083086054,52.30326977479856,54.5,101.0
2021,10,regular,,401309582,2.6374838292630356,3.5,5.0,0.5984174085064293,67.74789452095688,72.0,99.0
2021,10,regular,,401309581,11.241669824636489,9.0,-12.0,0.7952522255192879,59.45991574913501,64.5,72.0
2021,10,regular,,401309632,13.118769774226763,13.5,4.0,0.8239366963402571,51.17674891675662,53.5,38.0
2021,10,regular,,401282677,-1.072459556045736,-1.0,14.0,0.4846686449060336,44.560228695468126,51.0,20.0
2021,10,regular,,401309888,-10.26207362386506,-11.0,-45.0,0.2205736894164194,54.284320720655515,51.5,59.0
2021,10,regular,,401310253,1.150284555268132,2.5,-7.0,0.5578635014836796,51.26426566977213,37.5,35.0
2021,10,regular,,401282678,-22.54231377833579,-21.0,-25.0,0.04549950544015826,61.51146712417517,64.5,83.0
2021,10,regular,,401282799,-17.94011199392341,-14.0,-9.0,0.0820969337289812,61.00789311526036,67.5,43.0
2021,10,regular,,401301039,-8.767006000425269,-3.5,3.0,0.2551928783382789,67.88818840430905,70.5,53.0
2021,10,regular,,401282250,13.036285457948434,13.5,14.0,0.8239366963402571,49.73724340624726,49.0,90.0
2021,10,regular,,401282124,1.2425525091237735,7.5,13.0,0.5628090999010881,65.64325086057933,67.0,41.0
2021,10,regular,,401282122,38.072128040029654,40.0,37.0,0.9980217606330366,60.25397578810892,59.5,49.0
2021,10,regular,,401287935,-26.78723581006301,-24.0,-25.0,0.025717111770524232,53.92472253434835,55.5,45.0
2021,10,regular,,401282720,15.120993162576712,14.5,-8.0,0.8635014836795252,44.507692424982025,44.0,20.0
2021,10,regular,,401282682,-7.584919645994289,2.5,3.0,0.28486646884273,71.96668932551813,78.0,113.0
2021,10,regular,,401282681,8.78453167243579,10.0,3.0,0.7388724035608308,58.80938435118527,63.0,63.0
2021,10,regular,,401309633,-23.87177355818354,-21.5,-34.0,0.036597428288822946,67.73246735817308,68.0,62.0
2021,10,regular,,401301035,18.707468355930164,15.5,42.0,0.9090009891196835,55.42765711410854,52.5,48.0
2021,10,regular,,401309635,4.1078990057970595,3.0,8.0,0.6350148367952523,63.467800474235474,57.5,46.0
2021,10,regular,,401309889,-15.124486730503856,-7.0,7.0,0.12363996043521266,45.270851087202324,47.0,13.0
2021,10,regular,,401282252,-2.0114792182076826,-5.5,-24.0,0.4619188921859545,53.255877779077196,49.0,52.0
2021,10,regular,,401282126,6.286277164293217,4.5,17.0,0.6824925816023739,45.31269738331439,49.5,23.0
2021,10,regular,,401287937,-3.457738425291457,-3.5,-21.0,0.41444114737883286,44.53671442959788,49.0,27.0
2021,10,regular,,401287936,-6.734336894812505,-7.5,2.0,0.3115727002967359,56.385860107679285,57.0,58.0
2021,10,regular,,401282251,8.138308978315363,17.5,27.0,0.7240356083086054,65.06966224570091,66.5,69.0
2021,10,regular,,401310736,-0.05627102505962056,-3.0,14.0,0.5252225519287834,44.34605917741128,41.5,48.0
2021,10,regular,,401282710,28.204063249691536,21.0,28.0,0.9792284866468842,49.00276450000878,47.5,40.0
2021,10,regular,,401309636,1.7624833535356756,3.5,7.0,0.5786350148367952,42.93028964320318,47.5,55.0
2021,10,regular,,401282768,-11.335147820754912,-10.0,-17.0,0.19386745796241345,53.453279876572566,56.5,45.0
2021,10,regular,,401282787,-0.2526804639616804,-2.5,11.0,0.5143422354104846,47.67127129188971,53.5,69.0
2021,10,regular,,401282247,5.33422166493648,6.5,7.0,0.6656775469831849,51.2863144884114,52.5,55.0
2021,10,regular,,401282824,-12.90376679873293,-13.0,-49.0,0.16221562809099901,38.70504984160842,37.5,55.0
2021,10,regular,,401301037,27.15374952817711,22.5,8.0,0.9762611275964391,50.55036470530055,56.0,48.0
2021,10,regular,,401301036,13.633001027420354,13.5,4.0,0.8407517309594461,70.14054289353682,57.0,24.0
2021,10,regular,,401282121,0.550575994205746,4.0,3.0,0.543026706231454,52.82408528177198,53.5,59.0
2021,10,regular,,401310738,-13.067353930642552,-18.5,-22.0,0.1572700296735905,64.33271719954824,72.5,48.0
2021,10,regular,,401282679,-9.589915202268177,-3.0,-14.0,0.23936696340257171,53.09612089265986,55.5,42.0
2021,10,regular,,401282249,-4.059605781218732,-1.5,-15.0,0.3897131552917903,49.918277617051615,57.5,41.0
2021,10,regular,,401309634,-21.120220619469144,-16.0,-20.0,0.05539070227497527,55.6108560870187,56.5,36.0
2021,10,regular,,401282120,24.649444871912667,29.0,6.0,0.9653808110781404,66.92760834015887,67.0,34.0
2021,10,regular,,401309891,-11.364621476741084,-11.5,3.0,0.19188921859545005,53.93267493040759,55.5,71.0
2021,10,regular,,401310735,0.13082836539627082,4.0,-26.0,0.5321463897131553,54.917880917498586,61.0,54.0
2021,10,regular,,401282757,-17.748171802008727,-12.0,-5.0,0.0820969337289812,37.93816020495888,40.5,29.0
2021,10,regular,,401310737,4.260033640528302,1.5,-14.0,0.6369930761622157,47.7331662320008,45.0,48.0
2021,10,regular,,401282123,4.630374727158855,-1.0,-3.0,0.645895153313551,49.894521295477205,57.5,87.0
2021,10,regular,,401282248,-8.157182678755625,-3.0,-23.0,0.26904055390702275,53.66626187503705,50.0,71.0
2021,10,regular,,401301038,-16.501319299442308,-13.5,-12.0,0.09990108803165183,57.107999590459684,53.0,96.0
2021,10,regular,,401282680,-5.538817710302147,-3.5,-6.0,0.35014836795252224,43.98656874793094,46.5,54.0
2021,10,regular,,401309890,-6.360536406357922,-7.0,-10.0,0.32443125618199803,48.337814355246636,48.0,42.0
2021,10,regular,,401287934,2.1412458119172073,6.0,23.0,0.5875370919881305,64.47927132429417,59.5,37.0
2021,10,regular,,401282727,20.321825562553315,20.5,22.0,0.9297725024727992,54.51554047935623,51.0,36.0
2021,10,regular,,401282125,-18.5553162139502,-20.5,23.0,0.0771513353115727,52.62530738717,52.0,57.0
2021,10,regular,,401310740,12.226886656847242,11.5,3.0,0.8090999010880316,51.261830880377545,55.5,51.0
2021,10,regular,,401282253,-11.087673870234568,-11.5,-21.0,0.19584569732937684,49.86198142671758,53.0,67.0
2021,10,regular,,401309892,7.722944671863171,9.5,15.0,0.7151335311572701,57.02368876995405,62.0,47.0
2021,10,regular,,401310739,-12.623310230815065,-7.0,-7.0,0.1651829871414441,51.449536153057494,45.5,27.0
2021,11,regular,,401308840,4.504089439976578,7.0,27.0,0.6448763250883393,54.98501271419994,58.0,63.0
2021,11,regular,,401309584,21.671398462757068,24.5,5.0,0.9399293286219081,59.81486327406263,62.0,85.0
2021,11,regular,,401309583,11.510052028018821,6.0,-8.0,0.8065371024734982,60.74220966629326,62.0,60.0
2021,11,regular,,401309587,0.25722364315007107,-2.5,1.0,0.5212014134275619,59.89635761125259,60.0,59.0
2021,11,regular,,401309585,-16.75971474583926,-10.5,-32.0,0.09628975265017668,49.264997992254635,50.0,66.0
2021,11,regular,,401309586,-0.8123213533830982,2.5,24.0,0.4911660777385159,67.61358337103741,76.5,84.0
2021,11,regular,,401282683,8.91838924904263,6.5,7.0,0.7491166077738516,73.74514023315788,72.0,53.0
2021,11,regular,,401301040,-27.059221542315925,-23.5,-17.0,0.022968197879858657,56.9681139704245,58.5,73.0
2021,11,regular,,401310742,16.092120291890456,13.5,10.0,0.8816254416961131,46.7744547532338,48.5,36.0
2021,11,regular,,401286304,3.208950339706781,-5.0,-25.0,0.6060070671378092,59.641081146597735,58.5,45.0
2021,11,regular,,401282806,25.21876615676215,25.5,28.0,0.9664310954063604,36.750499292591556,41.5,42.0
2021,11,regular,,401282780,-1.5247310276760841,-2.5,-4.0,0.4832155477031802,50.67522385537801,48.5,38.0
2021,11,regular,,401282127,45.649100196234855,50.5,56.0,0.9991166077738516,65.86417801483572,67.0,62.0
2021,11,regular,,401282128,4.029084926433464,5.5,-9.0,0.6307420494699647,49.056054506215716,51.0,77.0
2021,11,regular,,401282728,1.8511730518059073,6.5,-35.0,0.5671378091872792,46.3456321265262,42.5,41.0
2021,11,regular,,401282687,2.802747070560395,3.0,38.0,0.5918727915194346,54.36181920059238,55.5,44.0
2021,11,regular,,401287939,4.810314335052742,6.0,17.0,0.6484098939929329,44.17006465031401,47.0,51.0
2021,11,regular,,401282684,35.676162677259164,40.5,37.0,0.9973498233215548,43.739459389200334,50.5,51.0
2021,11,regular,,401301041,6.397349647995294,7.0,27.0,0.6943462897526502,65.61129356916629,61.5,83.0
2021,11,regular,,401301042,-0.5430259588981408,4.0,-1.0,0.5017667844522968,58.64126328545394,58.5,59.0
2021,11,regular,,401301043,-25.52261846565679,-24.5,-29.0,0.028268551236749116,58.627269057662275,52.5,45.0
2021,11,regular,,401287938,-2.610084396943533,-4.0,13.0,0.43992932862190814,61.95640397710591,62.5,41.0
2021,11,regular,,401309896,-25.514009953024278,-24.0,-9.0,0.028268551236749116,50.26702244050086,54.5,67.0
2021,11,regular,,401309639,16.44361812452561,12.5,-2.0,0.8869257950530035,56.0002739524727,53.5,82.0
2021,11,regular,,401282259,-15.663513690780917,-19.0,-21.0,0.11307420494699646,58.51646775323496,61.5,63.0
2021,11,regular,,401309637,17.11852293753149,21.5,24.0,0.8966431095406361,51.183706230013414,52.0,38.0
2021,11,regular,,401309640,-0.16474402127754667,2.0,-8.0,0.5123674911660777,53.129738979779404,52.0,68.0
2021,11,regular,,401282255,14.05555317772815,10.5,40.0,0.8480565371024735,60.89579492948825,55.0,60.0
2021,11,regular,,401282254,3.804171539712409,7.0,10.0,0.6210247349823321,58.64022801991233,57.5,74.0
2021,11,regular,,401309641,-8.186236012609248,-6.5,-14.0,0.27385159010600707,45.397179349697524,48.0,56.0
2021,11,regular,,401282133,-23.403128209628463,-19.5,-24.0,0.037102473498233215,53.35995004134125,55.5,58.0
2021,11,regular,,401282762,7.699138418256375,4.0,5.0,0.7217314487632509,40.418965414897066,37.0,49.0
2021,11,regular,,401282685,-5.272125324865008,-2.5,3.0,0.3586572438162544,57.79960432632691,61.5,59.0
2021,11,regular,,401287942,-10.328159302220344,-12.5,3.0,0.21908127208480566,59.846340991432385,55.5,79.0
2021,11,regular,,401282689,13.666178420211807,13.0,31.0,0.8365724381625441,49.79473614526344,50.5,65.0
2021,11,regular,,401282686,0.07431782757691507,-1.5,-11.0,0.5167844522968198,49.11213487610942,55.5,71.0
2021,11,regular,,401282256,-3.2842573225449203,-6.5,14.0,0.42579505300353354,48.37362745947639,48.0,46.0
2021,11,regular,,401282257,6.083904144338481,4.5,-7.0,0.6881625441696113,50.17970109838626,55.5,35.0
2021,11,regular,,401282812,16.087917164204665,19.0,28.0,0.8816254416961131,58.72372777690934,65.0,90.0
2021,11,regular,,401282260,30.297787355790014,32.5,10.0,0.9867491166077739,51.36871335470444,54.5,44.0
2021,11,regular,,401282132,0.31417733165733597,-1.5,3.0,0.5220848056537103,61.21953969294955,55.0,59.0
2021,11,regular,,401301044,-1.5172388556660974,-3.0,-7.0,0.4832155477031802,57.49162443644555,55.5,33.0
2021,11,regular,,401282258,-3.4111475662354445,1.0,3.0,0.4196113074204947,53.239403657563585,55.0,37.0
2021,11,regular,,401282771,11.592427071264423,11.5,19.0,0.8074204946996466,59.640113910020204,60.5,61.0
2021,11,regular,,401310745,-5.231481883740583,-3.5,14.0,0.3586572438162544,56.71235166039692,55.5,40.0
2021,11,regular,,401309638,2.0247436818600613,3.0,-3.0,0.5697879858657244,70.80259194456923,66.5,51.0
2021,11,regular,,401309894,8.999503083368968,12.5,21.0,0.7508833922261484,60.78327873129888,56.5,49.0
2021,11,regular,,401282131,-4.176165644835185,-1.0,10.0,0.392226148409894,54.06093553900216,57.5,48.0
2021,11,regular,,401310743,22.913083609470235,24.0,27.0,0.9549469964664311,49.13347855241807,51.0,41.0
2021,11,regular,,401309897,-6.824714166083604,-6.0,-5.0,0.3136042402826855,41.85649105199466,45.5,65.0
2021,11,regular,,401282134,-23.371378628301503,-21.5,-17.0,0.037102473498233215,47.128132790047765,52.5,51.0
2021,11,regular,,401310741,-8.546962435657504,-3.0,-14.0,0.26148409893992935,46.087471571997085,45.0,56.0
2021,11,regular,,401287941,31.966476359973306,31.0,-1.0,0.9929328621908127,66.30376768440757,61.5,113.0
2021,11,regular,,401282690,3.010344614670676,1.0,3.0,0.598939929328622,61.650561214517495,64.5,87.0
2021,11,regular,,401282688,-6.914498609793919,-8.5,-25.0,0.31095406360424027,62.53126926313024,62.0,31.0
2021,11,regular,,401282130,0.6851951997175346,-3.0,-3.0,0.5326855123674912,58.61495787723224,59.5,29.0
2021,11,regular,,401287940,12.622841680250833,11.0,46.0,0.8259717314487632,51.29745305539121,54.0,80.0
2021,11,regular,,401309898,14.611538845788587,18.0,24.0,0.8560070671378092,55.89976158253327,57.0,64.0
2021,11,regular,,401310746,3.747780236770346,2.5,2.0,0.6201413427561837,51.576549791588874,45.0,44.0
2021,11,regular,,401310744,-1.44501573784852,4.5,-31.0,0.4832155477031802,49.36255903578933,58.0,65.0
2021,11,regular,,401309895,11.875801736890148,13.5,14.0,0.8118374558303887,56.284652484843,57.5,62.0
2021,12,regular,,401309589,-12.973359501915148,-7.5,-12.0,0.15856573705179283,51.90072723714219,57.5,58.0
2021,12,regular,,401309588,-1.1234411637705475,-6.0,1.0,0.4820717131474104,67.01793994445006,66.0,43.0
2021,12,regular,,401308841,18.980196742826543,17.0,27.0,0.9163346613545816,48.727300186972755,52.0,41.0
2021,12,regular,,401309590,0.5270754626581529,-1.5,-6.0,0.5282868525896415,65.6517466611007,59.0,60.0
2021,12,regular,,401309591,1.429006758956148,-2.5,-20.0,0.5561752988047809,56.55590269966576,57.0,54.0
2021,12,regular,,401282691,-16.543688608918924,-20.0,-40.0,0.099601593625498,57.90878719469134,60.5,84.0
2021,12,regular,,401282264,14.093352873651307,15.5,-16.0,0.847011952191235,52.91420272263649,47.5,54.0
2021,12,regular,,401309899,14.933783106610644,14.5,26.0,0.8565737051792829,48.745045275460114,52.5,62.0
2021,12,regular,,401301045,11.439256895082831,9.5,18.0,0.803187250996016,61.99458417510577,59.0,44.0
2021,12,regular,,401310747,-0.33170408140198626,-1.5,-2.0,0.502788844621514,54.03964219069111,54.5,80.0
2021,12,regular,,401310751,-16.269402673165143,-11.0,-8.0,0.10597609561752988,45.128586376625954,41.0,48.0
2021,12,regular,,401309592,-11.729673726505853,-13.5,-38.0,0.18645418326693228,69.18248421213167,72.5,38.0
2021,12,regular,,401282263,7.85978695333595,10.5,35.0,0.7290836653386454,57.649513284569416,64.0,69.0
2021,12,regular,,401282693,-0.6500073305339789,3.5,21.0,0.49482071713147413,58.49619624075709,57.0,75.0
2021,12,regular,,401282786,16.208373757914735,19.5,49.0,0.8828685258964143,66.48012027258827,70.5,63.0
2021,12,regular,,401282808,-15.166218689942072,-11.0,-18.0,0.11952191235059761,43.96926979380821,47.5,46.0
2021,12,regular,,401282818,13.812403214697854,14.0,28.0,0.8422310756972111,43.86950696737505,45.0,28.0
2021,12,regular,,401282692,2.8866715909015377,3.0,-3.0,0.5928286852589641,49.98078645813955,55.5,49.0
2021,12,regular,,401282137,26.941045382420995,35.5,40.0,0.9752988047808765,56.06900332063063,61.0,72.0
2021,12,regular,,401286305,36.383109625535006,37.0,16.0,0.9976095617529881,59.022028789486086,56.0,50.0
2021,12,regular,,401282136,51.12300116039928,52.5,49.0,1.0,47.182191312551055,59.5,63.0
2021,12,regular,,401301048,4.191210313957913,5.5,31.0,0.6231075697211156,63.26594554918972,59.5,59.0
2021,12,regular,,401287947,-2.0918953556207533,2.5,8.0,0.45258964143426295,60.93912030949016,56.5,54.0
2021,12,regular,,401287944,2.8655960340993833,3.0,7.0,0.5928286852589641,59.455623040164085,59.0,49.0
2021,12,regular,,401309644,26.045324784643373,24.5,14.0,0.9681274900398407,60.33716411380699,60.0,56.0
2021,12,regular,,401282721,16.338628306273836,12.0,10.0,0.8836653386454183,36.37502344926765,38.5,56.0
2021,12,regular,,401309643,16.43025686142054,15.5,8.0,0.8844621513944223,66.68186414409965,65.5,48.0
2021,12,regular,,401282697,20.428274510057822,17.5,55.0,0.9306772908366534,54.625637855250964,58.0,55.0
2021,12,regular,,401309903,-8.866736396496973,-6.5,3.0,0.25657370517928285,42.462913163077815,43.0,37.0
2021,12,regular,,401301046,10.196605145576806,10.0,34.0,0.7872509960159363,63.87268356460629,65.5,62.0
2021,12,regular,,401301047,-11.713162972934116,-3.5,-3.0,0.18645418326693228,48.992147801990306,46.5,73.0
2021,12,regular,,401282261,-16.149188743998007,-14.5,-21.0,0.10756972111553785,53.43350322997747,62.0,77.0
2021,12,regular,,401282803,14.829290389236832,10.0,7.0,0.8557768924302789,41.1373835318478,43.5,63.0
2021,12,regular,,401282135,21.206052839170763,20.5,7.0,0.9354581673306773,60.17558257952647,58.5,77.0
2021,12,regular,,401282265,2.3519461207740964,3.0,-7.0,0.5792828685258964,55.88534916860369,49.0,41.0
2021,12,regular,,401309642,-13.686683740241516,-9.5,-38.0,0.14661354581673305,50.841180551412414,51.5,52.0
2021,12,regular,,401282267,4.877558028233449,4.0,3.0,0.6525896414342629,53.28580451552334,53.5,65.0
2021,12,regular,,401282698,10.206088629013788,13.5,10.0,0.7872509960159363,66.50030362042102,66.5,86.0
2021,12,regular,,401282732,-9.538586323989774,-7.5,-21.0,0.2350597609561753,45.506876344577464,43.5,49.0
2021,12,regular,,401282770,-17.58750213911367,-15.5,-41.0,0.08605577689243028,58.95119052552868,57.5,77.0
2021,12,regular,,401287945,21.730051119762486,21.0,3.0,0.9418326693227091,65.67490109653852,64.5,59.0
2021,12,regular,,401286293,25.773017797788995,30.0,32.0,0.9665338645418327,58.2465731138042,55.5,66.0
2021,12,regular,,401309645,-19.13587409143498,-20.0,-17.0,0.06772908366533864,54.07754275127759,57.5,51.0
2021,12,regular,,401282695,13.560247722390738,11.5,24.0,0.8398406374501992,49.27091798951012,49.5,58.0
2021,12,regular,,401309904,-3.110035986920339,-3.5,-29.0,0.4350597609561753,64.61194788402649,65.5,95.0
2021,12,regular,,401282266,10.269492351825743,9.0,10.0,0.7880478087649403,45.08638471191644,47.0,66.0
2021,12,regular,,401301049,18.279532409332187,21.5,34.0,0.9059760956175299,48.02749234812026,50.5,54.0
2021,12,regular,,401286298,1.4962364228507763,4.5,-28.0,0.5569721115537849,50.3138217337109,53.5,56.0
2021,12,regular,,401282141,-11.201316646416286,-9.0,1.0,0.1944223107569721,69.04985364843319,69.0,47.0
2021,12,regular,,401287943,-1.5072117290474432,2.5,-10.0,0.46693227091633466,47.03502907659151,50.0,30.0
2021,12,regular,,401282142,-11.33814137367762,-7.0,4.0,0.19282868525896416,49.70645302769225,45.0,38.0
2021,12,regular,,401282262,-7.9171831037650175,-10.0,-42.0,0.28764940239043824,60.13624695087414,57.5,56.0
2021,12,regular,,401309900,-2.283414629348696,-2.5,-30.0,0.447808764940239,44.05969227906414,46.0,52.0
2021,12,regular,,401282143,10.31154767729444,28.5,46.0,0.7888446215139442,54.397665513428535,61.5,74.0
2021,12,regular,,401309901,2.999004980954062,3.0,31.0,0.5984063745019921,60.281152947873565,58.5,45.0
2021,12,regular,,401282694,5.2132898700833294,7.0,12.0,0.6629482071713148,52.059618366478254,55.5,64.0
2021,12,regular,,401282139,32.12850368735259,36.0,14.0,0.9912350597609562,59.4872088189462,65.5,48.0
2021,12,regular,,401287946,-12.808998889798826,-10.0,-23.0,0.1601593625498008,57.96541090756792,55.0,23.0
2021,12,regular,,401310750,5.660142234019965,5.5,-27.0,0.6725099601593626,50.65995154119525,52.0,61.0
2021,12,regular,,401310748,29.43844158020464,27.5,37.0,0.9832669322709163,46.1693682927619,48.0,37.0
2021,12,regular,,401282138,22.681617447451405,29.0,13.0,0.9466135458167331,56.98068198041463,57.5,41.0
2021,12,regular,,401309902,-3.9738853726251384,-3.0,14.0,0.40796812749003986,59.16720548361364,59.0,34.0
2021,12,regular,,401310749,-2.044095652207706,-3.0,5.0,0.45258964143426295,53.394827140032824,53.5,95.0
2021,13,regular,,401309594,-2.549496154645672,-7.0,-21.0,0.4514492753623188,64.5327829279833,58.5,63.0
2021,13,regular,,401309593,2.964546338425543,6.0,17.0,0.5891304347826087,59.18586186020235,59.5,23.0
2021,13,regular,,401310757,-11.428404693912132,-7.0,-31.0,0.19855072463768117,47.76096025149066,52.5,49.0
2021,13,regular,,401282151,-0.2978144723587164,2.0,-10.0,0.5108695652173914,62.62319159192387,65.0,52.0
2021,13,regular,,401309596,-6.867813082287191,-6.5,11.0,0.31376811594202897,52.662281773266564,48.5,31.0
2021,13,regular,,401310753,-4.392996907513439,-3.0,11.0,0.3927536231884058,43.65500036067385,44.5,43.0
2021,13,regular,,401287952,0.34075707979625014,2.5,5.0,0.5195652173913043,60.12816958113973,54.5,39.0
2021,13,regular,,401309595,2.5791842649136534,8.5,21.0,0.5811594202898551,63.10969739111242,63.5,41.0
2021,13,regular,,401310755,-13.480653149305123,-17.0,-25.0,0.15144927536231884,50.913754149818274,48.0,45.0
2021,13,regular,,401282761,-4.449120623177563,1.0,-7.0,0.39057971014492754,43.03930356247656,41.0,49.0
2021,13,regular,,401282274,12.528042182903999,13.5,17.0,0.8217391304347826,46.89174360933637,50.5,67.0
2021,13,regular,,401301051,-17.440509400787025,-14.5,-22.0,0.0963768115942029,57.13384787556181,56.5,48.0
2021,13,regular,,401301050,15.855463418907126,17.0,4.0,0.8753623188405797,63.551164178573956,62.0,30.0
2021,13,regular,,401310752,20.108588811707758,18.5,34.0,0.9253623188405797,50.063265364008785,49.5,62.0
2021,13,regular,,401282145,11.460103204195939,14.5,17.0,0.803623188405797,63.56001423024218,63.5,51.0
2021,13,regular,,401309648,-16.242012841042868,-15.0,-6.0,0.10942028985507246,53.72611768458772,55.0,48.0
2021,13,regular,,401309906,24.108075175570736,24.0,15.0,0.9536231884057971,51.207601638065675,52.5,41.0
2021,13,regular,,401287949,13.44308736599291,15.5,34.0,0.8340579710144927,58.21474020375808,61.5,62.0
2021,13,regular,,401282699,9.536453351480136,6.5,4.0,0.7594202898550725,61.15396589824488,61.0,64.0
2021,13,regular,,401309905,2.034742325851786,-1.0,-27.0,0.5681159420289855,46.00250545225451,45.0,53.0
2021,13,regular,,401287948,14.497346702140486,14.0,3.0,0.8471014492753624,57.78443319136793,51.5,51.0
2021,13,regular,,401282766,3.8156581393910307,1.5,-24.0,0.6202898550724638,54.17331798435282,53.0,56.0
2021,13,regular,,401301052,-29.762400027990104,-32.0,-28.0,0.010869565217391304,57.00011594057809,54.5,62.0
2021,13,regular,,401282700,-8.90646704861778,-6.5,-31.0,0.2608695652173913,63.51079768932249,64.5,51.0
2021,13,regular,,401282781,-6.525327141174685,-6.5,15.0,0.32463768115942027,67.08518418558876,64.5,69.0
2021,13,regular,,401286299,1.9780448504597463,3.5,-15.0,0.5652173913043478,55.64205485356656,52.5,47.0
2021,13,regular,,401282147,7.827313436978301,4.0,3.0,0.717391304347826,58.072094467393796,58.5,45.0
2021,13,regular,,401282148,-31.695846536825393,-35.5,-45.0,0.005072463768115942,51.906986111250795,54.5,45.0
2021,13,regular,,401309597,27.588407097208325,28.5,35.0,0.972463768115942,54.06352869752061,57.5,63.0
2021,13,regular,,401301054,-7.9840992877507135,-13.5,-24.0,0.2818840579710145,48.376631877327895,42.5,52.0
2021,13,regular,,401308842,-2.689536779553503,-1.5,1.0,0.4463768115942029,59.95653768113482,67.0,95.0
2021,13,regular,,401282701,-18.37088898554082,-20.5,-37.0,0.08478260869565217,63.197051712946646,67.0,57.0
2021,13,regular,,401282271,-4.82106612342195,-4.0,4.0,0.37681159420289856,56.38938324725126,52.5,66.0
2021,13,regular,,401309647,-0.4055769404789349,2.0,-2.0,0.5057971014492754,67.04112648253566,62.5,46.0
2021,13,regular,,401282268,8.453825237259869,8.5,22.0,0.736231884057971,54.358360533749675,55.5,90.0
2021,13,regular,,401282273,-15.248447485442412,-8.5,22.0,0.12246376811594203,59.612685069472164,59.5,68.0
2021,13,regular,,401309649,5.938562484164162,6.5,27.0,0.6753623188405797,51.13575480299707,49.5,47.0
2021,13,regular,,401309646,25.81096429560748,24.5,24.0,0.9644927536231884,52.36792900494814,55.0,30.0
2021,13,regular,,401282269,7.3816913061161795,14.5,20.0,0.7079710144927536,51.136247457119424,46.0,54.0
2021,13,regular,,401286306,8.660916138003618,7.0,17.0,0.7405797101449275,62.799709032378594,59.0,71.0
2021,13,regular,,401310756,8.141187640000496,13.0,-24.0,0.7304347826086957,50.240206966777734,48.5,52.0
2021,13,regular,,401282722,5.4314465306874595,7.0,33.0,0.6601449275362319,38.30727975104852,44.5,61.0
2021,13,regular,,401282753,16.877105128315225,17.5,37.0,0.8876811594202898,47.72037681141066,50.5,51.0
2021,13,regular,,401282785,-4.335105743473311,-4.5,3.0,0.39420289855072466,47.65199565443924,51.5,57.0
2021,13,regular,,401309908,5.697751285194573,7.5,9.0,0.6666666666666666,61.37886906028508,61.5,67.0
2021,13,regular,,401282272,3.5915197643415624,1.5,-32.0,0.613768115942029,62.05013995711258,75.0,74.0
2021,13,regular,,401282146,-16.714709461963036,-20.5,-2.0,0.10507246376811594,59.48604147235298,57.0,46.0
2021,13,regular,,401282153,26.767504846829716,32.0,24.0,0.9681159420289855,56.45180769084498,64.5,66.0
2021,13,regular,,401282703,4.679577415498439,7.0,-5.0,0.6420289855072464,56.48566773924347,63.5,53.0
2021,13,regular,,401282794,-8.394266824310538,-7.0,10.0,0.2717391304347826,42.755660193437535,39.0,36.0
2021,13,regular,,401309909,23.452338572654813,20.0,23.0,0.9492753623188406,47.33311242570533,53.0,53.0
2021,13,regular,,401301055,10.319855122424672,6.5,-3.0,0.7789855072463768,59.68852641214552,62.5,65.0
2021,13,regular,,401309650,27.65403352321563,21.5,5.0,0.9731884057971014,52.8325409562279,55.0,37.0
2021,13,regular,,401282270,2.271447097662843,3.5,-10.0,0.5717391304347826,51.983947166186084,49.5,44.0
2021,13,regular,,401287950,-19.791485088539723,-15.5,-6.0,0.06811594202898551,55.10682148474631,55.5,62.0
2021,13,regular,,401282150,-8.234901477754168,-6.5,3.0,0.27391304347826084,44.57089748258049,46.5,51.0
2021,13,regular,,401282702,-11.920985760685051,-12.5,-17.0,0.18840579710144928,59.376103869031894,58.5,45.0
2021,13,regular,,401287951,4.768029106188891,4.0,4.0,0.6442028985507247,53.26572111875612,49.5,70.0
2021,13,regular,,401282149,0.8393269122900049,3.0,-31.0,0.5297101449275362,53.620803579307804,57.5,73.0
2021,13,regular,,401301053,5.252227996518259,5.5,5.0,0.6579710144927536,60.67998092961163,58.0,61.0
2021,13,regular,,401282152,-14.584016287548739,-11.5,-30.0,0.13478260869565217,41.92726615582282,42.5,30.0
2021,13,regular,,401282711,-22.065551317210875,-21.0,-31.0,0.050724637681159424,50.57287592974863,53.0,59.0
2021,13,regular,,401310754,-7.436419373760955,-3.0,-42.0,0.29782608695652174,61.38492233840661,58.0,62.0
2021,13,regular,,401309907,8.61732892177076,6.5,28.0,0.7391304347826086,54.87820569447716,58.5,56.0
2021,13,regular,,401309910,-8.158360808193459,-8.5,-4.0,0.2768115942028985,61.99270495747589,65.5,66.0
2021,14,regular,,401282156,-0.1544425291246573,-3.5,8.0,0.5140893470790378,66.82465837720619,74.5,90.0
2021,14,regular,,401331159,4.627244692402625,3.0,28.0,0.6336769759450172,57.62223407466698,57.5,48.0
2021,14,regular,,401287953,5.7179296000192315,7.0,-5.0,0.6666666666666666,44.917598222600326,45.0,37.0
2021,14,regular,,401331160,-2.4256636830475093,-4.0,18.0,0.4529209621993127,72.65025361238297,75.5,64.0
2021,14,regular,,401310676,9.462805547042995,6.5,-33.0,0.7505154639175258,49.598103305746704,49.5,59.0
2021,14,regular,,401331161,-2.643675996182066,-2.5,8.0,0.4446735395189003,49.32619294800975,52.0,40.0
2021,14,regular,,401331162,12.344318806828209,10.5,15.0,0.8164948453608247,57.10408320979241,52.5,55.0
2021,14,regular,,401282154,-6.02741125344378,-6.5,17.0,0.3463917525773196,55.10579195685439,49.0,65.0
2021,14,regular,,401331447,-7.967610365059228,-12.0,-39.0,0.28865979381443296,48.08598856860276,44.0,45.0
2021,14,regular,,401331163,-0.7758180771540678,-3.5,-24.0,0.5003436426116838,73.97000664058926,72.5,66.0
2021,14,regular,,401387250,1.0504041170736031,4.5,10.0,0.5395189003436426,52.44278207977405,57.5,38.0
2021,15,regular,,401301056,17.705796317891938,-7.0,-4.0,0.8963414634146342,49.61967944488315,35.5,30.0
2021,15,postseason,Other bowl,401331164,9.829346422656323,10.5,-7.0,0.7601626016260162,55.21628034052013,50.0,55.0
2021,15,postseason,Other bowl,401331165,14.266216358623003,12.0,6.0,0.8482384823848238,63.05047242102712,63.5,88.0
2021,15,postseason,Other bowl,401331166,5.253654519010399,-1.0,-21.0,0.6571815718157181,63.525214182177635,67.5,97.0
2021,16,postseason,Other bowl,401331167,13.43542768917032,13.0,7.0,0.8328840970350404,51.480237980123675,54.5,55.0
2021,16,postseason,Other bowl,401331168,4.652032596439643,6.0,-3.0,0.6381401617250674,54.77849068937477,54.0,59.0
2021,16,postseason,Other bowl,401331169,8.371965188591762,9.5,36.0,0.7243935309973046,58.78210987815085,58.5,76.0
2021,16,postseason,Other bowl,401331170,4.534571130022441,6.5,-11.0,0.6340970350404312,63.81908552866952,68.5,37.0
2021,16,postseason,Other bowl,401331171,-2.4794019168439054,-4.0,-15.0,0.45417789757412397,48.80114754560795,55.5,57.0
2021,16,postseason,Other bowl,401331172,3.1398962477262065,7.5,13.0,0.5983827493261455,49.993000106752746,55.0,47.0
2021,16,postseason,Other bowl,401331213,2.2814180697221307,3.0,14.0,0.5815363881401617,59.11269698714864,60.5,90.0
2021,16,postseason,Other bowl,401331214,-1.6076848255537084,3.0,14.0,0.48247978436657685,50.38022217217312,48.0,62.0
2021,16,postseason,Other bowl,401331215,9.829168973102457,7.0,2.0,0.7580862533692723,60.77032111283761,54.0,46.0
2021,16,postseason,Other bowl,401391158,5.98921972027251,2.0,13.0,0.6704851752021563,55.145730298741384,56.5,41.0
2021,16,postseason,Other bowl,401331216,4.738639663314226,7.0,-12.0,0.6408355795148248,60.254829753550396,56.0,46.0
2021,17,postseason,Other bowl,401331218,-5.543338463583025,-6.0,-31.0,0.3687374749498998,52.1823820541007,53.0,71.0
2021,17,postseason,Other bowl,401331219,5.422238240246233,6.5,-28.0,0.6546426185704742,65.29001719157307,57.0,76.0
2021,17,postseason,Other bowl,401331221,-2.3492256996829197,-1.5,-4.0,0.4575818303273213,54.929568603261146,49.5,30.0
2021,17,postseason,Other bowl,401331222,-4.349018190094269,-1.0,-3.0,0.39612558450233804,54.82204960707756,55.0,59.0
2021,17,postseason,Other bowl,401331223,-8.412675481700617,-10.0,27.0,0.2772211088844355,60.541527577647784,58.0,41.0
2021,17,postseason,Other bowl,401331224,6.13883559435634,6.0,12.0,0.6726786907147628,44.865697401974096,45.0,24.0
2021,17,postseason,Other bowl,401331226,3.6018495221051348,-4.5,-44.0,0.6098864395457582,54.23044136655437,55.5,64.0
2021,17,postseason,Other bowl,401331227,-2.3824479811405146,-2.0,-7.0,0.4575818303273213,44.62091184397718,45.0,33.0
2021,17,postseason,Other bowl,401331228,3.2158836362401395,7.0,15.0,0.5985303941215765,63.33270824593711,64.0,79.0
2021,17,postseason,Other bowl,401331229,-10.162687790837087,-12.5,17.0,0.23246492985971945,59.153982660457395,57.5,59.0
2021,17,postseason,Other bowl,401331230,3.283196472503489,-7.5,3.0,0.6005344021376086,59.30766280517466,66.5,93.0
2021,17,postseason,NY6,401331231,-7.33116133788271,3.5,10.0,0.3046092184368738,61.10337520239126,55.0,52.0
2021,17,postseason,Other bowl,401331232,-5.509684576402116,-7.5,-7.0,0.3694054776219105,43.71786013000535,42.5,33.0
2021,17,postseason,Other bowl,401331233,-14.50653704096233,-16.5,-28.0,0.13760855043420173,62.06538904789332,62.5,48.0
2021,17,postseason,Other bowl,401331654,-4.856969650215707,-5.5,3.0,0.3807615230460922,56.60836238855547,56.0,45.0
2021,17,postseason,CFP,401331235,4.337612388739334,13.0,21.0,0.6299265197060788,60.60151180066822,57.5,33.0
2021,17,postseason,CFP,401331234,-7.421825454046941,-7.5,-23.0,0.2999331997327989,51.2331179991823,46.0,45.0
2021,18,postseason,Other bowl,401331236,-5.7590883889511115,3.5,14.0,0.35997357992073975,48.31338466235883,51.0,34.0
2021,18,postseason,NY6,401331238,3.4460901838972102,-1.0,-2.0,0.6083223249669749,46.05597573759444,45.0,72.0
2021,18,postseason,Other bowl,401331237,0.1124917486416066,3.0,3.0,0.5284015852047557,44.82045941881583,43.5,37.0
2021,18,postseason,NY6,401331239,7.145062682771805,-4.0,3.0,0.702113606340819,65.380104322595,64.5,93.0
2021,18,postseason,NY6,401331240,-0.38452232071740533,1.0,-14.0,0.5178335535006605,57.18272015106655,60.0,28.0
2021,18,postseason,Other bowl,401331241,0.11196137953566437,9.5,22.0,0.5284015852047557,46.97187169313429,47.0,62.0
2021,19,postseason,CFP,401331242,-3.4666711822119516,-3.0,-15.0,0.4217105263157895,54.73199208337927,53.0,51.0
2022,4,regular,,401411116,-0.25552755857492304,-2.0,-23.0,0.46831955922865015,52.35493057162888,49.5,43.0
2022,4,regular,,401426334,-8.564994811716033,-2.5,-17.0,0.25068870523415976,60.40304516496701,63.5,65.0
2022,4,regular,,401421129,22.06320060252328,20.0,31.0,0.9752066115702479,47.00314154942323,44.5,31.0
2022,4,regular,,401411117,15.66211587632008,9.5,2.0,0.9173553719008265,50.62381791905987,53.5,42.0
2022,4,regular,,401415220,16.585813397722752,24.0,28.0,0.9366391184573003,52.675648271105274,46.5,68.0
2022,4,regular,,401426571,-20.894532933422877,-16.5,17.0,0.03856749311294766,42.84945081050118,44.5,37.0
2022,4,regular,,401411119,16.04474869572276,15.5,38.0,0.9256198347107438,57.837283750635706,63.5,44.0
2022,4,regular,,401404080,3.8522555400903564,2.5,-7.0,0.6253443526170799,45.975922068770615,45.0,55.0
2022,4,regular,,401404078,4.542149030872104,-2.5,-8.0,0.6446280991735537,66.13229419833114,72.0,76.0
2022,4,regular,,401411123,-5.948617402146612,-7.5,-6.0,0.2809917355371901,59.363555418592625,58.0,96.0
2022,4,regular,,401404079,12.120659759140917,7.0,8.0,0.8567493112947658,67.69075121886323,65.5,62.0
2022,4,regular,,401425511,-4.95739805353294,-16.0,-42.0,0.30578512396694213,50.55636766550866,47.0,48.0
2022,4,regular,,401405097,14.410852721878008,17.0,7.0,0.8898071625344353,59.7843249744639,66.0,61.0
2022,4,regular,,401403894,8.909193442544655,7.5,3.0,0.7713498622589532,57.2596905691661,51.0,31.0
2022,4,regular,,401403895,41.04503170276313,45.0,17.0,1.0,54.63015536169776,61.5,61.0
2022,4,regular,,401403899,24.339316893925247,31.0,31.0,0.9862258953168044,60.78108702314546,53.0,59.0
2022,4,regular,,401416604,6.486041339698365,6.5,-19.0,0.699724517906336,62.32899623905608,57.5,81.0
2022,4,regular,,401411121,36.692391738356164,32.5,21.0,0.9972451790633609,57.89958067161287,55.0,69.0
2022,4,regular,,401405098,25.511085867831667,28.0,19.0,0.9889807162534435,59.70829691099007,61.5,47.0
2022,4,regular,,401421158,-11.871666014074151,-16.0,-5.0,0.16804407713498623,58.125100249225696,55.5,43.0
2022,4,regular,,401423158,3.725792934525535,-2.5,12.0,0.6225895316804407,61.56998003337294,63.5,64.0
2022,4,regular,,401425090,7.816316634875768,-7.5,7.0,0.7493112947658402,55.75337554806609,50.5,49.0
2022,4,regular,,401441991,-6.982714341287751,-14.0,-2.0,0.26721763085399447,60.77380245753284,55.5,60.0
2022,4,regular,,401425414,-17.31669868167795,-20.5,-25.0,0.07162534435261708,53.27957887491205,49.0,45.0
2022,4,regular,,401414781,7.075084330510093,10.0,28.0,0.7245179063360881,46.91431936144606,44.0,28.0
2022,4,regular,,401424428,18.565078570708206,14.5,44.0,0.9559228650137741,49.24178616378258,47.5,58.0
2022,4,regular,,401423153,8.451172196349578,7.0,-5.0,0.7658402203856749,57.56024021462426,42.5,55.0
2022,4,regular,,401420828,-19.718488282251457,-16.5,-17.0,0.046831955922865015,53.928521185202456,47.5,51.0
2022,4,regular,,401420790,-4.101992359828747,-9.5,-19.0,0.3333333333333333,51.96905732148117,47.0,71.0
2022,4,regular,,401403998,-21.50382243049831,-22.0,-28.0,0.030303030303030304,57.750180550182705,57.0,62.0
2022,4,regular,,401424955,30.427731759492765,40.0,42.0,0.9944903581267218,53.431829981343725,51.5,56.0
2022,4,regular,,401424937,-0.2940219336773491,2.5,17.0,0.465564738292011,64.52747673471096,56.5,55.0
2022,4,regular,,401435075,-3.4399792813924983,-6.0,-13.0,0.3608815426997245,53.54431340957471,46.5,39.0
2022,4,regular,,401416606,17.371932573743578,16.5,7.0,0.9476584022038568,70.70250765029611,73.5,111.0
2022,4,regular,,401422999,27.25741540406283,24.0,12.0,0.9944903581267218,53.28089715154063,49.5,46.0
2022,4,regular,,401422929,0.7375738375207117,3.5,23.0,0.5179063360881543,62.19782018659083,77.0,47.0
2022,4,regular,,401425452,5.994011904092884,4.0,8.0,0.6887052341597796,55.89006297652922,57.0,62.0
2022,4,regular,,401420808,-0.8532432782545241,-2.0,-14.0,0.45179063360881544,53.29237778913322,52.5,42.0
2022,4,regular,,401420816,5.778265981885872,4.0,17.0,0.6721763085399449,61.612587186114986,60.0,51.0
2022,4,regular,,401413259,5.342924073277647,3.5,21.0,0.6721763085399449,57.32561495227327,54.0,49.0
2022,4,regular,,401426569,14.663799492685722,12.5,10.0,0.8953168044077136,66.80294701465058,68.5,78.0
2022,4,regular,,401426572,38.834451105745,42.0,28.0,1.0,63.27025548975881,65.5,76.0
2022,4,regular,,401403901,19.100503100984508,11.0,5.0,0.9614325068870524,62.27270673213166,62.5,71.0
2022,4,regular,,401404082,-12.496107133203154,-7.0,3.0,0.15426997245179064,62.336731184265446,60.5,71.0
2022,4,regular,,401404126,0.7711494060487674,2.5,-13.0,0.5179063360881543,62.55429353743632,55.5,77.0
2022,4,regular,,401405092,-1.3546070583062284,-3.0,-27.0,0.42699724517906334,53.1543656322459,50.0,41.0
2022,4,regular,,401405096,19.034496235054807,16.5,21.0,0.9614325068870524,54.11852643758237,57.0,69.0
2022,4,regular,,401415037,0.11741425086550761,6.5,-4.0,0.4903581267217631,62.37212056375887,56.5,60.0
2022,4,regular,,401426565,26.146537187278884,31.0,73.0,0.9889807162534435,66.72168178968933,65.5,73.0
2022,4,regular,,401426568,10.892390067780516,25.5,-14.0,0.8264462809917356,55.84754443270718,53.5,76.0
2022,4,regular,,401415224,-7.150659498659797,-3.0,3.0,0.26170798898071623,51.25480137236337,44.5,31.0
2022,4,regular,,401424405,5.914442278624365,10.5,-7.0,0.6887052341597796,62.58049396807944,60.5,91.0
2022,4,regular,,401424429,9.143800350864177,17.0,19.0,0.7768595041322314,60.216296939948066,48.0,71.0
2022,4,regular,,401424366,6.4848425122557325,6.5,-4.0,0.699724517906336,55.59102300809887,50.0,66.0
2022,4,regular,,401424427,-1.362596529549808,-6.0,-23.0,0.42699724517906334,55.20098168510492,46.5,51.0
2022,4,regular,,401403898,15.943097084652429,21.0,8.0,0.9201101928374655,61.5578638795348,66.5,62.0
2022,4,regular,,401403999,-5.28363593695998,-6.5,-3.0,0.29201101928374656,54.213838685595405,57.5,85.0
2022,4,regular,,401418632,8.460098528434845,1.5,11.0,0.7658402203856749,61.879260527558856,63.5,51.0
2022,4,regular,,401415221,2.1015651893844858,-4.5,-31.0,0.5674931129476584,60.85663418137047,59.5,51.0
2022,4,regular,,401413336,14.832420057076508,22.5,37.0,0.8953168044077136,52.869802552284206,49.5,69.0
2022,4,regular,,401411122,23.326110070153305,21.0,17.0,0.9807162534435262,55.466175720379795,56.5,37.0
2022,4,regular,,401426671,-11.012536677958904,-16.5,-35.0,0.18457300275482094,58.729918707767,54.0,69.0
2022,4,regular,,401413217,-9.804591311319179,-9.0,-31.0,0.21212121212121213,54.9418963164281,57.0,73.0
2022,4,regular,,401413247,-1.7982316794811646,2.5,-17.0,0.41597796143250687,50.111611287449605,48.5,37.0
2022,4,regular,,401413237,-3.7835474504446247,-6.0,-3.0,0.349862258953168,68.62364548896389,70.0,73.0
2022,4,regular,,401462513,-3.778410445427597,-2.0,8.0,0.349862258953168,56.1664359800499,52.5,62.0
2022,4,regular,,401426255,-2.8459968736164707,4.5,-14.0,0.371900826446281,52.777738332580554,44.0,56.0
2022,4,regular,,401403996,5.342285435395638,3.5,18.0,0.6721763085399449,47.78012935030092,50.5,80.0
2022,4,regular,,401404160,24.4601424899881,26.5,9.0,0.9862258953168044,56.68003084559686,53.5,33.0
2022,4,regular,,401426335,4.203055146847886,5.0,3.0,0.6336088154269972,55.24831742964871,56.5,55.0
2022,4,regular,,401423440,7.9778709345478855,10.0,13.0,0.7520661157024794,57.93484014158609,57.5,63.0
2022,4,regular,,401415624,19.0394207473049,16.5,-3.0,0.9614325068870524,47.99049949030333,48.5,43.0
2022,4,regular,,401416605,8.291547380240587,9.5,11.0,0.7603305785123967,57.706236565183175,67.0,57.0
2022,4,regular,,401423450,0.3645921675481659,-6.5,-10.0,0.4931129476584022,49.45916288263581,42.5,40.0
2022,4,regular,,401424426,12.446920611833919,24.5,32.0,0.8622589531680441,49.71956436454965,51.0,38.0
2022,4,regular,,401422923,-0.05172633826504036,-7.0,-31.0,0.4765840220385675,55.51900135503984,56.5,59.0
2022,4,regular,,401426570,13.301191277005444,17.5,7.0,0.8732782369146006,60.67375254199193,52.5,61.0
2022,4,regular,,401403896,23.92687356227458,26.5,8.0,0.9834710743801653,55.16967150942487,53.0,54.0
2022,4,regular,,401405091,-7.7183308332060205,-7.5,-17.0,0.26170798898071623,34.25339167638656,34.5,37.0
2022,4,regular,,401415040,13.250474973459477,11.5,-3.0,0.8732782369146006,51.02565050528287,48.5,51.0
2022,4,regular,,401415222,-5.282224528561244,-3.0,-10.0,0.29201101928374656,57.26104010392309,61.5,58.0
2022,4,regular,,401426393,-7.263686853385993,-3.5,9.0,0.26170798898071623,51.075592325675835,51.5,23.0
2022,4,regular,,401424930,7.9085062084190145,18.5,17.0,0.7520661157024794,57.63997121849562,59.5,59.0
2022,4,regular,,401403893,-0.005817119692458267,1.5,2.0,0.4793388429752066,45.80080839155994,51.0,44.0
2022,4,regular,,401426567,14.266498538941821,13.0,24.0,0.8898071625344353,59.96428092620565,59.0,52.0
2022,4,regular,,401418793,27.994288748212238,26.5,34.0,0.9944903581267218,57.59996743087929,65.0,34.0
2022,4,regular,,401428475,-9.039523128562287,2.5,14.0,0.22865013774104684,54.378630051951035,46.0,68.0
2022,4,regular,,401418779,-1.886080647399231,2.0,-15.0,0.4132231404958678,54.47887990486257,55.5,71.0
2022,4,regular,,401420842,10.610179556642992,27.5,30.0,0.8181818181818182,55.022953983578375,51.5,82.0
2022,4,regular,,401426564,16.27714400020074,23.5,36.0,0.9338842975206612,64.4296155692688,66.5,76.0
2022,4,regular,,401404150,33.69126562318268,38.5,31.0,0.9972451790633609,48.23322119601043,47.5,51.0
2022,4,regular,,401405095,19.197844316349276,18.5,31.0,0.9641873278236914,56.34185830041558,56.5,73.0
2022,4,regular,,401403892,31.376210702262625,40.5,52.0,0.9944903581267218,60.985302968391,60.5,58.0
2022,4,regular,,401403897,24.37905654086112,31.5,38.0,0.9862258953168044,51.353499306705004,44.0,38.0
2022,4,regular,,401405093,-4.03063568317652,7.5,-3.0,0.33884297520661155,48.803111921049165,50.0,31.0
2022,4,regular,,401426566,11.716303201308833,16.5,2.0,0.8457300275482094,55.51116074641628,57.5,54.0
2022,4,regular,,401426336,-8.086389732849998,-9.5,4.0,0.26170798898071623,51.36190624076366,51.0,38.0
2022,4,regular,,401411118,15.706933800665361,18.5,30.0,0.9173553719008265,51.714674356747345,48.5,58.0
2022,4,regular,,401409237,1.4150277956232986,4.5,19.0,0.5426997245179064,56.073582653673235,53.0,71.0
2022,4,regular,,401404081,10.378955549716284,13.5,-7.0,0.8099173553719008,47.48876559134446,53.0,75.0
2022,4,regular,,401404000,-1.3519589935132852,-5.5,-3.0,0.42699724517906334,74.72274290772326,70.5,31.0
2022,4,regular,,401415184,-4.915268122739632,-3.0,-5.0,0.30578512396694213,54.27448628641879,50.5,29.0
2022,4,regular,,401415223,17.0087433687519,21.5,14.0,0.9449035812672176,51.57168678222516,49.5,62.0
2022,4,regular,,401404001,13.273026632854043,14.0,18.0,0.8732782369146006,54.62790690289454,62.0,62.0
2022,4,regular,,401403997,-9.718510867051679,-16.5,-21.0,0.21763085399449036,54.6844089211598,54.0,47.0
2022,4,regular,,401415225,1.1420073754345144,6.5,28.0,0.5261707988980716,49.254198851793646,48.5,40.0
2022,5,regular,,401403908,28.948899362415823,40.5,40.0,0.9916317991631799,59.7286940387731,57.0,60.0
2022,5,regular,,401415226,21.760393802785256,26.0,12.0,0.9790794979079498,56.458567505191496,60.0,64.0
2022,5,regular,,401415625,-0.06852499441583168,5.5,-3.0,0.4811715481171548,57.35505142777315,51.5,51.0
2022,5,regular,,401426576,-1.4361759366349025,-4.5,-15.0,0.41631799163179917,65.46977032972151,64.0,75.0
2022,5,regular,,401415228,13.719308621761684,6.0,22.0,0.8828451882845189,40.63269633668554,38.0,48.0
2022,5,regular,,401404007,2.219439988321188,-2.5,8.0,0.5543933054393305,61.63352952033,64.5,72.0
2022,5,regular,,401415229,14.813132836298983,14.0,11.0,0.897489539748954,50.076978715667266,44.5,51.0
2022,5,regular,,401418605,16.057259876639634,14.0,-6.0,0.9121338912133892,52.788302216389454,43.5,40.0
2022,5,regular,,401404085,10.746948035509238,7.5,9.0,0.8326359832635983,54.659720737245856,56.0,65.0
2022,5,regular,,401405100,-8.309011497032401,-10.5,-13.0,0.23430962343096234,40.658470856360296,42.0,41.0
2022,5,regular,,401415628,19.73717293607729,18.5,21.0,0.9644351464435147,53.45424677379118,50.0,27.0
2022,5,regular,,401428486,-10.975055948888123,-9.0,-14.0,0.18828451882845187,55.77353202982652,49.0,62.0
2022,5,regular,,401405099,1.0138395932758142,6.5,-24.0,0.5251046025104602,41.244388942771224,43.5,44.0
2022,5,regular,,401426253,18.783075188798456,21.5,8.0,0.9497907949790795,55.69780343959587,51.5,60.0
2022,5,regular,,401423000,-16.97517648697299,-17.0,-28.0,0.08158995815899582,58.891182373984094,53.0,42.0
2022,5,regular,,401404137,8.441730157371236,8.5,-17.0,0.7761506276150628,57.95543351737934,54.0,45.0
2022,5,regular,,401423427,20.704881195779745,18.5,26.0,0.9748953974895398,53.57451363430036,47.5,52.0
2022,5,regular,,401404086,-2.764986939464703,-5.0,31.0,0.37656903765690375,64.87125517481218,69.5,79.0
2022,5,regular,,401403905,3.690741725655295,6.5,3.0,0.6129707112970711,51.63654198160972,55.0,41.0
2022,5,regular,,401411124,-13.887031924134627,-13.5,1.0,0.13179916317991633,48.266660939386995,48.5,67.0
2022,5,regular,,401405101,14.189245216189804,9.5,-10.0,0.8870292887029289,54.101035275591045,53.0,30.0
2022,5,regular,,401420801,-2.079188378016923,5.5,30.0,0.39539748953974896,56.6185710299838,51.5,66.0
2022,5,regular,,401415227,20.133913879037788,14.0,3.0,0.9686192468619247,42.98621167582877,38.0,23.0
2022,5,regular,,401424431,-9.86940503336881,-8.5,-25.0,0.20711297071129708,60.240871111209486,57.0,65.0
2022,5,regular,,401415406,4.177898238499002,4.0,-3.0,0.6234309623430963,51.736958641297925,44.0,65.0
2022,5,regular,,401423138,16.822007167257926,21.5,31.0,0.9225941422594143,60.15708298221671,62.5,31.0
2022,5,regular,,401420791,7.882094104009115,13.5,17.0,0.7468619246861925,49.38378532362401,41.0,45.0
2022,5,regular,,401423159,10.931089196380656,17.5,4.0,0.8326359832635983,70.9607855752274,63.5,24.0
2022,5,regular,,401420809,-7.240072020053477,-5.5,17.0,0.25523012552301255,54.31742584293188,51.5,79.0
2022,5,regular,,401423154,6.707895534205321,16.0,13.0,0.7154811715481172,59.26647227764518,52.0,41.0
2022,5,regular,,401428481,18.986861119842693,24.0,21.0,0.9518828451882845,69.67500983897,66.5,97.0
2022,5,regular,,401418597,-6.441832259956383,-6.5,-9.0,0.27824267782426776,56.46856615365206,46.5,51.0
2022,5,regular,,401415198,6.0076939360595345,-4.0,-18.0,0.6924686192468619,53.09817701831524,50.0,30.0
2022,5,regular,,401435076,14.422627442359168,13.0,1.0,0.891213389121339,52.3259669157186,50.5,47.0
2022,5,regular,,401413206,-17.520511331221847,-15.0,-35.0,0.07531380753138076,48.151309937654275,45.5,49.0
2022,5,regular,,401426338,19.82766565289022,21.5,27.0,0.9644351464435147,53.01368280920768,51.5,53.0
2022,5,regular,,401416608,-4.09025467067824,-3.5,6.0,0.34309623430962344,59.56459758519365,58.5,82.0
2022,5,regular,,401414782,17.756846513677353,20.0,7.0,0.9372384937238494,60.004916796196525,53.5,33.0
2022,5,regular,,401421159,4.268239877596054,2.0,-7.0,0.6234309623430963,48.14130848738242,53.5,61.0
2022,5,regular,,401420824,20.38965011802547,23.0,13.0,0.9707112970711297,55.00293021781353,53.0,41.0
2022,5,regular,,401420843,-8.786805494961508,-18.5,-21.0,0.2217573221757322,60.043182019800355,58.0,77.0
2022,5,regular,,401424395,-0.036599246494424045,-2.0,3.0,0.4811715481171548,55.79297317560578,55.0,57.0
2022,5,regular,,401404006,7.482908824910861,10.5,26.0,0.7343096234309623,59.69208633079299,54.5,58.0
2022,5,regular,,401415626,-14.972068916053,-9.5,-20.0,0.1108786610878661,59.67381758314896,55.5,76.0
2022,5,regular,,401420833,32.59231730891503,34.5,24.0,0.997907949790795,53.566543183027264,56.5,44.0
2022,5,regular,,401421130,-5.104244699659551,-6.5,-8.0,0.32426778242677823,50.68990459233626,44.0,40.0
2022,5,regular,,401423441,1.4195475740608565,6.5,8.0,0.5418410041841004,57.22009359578017,58.5,62.0
2022,5,regular,,401413260,-30.604380243542607,-33.0,-8.0,0.006276150627615063,55.92555680587118,53.0,48.0
2022,5,regular,,401428478,20.426555190016998,21.5,17.0,0.9707112970711297,61.274589073777975,54.5,73.0
2022,5,regular,,401424430,24.95264046771735,26.5,14.0,0.9874476987447699,50.79242997883448,44.5,34.0
2022,5,regular,,401405103,7.042617639788061,7.5,14.0,0.7196652719665272,56.44339496229843,58.5,40.0
2022,5,regular,,401422973,4.538942103658022,7.5,21.0,0.6297071129707112,60.16320884778777,66.5,55.0
2022,5,regular,,401422979,-1.958372097361277,-3.0,-10.0,0.39748953974895396,38.59706093811139,35.5,38.0
2022,5,regular,,401426339,31.93283874383538,31.0,21.0,0.997907949790795,52.5801122584573,56.0,35.0
2022,5,regular,,401420870,5.50438130610783,6.5,1.0,0.6610878661087866,51.38405582754379,54.0,33.0
2022,5,regular,,401416607,4.113362437277231,6.5,21.0,0.6234309623430963,61.33449835180612,56.0,55.0
2022,5,regular,,401411128,10.176108727713164,9.5,31.0,0.8200836820083682,63.025700853496375,57.0,51.0
2022,5,regular,,401411127,0.7918551079964417,6.0,-10.0,0.5167364016736402,69.92145736075989,67.5,52.0
2022,5,regular,,401405105,29.400631281975787,25.5,10.0,0.9916317991631799,46.221949799832466,50.0,24.0
2022,5,regular,,401405104,35.41581828799312,39.0,39.0,1.0,60.95552809143487,58.0,59.0
2022,5,regular,,401404084,-2.047739134564638,-3.5,3.0,0.39539748953974896,61.177343333178584,59.0,25.0
2022,5,regular,,401404083,-0.3240152138836949,2.5,-11.0,0.4707112970711297,57.139874374895925,56.0,61.0
2022,5,regular,,401403902,-16.08599576232435,-17.0,-23.0,0.09623430962343096,60.58392411375907,61.0,75.0
2022,5,regular,,401424367,-21.474355387047883,-17.0,-17.0,0.03138075313807531,53.787991992052895,44.0,37.0
2022,5,regular,,401404151,-20.226241415271787,-23.5,5.0,0.0397489539748954,54.02115285427105,51.0,33.0
2022,5,regular,,401421140,41.97531516835007,39.0,49.0,1.0,53.13751699911453,54.5,49.0
2022,5,regular,,401416611,6.978729681194415,12.5,7.0,0.7196652719665272,68.73139755698236,65.5,55.0
2022,5,regular,,401416610,2.478969822485063,3.0,4.0,0.5585774058577406,54.585000252391296,50.5,44.0
2022,5,regular,,401416609,-4.414076029477049,-9.5,-3.0,0.3410041841004184,60.621250540594644,49.5,59.0
2022,5,regular,,401426575,-5.674204278381019,-3.0,17.0,0.303347280334728,60.01555555655454,67.5,73.0
2022,5,regular,,401403906,7.4283249997434195,4.0,18.0,0.7322175732217573,40.46519332255889,45.0,66.0
2022,5,regular,,401462216,1.4311303557422828,1.5,-3.0,0.5439330543933054,52.72574229808704,54.5,71.0
2022,5,regular,,401462218,-7.053304342400029,-8.0,3.0,0.2615062761506276,61.083158837723424,63.5,69.0
2022,5,regular,,401411130,55.73986849404032,54.0,59.0,1.0,54.733587665205675,62.5,59.0
2022,5,regular,,401426341,-3.0097133073973925,-8.5,-3.0,0.37447698744769875,45.60050988930625,47.5,37.0
2022,5,regular,,401415172,8.394681169783153,2.5,8.0,0.7698744769874477,50.72793726482219,55.0,62.0
2022,5,regular,,401418633,-12.493452910958576,-6.5,29.0,0.16527196652719664,50.68407052733983,55.0,69.0
2022,5,regular,,401418838,20.054589492151525,23.5,6.0,0.9686192468619247,57.53137881767795,49.0,34.0
2022,5,regular,,401404004,2.7788691030262607,4.0,19.0,0.5711297071129707,46.631064928589794,52.5,37.0
2022,5,regular,,401424949,10.695880670916992,24.5,27.0,0.8305439330543933,56.3970397100955,48.5,41.0
2022,5,regular,,401415188,11.95989523136906,16.5,28.0,0.8514644351464435,62.866621899613904,66.0,48.0
2022,5,regular,,401416612,15.921564734829538,15.0,37.0,0.9121338912133892,55.20490292028839,52.5,51.0
2022,5,regular,,401426573,-2.6952160208027824,-3.5,-6.0,0.37656903765690375,56.00300441188864,56.0,76.0
2022,5,regular,,401404161,-4.458489416938103,-3.5,-14.0,0.3410041841004184,48.1631490754504,47.5,62.0
2022,5,regular,,401418638,9.520081504133302,14.5,7.0,0.799163179916318,62.184024970153146,58.0,63.0
2022,5,regular,,401428383,2.095069891468122,-3.0,5.0,0.5523012552301255,50.84744039379322,43.0,23.0
2022,5,regular,,401435487,0.4411823910557372,5.5,11.0,0.49372384937238495,61.52633758399411,54.5,37.0
2022,5,regular,,401462217,27.184940663904015,24.5,28.0,0.9874476987447699,65.23240263084665,70.5,68.0
2022,5,regular,,401423451,3.4982361258991883,5.5,-3.0,0.604602510460251,53.91637308392102,55.5,29.0
2022,5,regular,,401421123,24.293277817616495,24.5,34.0,0.9874476987447699,55.2571624784439,60.5,62.0
2022,5,regular,,401423926,6.829181828981018,14.0,56.0,0.7196652719665272,57.55712653309597,60.0,62.0
2022,5,regular,,401425419,-9.453793339702766,-13.0,-20.0,0.2175732217573222,56.94344327742777,48.5,48.0
2022,5,regular,,401403903,-4.754547210669298,-8.0,-4.0,0.33263598326359833,52.0367347304118,44.5,38.0
2022,5,regular,,401415627,-10.332349668869067,-10.0,-10.0,0.200836820083682,62.421179483584794,59.0,52.0
2022,5,regular,,401426337,11.505206230933142,10.0,4.0,0.8451882845188284,63.10460546725781,69.5,64.0
2022,5,regular,,401426340,4.1110760574814815,7.0,17.0,0.6234309623430963,59.61474760472596,59.0,73.0
2022,5,regular,,401426578,11.355838035150319,5.5,-7.0,0.8430962343096234,57.12577018309721,55.0,61.0
2022,5,regular,,401415230,2.123277800734839,-2.5,-17.0,0.5523012552301255,44.00952706494395,42.5,49.0
2022,5,regular,,401404087,14.759992026843188,7.5,18.0,0.895397489539749,62.795480181833,61.0,58.0
2022,5,regular,,401426577,-6.077966542724564,-10.5,4.0,0.28661087866108786,54.63677644650939,51.0,52.0
2022,5,regular,,401403907,-26.067806541369787,-30.5,-4.0,0.012552301255230125,50.57257735497386,54.5,48.0
2022,5,regular,,401411125,8.358565385292952,6.5,10.0,0.7698744769874477,50.27619178365512,45.5,50.0
2022,5,regular,,401405102,-0.9017453139144226,6.5,14.0,0.4372384937238494,59.4272820351013,61.5,56.0
2022,5,regular,,401411126,-2.2893182027839245,2.0,21.0,0.39539748953974896,52.009716475477894,55.0,55.0
2022,5,regular,,401418830,-3.7037457568425927,-7.5,-5.0,0.35355648535564854,57.29608695103195,50.5,33.0
2022,5,regular,,401413227,-28.03542034873292,-25.0,-28.0,0.010460251046025104,59.283463631443226,62.0,70.0
2022,5,regular,,401411129,19.51894496304,21.5,-5.0,0.9602510460251046,53.984451213932104,47.0,47.0
2022,5,regular,,401426574,2.3450700332698564,16.0,-14.0,0.5564853556485355,60.41624079776742,54.0,28.0
2022,5,regular,,401413248,13.620381508882762,15.5,20.0,0.8807531380753139,53.477316965978375,52.0,90.0
2022,5,regular,,401404002,11.252543230797068,18.0,23.0,0.8410041841004184,58.686559345910936,58.0,63.0
2022,5,regular,,401413342,6.200712720138453,3.5,17.0,0.694560669456067,61.27253648553186,52.0,65.0
2022,5,regular,,401404003,21.38335067290822,24.5,17.0,0.9769874476987448,59.19800704512873,61.0,67.0
2022,5,regular,,401404005,14.281583246803786,17.5,18.0,0.8891213389121339,64.06411637583314,63.0,72.0
2022,5,regular,,401403904,22.997804703168633,32.0,35.0,0.9853556485355649,62.82855389190377,71.5,69.0
2022,6,regular,,401415629,7.6953791522429045,3.0,22.0,0.7411764705882353,60.98652283689984,65.0,60.0
2022,6,regular,,401405111,0.31913968774521045,-3.0,-1.0,0.4991596638655462,55.922793916057316,50.5,27.0
2022,6,regular,,401415407,-12.31329185170018,-11.5,-7.0,0.16302521008403362,57.32972139417921,50.5,63.0
2022,6,regular,,401415630,4.396483566921334,1.5,-1.0,0.6403361344537815,61.80533803399905,57.5,65.0
2022,6,regular,,401415236,4.662078479088918,6.5,33.0,0.653781512605042,50.611342896470376,51.5,47.0
2022,6,regular,,401415233,11.870570075920726,3.5,-3.0,0.8504201680672269,56.79396745607893,45.0,31.0
2022,6,regular,,401403910,2.41115167070275,10.5,7.0,0.5764705882352941,58.521604803605555,53.5,41.0
2022,6,regular,,401403913,-1.0186730852628294,-2.5,-27.0,0.4470588235294118,62.858828497343794,63.5,53.0
2022,6,regular,,401403914,8.5933992536686,8.5,23.0,0.7596638655462185,60.4365677551407,55.5,57.0
2022,6,regular,,401404089,-4.528595339311485,-7.0,-7.0,0.3226890756302521,70.22401748311006,70.0,69.0
2022,6,regular,,401405108,-23.02938452408498,-23.5,-21.0,0.030252100840336135,57.08625909010544,58.0,41.0
2022,6,regular,,401418606,-1.240687558144922,4.5,3.0,0.4369747899159664,57.372684466210714,50.0,45.0
2022,6,regular,,401404090,-7.653373067256867,-7.5,-49.0,0.25210084033613445,63.14737125228574,65.5,49.0
2022,6,regular,,401428201,-7.563263473352368,-16.5,-48.0,0.253781512605042,49.4289982673029,48.0,48.0
2022,6,regular,,401421105,-15.777322778102658,-16.5,-20.0,0.10420168067226891,59.14005044608089,53.0,62.0
2022,6,regular,,401416614,4.3684847927006345,4.5,-22.0,0.6403361344537815,60.211381956860095,55.0,68.0
2022,6,regular,,401411136,-3.970667432110962,1.5,-17.0,0.33949579831932775,50.04974392133446,47.5,51.0
2022,6,regular,,401423001,-16.307231957643147,-16.0,-12.0,0.0957983193277311,69.51715397745245,67.5,68.0
2022,6,regular,,401416617,-3.7577375064389904,-2.0,-31.0,0.3411764705882353,64.23789464245945,54.5,45.0
2022,6,regular,,401405109,4.77652707629144,3.0,-2.0,0.6554621848739496,55.80246506377634,59.5,60.0
2022,6,regular,,401422990,-18.669959745648423,-16.0,-21.0,0.05042016806722689,43.160447080649575,37.5,25.0
2022,6,regular,,401423414,8.375221848769383,5.5,-14.0,0.7546218487394958,57.28830199914583,56.5,76.0
2022,6,regular,,401432241,1.1457254117496471,4.5,-7.0,0.5277310924369748,48.790805897387386,45.5,49.0
2022,6,regular,,401423139,-4.271758065781272,-9.5,31.0,0.32941176470588235,53.57550473553458,51.5,31.0
2022,6,regular,,401415199,28.97677427705157,29.5,21.0,0.9899159663865547,52.337529628092696,50.0,35.0
2022,6,regular,,401420781,3.645286927555962,3.5,-3.0,0.6151260504201681,56.5701276352214,48.5,45.0
2022,6,regular,,401413207,21.919247999596053,20.0,14.0,0.9798319327731092,45.42514163733628,51.0,42.0
2022,6,regular,,401415189,1.3305559792348318,-7.0,-7.0,0.534453781512605,57.619440489526724,60.0,47.0
2022,6,regular,,401418839,-25.12326115589611,-30.0,-5.0,0.020168067226890758,51.983746258489134,45.5,57.0
2022,6,regular,,401424406,13.334761932281886,11.5,7.0,0.8689075630252101,67.26541241074803,64.0,69.0
2022,6,regular,,401422974,-4.463757407156795,-7.0,-23.0,0.32605042016806723,48.816648032942695,50.5,65.0
2022,6,regular,,401421097,-4.343529166952011,-7.5,-12.0,0.32941176470588235,56.433170945381875,48.0,32.0
2022,6,regular,,401421141,-14.3564141066479,-10.5,-11.0,0.11932773109243698,44.71162364322508,41.5,31.0
2022,6,regular,,401416616,9.878045946606925,10.0,21.0,0.8084033613445378,59.494514798443475,59.0,89.0
2022,6,regular,,401424432,6.287444062582852,-5.5,-7.0,0.6857142857142857,49.67716619310506,49.5,55.0
2022,6,regular,,401424950,0.9971552041424117,-2.5,-6.0,0.5210084033613446,59.522347292145746,54.5,34.0
2022,6,regular,,401423915,-10.205083987027482,-15.0,-31.0,0.19831932773109243,49.00452466919367,41.5,87.0
2022,6,regular,,401424396,19.02952987701854,23.0,17.0,0.9546218487394958,54.29698971973124,48.0,37.0
2022,6,regular,,401423442,3.7713232342444702,8.0,6.0,0.6235294117647059,60.598497367822375,57.0,68.0
2022,6,regular,,401423147,-5.2075683181264685,-6.0,11.0,0.3058823529411765,56.957196243525345,54.5,43.0
2022,6,regular,,401426342,-0.3831897385600078,2.5,8.0,0.4689075630252101,59.60578614238161,66.5,74.0
2022,6,regular,,401415633,29.668819786477666,27.0,4.0,0.9915966386554622,60.850854186777994,58.5,52.0
2022,6,regular,,401420810,0.19019772391605072,3.5,-17.0,0.492436974789916,59.598268722406345,62.5,59.0
2022,6,regular,,401425453,18.302362404629807,17.0,14.0,0.9394957983193277,63.033379771433474,61.5,54.0
2022,6,regular,,401418813,10.506898127708643,9.5,8.0,0.8252100840336134,61.08337698013479,58.0,62.0
2022,6,regular,,401423452,-19.093288649069475,-26.5,-14.0,0.0453781512605042,50.290791543309425,52.5,38.0
2022,6,regular,,401420829,18.87972324672889,14.5,25.0,0.9478991596638655,46.72506460268474,43.0,31.0
2022,6,regular,,401420844,-20.056371509642073,-15.5,-29.0,0.04201680672268908,58.30762464642835,56.5,61.0
2022,6,regular,,401423920,-10.86660852370911,-13.0,-7.0,0.18823529411764706,58.67848844328056,63.5,41.0
2022,6,regular,,401405107,-11.185398049165117,-10.0,-35.0,0.18487394957983194,43.72585859309865,44.5,49.0
2022,6,regular,,401404091,13.173536849452816,11.5,10.0,0.8672268907563025,65.38740800621026,65.5,72.0
2022,6,regular,,401404164,-24.079156633785143,-22.5,-18.0,0.025210084033613446,48.95079618948449,46.0,66.0
2022,6,regular,,401424368,-0.5671758564557012,2.5,6.0,0.46554621848739497,50.824747619173166,45.5,48.0
2022,6,regular,,401416615,-5.8373417334514155,-6.5,-20.0,0.2957983193277311,64.00168708232428,59.0,84.0
2022,6,regular,,401403911,25.094079428996356,28.0,32.0,0.9865546218487395,42.64760939849147,49.5,52.0
2022,6,regular,,401404011,-2.8745337474151538,-3.0,10.0,0.3663865546218487,63.73412462407194,64.5,74.0
2022,6,regular,,401411135,17.57591899199031,14.5,16.0,0.9361344537815126,47.51481934325836,42.0,74.0
2022,6,regular,,401424433,12.03518511231499,8.5,10.0,0.8521008403361344,50.32245157563786,42.5,38.0
2022,6,regular,,401416618,3.083637205340762,-5.5,3.0,0.5983193277310924,55.61787007961043,56.5,51.0
2022,6,regular,,401416613,6.458061640203349,7.5,-1.0,0.6907563025210084,60.107939709936694,63.5,33.0
2022,6,regular,,401426581,6.317329907264176,10.0,27.0,0.6873949579831933,54.51764906490966,53.0,55.0
2022,6,regular,,401415631,3.6620740062147057,3.0,15.0,0.6168067226890757,56.40633529721503,55.5,33.0
2022,6,regular,,401415632,-3.410806160660718,-4.5,32.0,0.34789915966386553,46.389876973285524,46.0,74.0
2022,6,regular,,401411133,0.4113277401657407,4.0,-3.0,0.5025210084033613,72.56940741310706,67.5,51.0
2022,6,regular,,401405110,-22.237188022140238,-27.0,-29.0,0.030252100840336135,61.35872869451977,64.5,69.0
2022,6,regular,,401422980,35.424135628237366,33.5,57.0,1.0,48.572147429550725,47.5,57.0
2022,6,regular,,401413261,27.80065534122778,25.5,31.0,0.9899159663865547,64.11036740959464,59.0,43.0
2022,6,regular,,401422924,11.191029020101894,11.5,43.0,0.8470588235294118,64.35231819448873,64.5,55.0
2022,6,regular,,401404009,-11.418645466862982,-13.5,7.0,0.17647058823529413,53.68513106577201,56.0,83.0
2022,6,regular,,401428191,11.013741832761832,14.0,6.0,0.8436974789915966,59.38702813806672,55.0,62.0
2022,6,regular,,401411132,-4.358301347739875,-3.5,3.0,0.32941176470588235,52.7248045402314,54.0,43.0
2022,6,regular,,401403915,-12.704393880882693,-17.0,-24.0,0.15630252100840336,58.74220480508039,59.5,80.0
2022,6,regular,,401413228,10.812455777421839,10.5,2.0,0.838655462184874,51.06593859344606,55.0,60.0
2022,6,regular,,401423927,8.634587756000556,4.5,-32.0,0.761344537815126,51.94202828127993,49.5,58.0
2022,6,regular,,401426670,13.361563761904229,22.5,-3.0,0.8689075630252101,59.86855301197568,65.5,101.0
2022,6,regular,,401418831,10.208228464469386,8.0,-2.0,0.8201680672268907,51.01723881656035,41.5,44.0
2022,6,regular,,401426582,7.03061653583804,6.5,3.0,0.7142857142857143,73.51128565611057,72.5,59.0
2022,6,regular,,401420817,3.103721118331613,1.5,-5.0,0.6,55.13819079783131,51.0,65.0
2022,6,regular,,401424938,4.44800274869769,7.5,24.0,0.6436974789915967,53.2662092842162,49.5,58.0
2022,6,regular,,401426579,2.7130117316548925,-5.5,-21.0,0.5865546218487395,53.286696270229626,46.5,45.0
2022,6,regular,,401415234,-6.089715206175894,-3.0,-13.0,0.292436974789916,44.122920225089025,37.0,41.0
2022,6,regular,,401424931,-4.8820140699563375,-15.5,-23.0,0.31596638655462184,51.35041763562007,47.0,37.0
2022,6,regular,,401415231,-17.239448722765147,-11.5,7.0,0.07563025210084033,51.31921753099665,53.5,61.0
2022,6,regular,,401426580,3.355988406962867,1.5,10.0,0.6050420168067226,54.72083898476639,52.5,72.0
2022,6,regular,,401426346,2.1345010967776483,7.0,17.0,0.5579831932773109,45.93115470202058,44.0,37.0
2022,6,regular,,401462219,-1.592720162858078,-7.0,-2.0,0.4134453781512605,58.265851929400654,61.5,36.0
2022,6,regular,,401426343,-11.48354308326438,-11.5,-22.0,0.17478991596638654,61.9743675529059,55.0,62.0
2022,6,regular,,401426345,-14.023657556068525,-19.5,12.0,0.12773109243697478,57.56846590158115,54.5,60.0
2022,6,regular,,401462517,-2.304102785198009,3.5,3.0,0.3899159663865546,50.26251287953162,48.5,79.0
2022,6,regular,,401404088,0.2901982596146372,-1.0,-1.0,0.49747899159663866,42.119941182801384,45.0,19.0
2022,6,regular,,401411131,-24.365682383149384,-21.0,-28.0,0.023529411764705882,53.1538057301387,48.5,34.0
2022,6,regular,,401403912,12.521712756163602,4.5,-10.0,0.8588235294117647,50.464772763835825,45.0,38.0
2022,6,regular,,401405106,7.200108520674065,3.5,3.0,0.7243697478991596,29.0701346821942,36.5,15.0
2022,6,regular,,401404127,4.16240009711846,3.5,8.0,0.6352941176470588,51.90652631906532,51.5,48.0
2022,6,regular,,401404138,19.07110116837943,16.0,35.0,0.9563025210084034,64.92227617236063,65.5,55.0
2022,6,regular,,401404012,11.118223576526995,12.5,16.0,0.8453781512605042,59.85990460879983,64.5,44.0
2022,6,regular,,401411134,5.873987659102431,3.5,2.0,0.6773109243697479,50.38682563069392,50.5,36.0
2022,6,regular,,401413238,14.127456042532831,16.0,24.0,0.8823529411764706,58.06463358770739,66.5,66.0
2022,6,regular,,401420879,-1.2729315113703124,2.5,-2.0,0.43529411764705883,57.648776986471105,58.5,82.0
2022,6,regular,,401426344,-11.083062913808673,-12.5,-7.0,0.18823529411764706,60.29920114934943,58.0,49.0
2022,6,regular,,401403909,23.568908987943416,24.0,4.0,0.9831932773109243,47.77082666030364,48.0,44.0
2022,6,regular,,401415179,29.551047716932764,29.5,48.0,0.9915966386554622,63.95961859509028,68.0,62.0
2022,6,regular,,401404008,-12.751664987545723,-13.5,-27.0,0.15630252100840336,69.66691704106682,72.0,71.0
2022,6,regular,,401415232,10.479519381714772,10.5,20.0,0.8252100840336134,47.77941482047085,45.5,60.0
2022,6,regular,,401415235,17.498165436639322,23.5,2.0,0.934453781512605,49.97764251392721,49.0,30.0
2022,6,regular,,401404010,-7.689781212347001,-4.5,-1.0,0.2504201680672269,58.514440962322595,53.5,55.0
2022,7,regular,,401426347,5.7945185550828775,10.5,-10.0,0.6875,42.830133344287006,45.0,36.0
2022,7,regular,,401404092,-4.80489977778926,-3.0,3.0,0.3068181818181818,56.44004693138533,55.0,83.0
2022,7,regular,,401415634,27.975543151743327,23.5,57.0,0.9872159090909091,44.68953987518961,46.5,83.0
2022,7,regular,,401420782,11.743957112231861,14.5,39.0,0.84375,55.78366938369128,52.5,79.0
2022,7,regular,,401455633,23.104142326968585,22.5,16.0,0.9772727272727273,52.95431698206271,54.5,54.0
2022,7,regular,,401415635,6.315248234037003,12.5,6.0,0.703125,51.952528428338084,58.5,74.0
2022,7,regular,,401426584,-25.91040580955152,-33.5,-20.0,0.017045454545454544,63.859559655433884,63.5,40.0
2022,7,regular,,401404139,27.28065783775479,31.0,25.0,0.9872159090909091,50.356930625728225,51.0,59.0
2022,7,regular,,401405115,9.40777298764824,7.0,24.0,0.7869318181818182,52.128794672580725,49.0,58.0
2022,7,regular,,401404093,14.146585998493723,15.5,3.0,0.8892045454545454,46.560170250493286,48.5,45.0
2022,7,regular,,401403920,11.521791620811536,15.5,14.0,0.8423295454545454,53.10851272985457,55.0,82.0
2022,7,regular,,401426348,14.007253902129463,11.5,-28.0,0.8849431818181818,54.58294717818113,58.5,70.0
2022,7,regular,,401416622,-5.336332709634995,-7.0,4.0,0.29545454545454547,55.09734987778833,45.0,30.0
2022,7,regular,,401435080,0.9663732966285772,-4.0,-17.0,0.5028409090909091,54.49311245161796,53.0,31.0
2022,7,regular,,401422981,29.092027454637993,29.0,20.0,0.9886363636363636,48.73028621389464,44.5,38.0
2022,7,regular,,401404094,3.349493915708715,10.5,10.0,0.6079545454545454,66.72123198568669,66.0,94.0
2022,7,regular,,401416619,-10.81083270170813,-12.0,-7.0,0.18892045454545456,58.0337653812805,60.5,49.0
2022,7,regular,,401405112,0.48809781180793554,-4.5,12.0,0.4914772727272727,39.12538138888133,40.0,40.0
2022,7,regular,,401411140,-8.406657549583967,-8.5,-6.0,0.234375,48.64901646318704,48.0,34.0
2022,7,regular,,401424397,-2.451739049842834,4.0,7.0,0.4005681818181818,56.66890461870029,53.5,27.0
2022,7,regular,,401423148,18.3547613611668,22.5,2.0,0.9431818181818182,54.63529945638781,58.5,54.0
2022,7,regular,,401424407,-11.027481673391057,-10.5,10.0,0.18892045454545456,59.73523781725169,60.5,66.0
2022,7,regular,,401428192,19.20109555758173,27.0,31.0,0.9517045454545454,52.14969541199414,48.5,51.0
2022,7,regular,,401415200,-4.208329430355184,7.0,20.0,0.3196022727272727,45.30563057072651,39.0,48.0
2022,7,regular,,401414783,-20.459838384992796,-17.0,-27.0,0.04261363636363636,52.27991640964302,47.5,41.0
2022,7,regular,,401423434,19.361998857117037,19.5,37.0,0.9517045454545454,52.9680158409924,52.0,71.0
2022,7,regular,,401415408,9.954206469338041,7.5,4.0,0.8039772727272727,52.150048638298315,48.5,34.0
2022,7,regular,,401423428,-14.997889482913514,-14.0,-50.0,0.11505681818181818,53.62243734681056,50.5,64.0
2022,7,regular,,401413208,0.7465006163985362,3.5,15.0,0.4928977272727273,37.445218310310054,33.5,47.0
2022,7,regular,,401421131,20.26700829403066,25.0,28.0,0.9616477272727273,49.62268230173825,48.5,54.0
2022,7,regular,,401418607,11.078502168049027,3.0,-14.0,0.8323863636363636,53.92835455091591,48.0,14.0
2022,7,regular,,401424951,-9.70783399095725,-17.0,-4.0,0.21306818181818182,60.175833381643955,56.0,36.0
2022,7,regular,,401404014,-13.020955136527693,-15.0,7.0,0.15625,46.46377882714876,49.0,33.0
2022,7,regular,,401418840,8.701699250043877,12.0,6.0,0.7727272727272727,50.99048398459885,48.0,90.0
2022,7,regular,,401423155,18.512566529204143,16.5,12.0,0.9460227272727273,53.67210951208544,45.0,40.0
2022,7,regular,,401404153,8.71676110915341,9.5,4.0,0.7727272727272727,49.22541967958911,47.5,46.0
2022,7,regular,,401421113,9.023464147271504,10.5,-1.0,0.7769886363636364,51.472163874814285,48.5,51.0
2022,7,regular,,401421160,8.258031041264177,9.5,7.0,0.7642045454545454,58.552117944717494,58.5,87.0
2022,7,regular,,401413343,-20.547755731571144,-21.5,-23.0,0.04261363636363636,65.73305895419037,62.0,51.0
2022,7,regular,,401425519,22.854160336507896,25.0,23.0,0.9772727272727273,59.09609730430071,59.5,37.0
2022,7,regular,,401423453,11.309000900909066,18.0,15.0,0.8394886363636364,41.785500288363735,37.5,33.0
2022,7,regular,,401413249,13.020715531231092,17.5,-7.0,0.8693181818181818,56.66192191424996,51.5,53.0
2022,7,regular,,401413229,-0.04679093703871676,-3.5,9.0,0.4772727272727273,55.47395243948856,56.0,71.0
2022,7,regular,,401426256,0.9296503417118686,6.5,-3.0,0.5014204545454546,64.22057382485875,65.5,71.0
2022,7,regular,,401418832,5.009496271087438,-1.5,2.0,0.6647727272727273,43.44681394380994,40.0,22.0
2022,7,regular,,401420834,2.2281997447403086,4.0,-2.0,0.5681818181818182,50.14844896143248,46.0,44.0
2022,7,regular,,401424435,5.494460937700758,4.5,10.0,0.6803977272727273,62.30500899658579,62.5,30.0
2022,7,regular,,401426583,22.838045795509366,22.5,14.0,0.9772727272727273,61.513417945176755,65.0,54.0
2022,7,regular,,401424434,5.929262762066141,14.0,-1.0,0.6903409090909091,58.81614351604106,57.0,75.0
2022,7,regular,,401426587,-4.47036781579114,-7.5,-18.0,0.31392045454545453,66.9741161281698,67.5,52.0
2022,7,regular,,401426352,10.133541410970357,16.5,3.0,0.8039772727272727,45.860559357583554,47.0,31.0
2022,7,regular,,401411139,-1.1058210088315277,3.0,15.0,0.4431818181818182,47.343368050549095,42.5,33.0
2022,7,regular,,401405114,-13.662114902031682,-11.0,-5.0,0.14488636363636365,54.00607627805536,63.5,71.0
2022,7,regular,,401416623,-0.10331219783298806,2.0,-19.0,0.4744318181818182,64.24687643217067,61.5,47.0
2022,7,regular,,401416621,10.163847510492872,7.5,21.0,0.8039772727272727,61.61234074101125,62.5,83.0
2022,7,regular,,401403921,-5.836260612232693,-9.0,3.0,0.2883522727272727,64.81909666793709,68.0,101.0
2022,7,regular,,401403916,3.335475772244174,1.0,-17.0,0.6065340909090909,60.896770832660565,66.5,87.0
2022,7,regular,,401404095,0.3118819589040609,5.0,3.0,0.484375,67.74552781910228,69.5,83.0
2022,7,regular,,401403918,35.03991086353035,37.5,55.0,0.9971590909090909,54.03071699630108,56.5,55.0
2022,7,regular,,401404162,27.039619217233426,24.5,1.0,0.9872159090909091,54.661062926093656,55.0,41.0
2022,7,regular,,401416620,5.892026753749577,3.5,-29.0,0.6889204545454546,70.88439063407046,64.5,49.0
2022,7,regular,,401422925,12.641880457560028,14.0,22.0,0.8551136363636364,54.46041677764907,52.5,88.0
2022,7,regular,,401415636,-15.053865730758679,-12.0,-14.0,0.11505681818181818,54.796856898729025,55.0,76.0
2022,7,regular,,401418598,-16.101971197161973,-17.5,-16.0,0.09659090909090909,57.43194439054723,54.5,66.0
2022,7,regular,,401428197,1.2348863056458845,3.0,-1.0,0.5198863636363636,62.47216772652655,59.5,47.0
2022,7,regular,,401426349,-14.660076927508639,-13.0,7.0,0.12073863636363637,61.353221067349864,67.5,83.0
2022,7,regular,,401426586,4.861979015861576,6.5,20.0,0.6619318181818182,71.71121061907914,68.5,74.0
2022,7,regular,,401420850,-24.899562917140646,-25.5,-35.0,0.02130681818181818,66.99304120241275,72.5,63.0
2022,7,regular,,401424939,-26.040344125299434,-28.5,-40.0,0.017045454545454544,58.8229348056676,59.5,56.0
2022,7,regular,,401405116,-4.510625844176797,-7.0,6.0,0.3125,50.08680995580548,49.5,62.0
2022,7,regular,,401418634,28.52326816717834,23.5,35.0,0.9872159090909091,51.209790060951214,52.5,69.0
2022,7,regular,,401418787,3.8490060743255645,7.0,3.0,0.6235795454545454,53.76793510445972,53.5,39.0
2022,7,regular,,401428190,-14.47692492472535,-12.5,-35.0,0.12357954545454546,54.23789422866078,55.0,49.0
2022,7,regular,,401421098,19.579131779582863,27.5,25.0,0.953125,58.26129015706736,56.0,31.0
2022,7,regular,,401404013,16.984403530247633,14.5,10.0,0.9247159090909091,65.22553628366151,71.5,88.0
2022,7,regular,,401426585,4.010988510979739,4.0,3.0,0.6321022727272727,55.775928732699484,54.5,31.0
2022,7,regular,,401424436,17.282592039354558,15.5,31.0,0.9289772727272727,67.77180905450876,66.5,59.0
2022,7,regular,,401418639,3.5639051693137453,6.5,-8.0,0.6178977272727273,54.24538614289488,51.5,42.0
2022,7,regular,,401415238,-6.820810306621906,-14.0,-4.0,0.27698863636363635,52.83384831706867,45.5,30.0
2022,7,regular,,401403917,-4.436687599441991,2.0,-10.0,0.31392045454545453,54.775255308812895,51.5,80.0
2022,7,regular,,401415173,13.156436522102705,14.5,29.0,0.8721590909090909,48.46069164883549,52.0,83.0
2022,7,regular,,401425423,-2.4904541905489452,2.5,-16.0,0.3991477272727273,53.78980219185981,53.5,44.0
2022,7,regular,,401423928,5.932929397046076,8.0,4.0,0.6903409090909091,55.94129340094031,55.5,38.0
2022,7,regular,,401426351,4.278539325929161,4.5,1.0,0.6377840909090909,57.69031073559772,53.0,39.0
2022,7,regular,,401420875,-1.6436073041828605,7.5,17.0,0.4247159090909091,64.05544214175563,62.0,65.0
2022,7,regular,,401426350,14.29028821505869,17.0,7.0,0.8892045454545454,51.458596429044505,51.0,75.0
2022,7,regular,,401413239,-14.450476616092436,-14.5,-24.0,0.12357954545454546,68.56108369955567,75.0,80.0
2022,7,regular,,401413219,-18.34288839473786,-15.5,-16.0,0.06960227272727272,58.78100102489823,60.5,78.0
2022,7,regular,,401462221,5.360110627408455,2.5,-27.0,0.6775568181818182,58.73380474322304,65.0,47.0
2022,7,regular,,401403919,-3.7094481470650154,-3.5,10.0,0.3380681818181818,47.76430094428059,50.5,44.0
2022,7,regular,,401415637,0.7997165784139937,5.5,2.0,0.4928977272727273,59.75209577665116,62.5,92.0
2022,7,regular,,401411138,-9.416070317503694,-4.5,-6.0,0.21732954545454544,53.39143023955582,51.0,62.0
2022,7,regular,,401405113,14.668781635101851,14.0,6.0,0.8920454545454546,57.27230772426222,56.0,80.0
2022,7,regular,,401404016,15.73356136339072,16.5,-2.0,0.9090909090909091,50.304905112243006,53.5,30.0
2022,7,regular,,401409239,-6.239118266900027,-7.0,12.0,0.2840909090909091,44.90492829881401,38.5,30.0
2022,7,regular,,401404017,3.6733311339666472,3.5,1.0,0.6193181818181818,64.70815076801745,65.0,85.0
2022,7,regular,,401411137,-4.756621630072642,-7.0,-3.0,0.3096590909090909,68.91040285223659,70.0,73.0
2022,7,regular,,401404015,2.832162546985963,3.0,14.0,0.5880681818181818,51.699461265160366,51.5,34.0
2022,7,regular,,401415237,-9.910782714878204,-10.0,-35.0,0.20738636363636365,54.53553468009125,50.0,49.0
2022,7,regular,,401415239,-6.2440288437346405,-7.0,7.0,0.2840909090909091,46.136742433718766,47.0,27.0
2022,7,regular,,401415240,-10.724558307739843,-6.25,15.0,0.1903409090909091,57.046763129955835,51.5,47.0
2022,7,regular,,401423443,-8.540796408385974,-10.5,-3.0,0.234375,58.35125232892527,56.0,65.0
2022,8,regular,,401426353,9.5875699197978,9.5,25.0,0.7916152897657214,62.65692808780206,60.0,59.0
2022,8,regular,,401411141,-0.7284218362881518,3.5,-7.0,0.4599260172626387,45.73731287783414,48.0,25.0
2022,8,regular,,401426354,4.824891959661458,3.0,-4.0,0.6633785450061652,45.303936596687805,47.0,16.0
2022,8,regular,,401423435,-2.8140086915676097,-3.5,11.0,0.39457459926017263,57.79783516364197,54.0,63.0
2022,8,regular,,401418599,-0.8840077243950122,-2.5,-27.0,0.45006165228113443,53.06219287333094,47.0,47.0
2022,8,regular,,401415638,-11.267700415200295,-13.5,-11.0,0.17755856966707767,52.96040312612601,53.5,43.0
2022,8,regular,,401426592,3.561876056435154,1.0,3.0,0.6202219482120839,57.647353196738834,60.5,37.0
2022,8,regular,,401431404,8.790782135720004,13.0,10.0,0.7780517879161529,57.59197818624639,50.0,58.0
2022,8,regular,,401425427,-6.906978416812095,-5.5,-24.0,0.2651048088779285,48.36457391159878,44.0,36.0
2022,8,regular,,401415641,-5.667407948008737,-3.5,-2.0,0.2971639950678175,63.051754168607985,59.5,56.0
2022,8,regular,,401405121,0.5099753402685612,3.0,7.0,0.5080147965474723,48.533289574121724,48.0,41.0
2022,8,regular,,401404140,3.237503114533531,6.5,24.0,0.6078914919852034,56.44192656928154,55.5,72.0
2022,8,regular,,401405119,24.93260642306884,29.5,44.0,0.9815043156596794,47.01797311916616,49.5,64.0
2022,8,regular,,401403926,37.01483915995165,38.5,41.0,0.9975339087546239,69.81219091804377,71.5,89.0
2022,8,regular,,401422982,5.3233356288865155,10.0,-2.0,0.6744759556103576,43.2059110409153,36.0,36.0
2022,8,regular,,401404096,5.268130732009576,10.5,12.0,0.6732429099876696,64.99939020492161,56.5,58.0
2022,8,regular,,401428459,-9.553710806775806,-16.5,-24.0,0.21331689272503082,49.46797646992515,44.5,52.0
2022,8,regular,,401415640,-2.331139174258062,-3.0,-18.0,0.406905055487053,50.81133417863943,50.5,58.0
2022,8,regular,,401411142,9.447412313054771,14.0,6.0,0.7891491985203453,51.49397093029829,50.0,48.0
2022,8,regular,,401416628,13.596579451829509,15.5,6.0,0.8717632552404438,60.814692929409894,65.0,60.0
2022,8,regular,,401411144,4.788828486379961,10.0,-24.0,0.6596794081381011,55.275153136751165,59.0,66.0
2022,8,regular,,401415191,-0.7858193843780936,2.5,-3.0,0.45745992601726265,58.796108211533785,58.5,45.0
2022,8,regular,,401416626,-2.516239204878078,-7.0,7.0,0.3995067817509248,60.14620680551664,56.0,61.0
2022,8,regular,,401424398,-4.6211783412399825,-2.5,18.0,0.32922318125770655,48.77548769656722,44.5,62.0
2022,8,regular,,401428487,-23.494789862232526,-23.0,-29.0,0.02836004932182491,57.16175744502,54.5,63.0
2022,8,regular,,401423415,4.890667461498196,13.5,3.0,0.6683107274969173,54.619460679389405,53.0,43.0
2022,8,regular,,401416629,6.9051937671355805,6.5,-16.0,0.7311960542540074,58.809338273377755,50.5,52.0
2022,8,regular,,401423140,8.733365453463861,7.0,21.0,0.7780517879161529,52.71185983212126,50.5,41.0
2022,8,regular,,401425516,0.6020360526655177,7.5,18.0,0.5104808877928483,50.5751538889165,45.5,52.0
2022,8,regular,,401424408,1.0845172873203257,-1.0,-2.0,0.5277435265104808,60.6083400439497,60.0,94.0
2022,8,regular,,401423420,4.881023556267319,1.5,6.0,0.6683107274969173,48.76858490699849,47.5,56.0
2022,8,regular,,401423916,0.1655323832028044,4.5,7.0,0.4969173859432799,51.81953297823274,45.5,33.0
2022,8,regular,,401418833,-5.923073204611447,-4.5,-6.0,0.28976572133168926,47.33282085978899,40.5,48.0
2022,8,regular,,401415201,1.77462031297786,2.0,-3.0,0.5573366214549939,44.80958507204498,38.0,51.0
2022,8,regular,,401421161,-12.157534188971352,-13.5,-38.0,0.16399506781750925,52.77298938256709,52.5,44.0
2022,8,regular,,401421132,-0.8191817097923094,-1.5,20.0,0.4562268803945746,54.67519459850382,50.0,62.0
2022,8,regular,,401420802,-3.3709306425241583,1.0,2.0,0.376078914919852,60.443977723009,58.5,50.0
2022,8,regular,,401416624,0.7617910720189178,2.5,-4.0,0.5141800246609125,57.20619642264204,57.5,36.0
2022,8,regular,,401428477,13.944791079509528,10.0,15.0,0.8779284833538841,64.15411316997327,63.5,51.0
2022,8,regular,,401413220,4.475133547409183,7.5,-17.0,0.6448828606658447,62.163093317984405,64.0,45.0
2022,8,regular,,401416625,0.319469342305573,-2.5,7.0,0.5006165228113441,70.70666154071931,65.5,41.0
2022,8,regular,,401421142,14.18396376482024,15.0,-13.0,0.8828606658446363,55.078256611742276,53.0,55.0
2022,8,regular,,401424438,-16.332556627994723,-20.0,-31.0,0.09494451294697903,50.78184093063135,50.0,51.0
2022,8,regular,,401418814,-16.781458120510774,-16.5,-35.0,0.08631319358816276,63.75095055973395,65.5,67.0
2022,8,regular,,401421107,-6.872250176989895,-3.0,-5.0,0.2651048088779285,57.36432303243966,55.5,75.0
2022,8,regular,,401423149,-14.322418876080397,-12.5,-34.0,0.12700369913686807,52.615094606468425,48.0,62.0
2022,8,regular,,401404128,17.492439645540067,26.0,23.0,0.9309494451294698,50.25148858195536,46.5,65.0
2022,8,regular,,401413250,10.99111759100836,12.0,35.0,0.8212083847102343,59.04739272838515,57.5,77.0
2022,8,regular,,401404099,2.425195523360946,5.0,38.0,0.5832305795314426,66.91634435300604,65.5,58.0
2022,8,regular,,401425424,4.7185045730622095,7.5,20.0,0.655980271270037,52.52908162592039,49.5,54.0
2022,8,regular,,401413262,-3.396042257055024,-3.5,-14.0,0.376078914919852,52.364813937302216,52.0,34.0
2022,8,regular,,401418640,14.818817864608256,13.5,3.0,0.8877928483353884,65.99758131161906,67.5,109.0
2022,8,regular,,401413344,-4.762455791641225,-3.0,5.0,0.32305795314426633,57.380309278159814,53.5,81.0
2022,8,regular,,401420783,29.011345173143244,33.5,31.0,0.9889025893958077,50.695097273229266,47.5,45.0
2022,8,regular,,401426590,-4.7760699915789635,-3.0,-1.0,0.32305795314426633,63.10230910982759,57.0,83.0
2022,8,regular,,401423921,1.1387233199531437,9.5,-7.0,0.531442663378545,51.923833633261424,49.5,61.0
2022,8,regular,,401424956,16.64311015253237,17.0,8.0,0.9136868064118372,58.08270576453815,56.5,36.0
2022,8,regular,,401420874,-0.9518589919995575,-4.5,-3.0,0.44882860665844637,59.56118995151675,46.0,79.0
2022,8,regular,,401415180,-17.17854846891544,-19.0,-48.0,0.08014796547472257,59.62964915287344,60.0,68.0
2022,8,regular,,401420830,-10.37811355847231,-3.5,3.0,0.18865598027127004,49.467934700328286,45.5,51.0
2022,8,regular,,401424439,-5.083690226426373,-3.5,1.0,0.3156596794081381,50.082283848559086,43.5,55.0
2022,8,regular,,401424437,12.20608936206424,16.5,2.0,0.8483353884093712,68.78040694067563,65.5,60.0
2022,8,regular,,401405117,0.8576432964030509,1.5,11.0,0.5141800246609125,55.91589001322342,51.5,59.0
2022,8,regular,,401416627,6.613509805510527,7.0,-6.0,0.720098643649815,48.19523614050676,44.0,26.0
2022,8,regular,,401415639,4.090509503382012,7.0,10.0,0.6313193588162762,59.29121636529129,55.5,66.0
2022,8,regular,,401404098,-3.8557414419953373,-6.5,7.0,0.35758323057953145,63.382452885476724,58.5,75.0
2022,8,regular,,401411145,23.394619094959612,20.0,28.0,0.9753390875462392,60.77328792078501,60.0,58.0
2022,8,regular,,401422970,-0.4758333172738194,-2.5,-10.0,0.4722564734895191,53.39813182999226,49.0,100.0
2022,8,regular,,401403923,-3.5471311227892324,-0.0,25.0,0.3711467324290999,61.417022974710065,64.0,65.0
2022,8,regular,,401405118,22.687845803972273,14.5,7.0,0.9753390875462392,50.00556006968572,51.0,55.0
2022,8,regular,,401426355,8.619883493677449,9.5,-14.0,0.7780517879161529,53.40537162358543,48.5,38.0
2022,8,regular,,401404021,2.306641815829557,7.0,15.0,0.5795314426633785,71.54859310919475,70.5,75.0
2022,8,regular,,401426356,4.658894916909187,1.5,-5.0,0.6535141800246609,59.91996649941021,66.0,51.0
2022,8,regular,,401426588,7.7891891726405245,13.5,-19.0,0.750924784217016,64.0686683198979,63.5,49.0
2022,8,regular,,401426591,12.591451192827698,10.0,4.0,0.8545006165228114,70.64621284183059,73.0,58.0
2022,8,regular,,401422991,-25.788041343882156,-24.5,-3.0,0.01972872996300863,44.018786336386796,38.5,45.0
2022,8,regular,,401404163,0.24841484400439992,-7.0,27.0,0.49815043156596794,58.73313227147405,58.0,55.0
2022,8,regular,,401462224,0.6437215030030865,2.5,5.0,0.5117139334155364,55.97326443679175,54.5,75.0
2022,8,regular,,401424369,-18.413812793453715,-18.5,-20.0,0.06165228113440197,52.33505962172252,48.5,68.0
2022,8,regular,,401404018,3.0541372555221495,3.0,1.0,0.5992601726263872,52.383812314880416,52.0,29.0
2022,8,regular,,401403924,7.33500054113419,14.0,3.0,0.7410604192355117,58.841662730972004,49.0,31.0
2022,8,regular,,401420825,-13.352303951720732,-12.5,-1.0,0.14796547472256474,58.01532081640981,58.0,55.0
2022,8,regular,,401415242,3.9562370344976827,6.0,4.0,0.6300863131935882,51.04153622577011,46.0,30.0
2022,8,regular,,401420818,-11.694036031559584,-10.0,-14.0,0.17016029593094945,51.86989392985573,45.5,84.0
2022,8,regular,,401424940,-1.0360298175801248,-4.0,-10.0,0.44512946979038226,52.35318400569689,47.5,80.0
2022,8,regular,,401426589,-7.848719327837512,-3.0,3.0,0.24907521578298397,45.96805938403871,50.5,45.0
2022,8,regular,,401426357,7.960820187446663,6.5,20.0,0.7558569667077681,51.21628307863861,51.0,56.0
2022,8,regular,,401426358,-3.014993962037411,-2.5,-6.0,0.3933415536374846,46.73754475348632,43.0,34.0
2022,8,regular,,401420811,5.501254588543104,1.5,21.0,0.6806411837237978,57.21406988137396,56.5,61.0
2022,8,regular,,401420866,-11.255727018330793,-10.0,-33.0,0.17755856966707767,52.4685208247149,48.0,75.0
2022,8,regular,,401428198,-9.69014126390476,-11.5,-14.0,0.21331689272503082,55.12450749616143,55.0,42.0
2022,8,regular,,401415243,-12.058509139660579,-9.5,-32.0,0.16399506781750925,42.24269213296843,40.5,50.0
2022,8,regular,,401403922,13.027423892269553,21.0,24.0,0.8618988902589396,61.16452095878083,61.5,36.0
2022,8,regular,,401415241,6.300775772956276,2.5,-5.0,0.7127003699136868,48.391906413045035,46.5,33.0
2022,8,regular,,401403925,-1.0632119317335138,-3.0,6.0,0.44512946979038226,45.54685655278654,44.5,54.0
2022,8,regular,,401405120,2.0251565457368232,5.5,28.0,0.5684340320591862,45.23729435177292,43.0,62.0
2022,8,regular,,401415642,-9.186692742974628,-5.5,21.0,0.21701602959309493,61.56481606298445,63.5,47.0
2022,8,regular,,401413230,-13.771627026097672,-10.0,-7.0,0.14180024660912455,68.58462781553828,75.5,27.0
2022,8,regular,,401411143,2.3834838252000172,1.5,14.0,0.5832305795314426,58.13464874362691,55.0,34.0
2022,8,regular,,401404020,22.284381673936938,23.0,33.0,0.9741060419235512,52.60084623701765,47.5,51.0
2022,8,regular,,401404097,4.164173239017186,3.5,10.0,0.6387176325524044,57.41286407771606,54.5,66.0
2022,8,regular,,401415244,2.46852108710644,5.5,14.0,0.5844636251541308,50.86637776225296,44.5,42.0
2022,8,regular,,401404019,-8.299865743712111,-7.5,-7.0,0.2379778051787916,53.011409238574565,54.5,49.0
2022,8,regular,,401415245,-0.7315429741155188,-7.5,-16.0,0.45869297163995065,44.164307750114105,36.0,30.0
2022,8,regular,,401413337,9.386373500659305,5.0,7.0,0.7891491985203453,61.17712528763897,53.0,55.0
2022,9,regular,,401411146,20.256124567915347,13.5,1.0,0.9521739130434783,39.669858457967464,39.0,43.0
2022,9,regular,,401426359,-3.7027394721357396,-2.5,15.0,0.3706521739130435,41.549478132712736,43.0,63.0
2022,9,regular,,401404026,-11.303584974666213,-7.0,-4.0,0.1673913043478261,52.46461625901322,56.5,38.0
2022,9,regular,,401415202,-1.094374830556839,-5.0,-25.0,0.45652173913043476,45.9174231667532,43.5,57.0
2022,9,regular,,401415645,-2.713117546728764,3.5,-3.0,0.40869565217391307,60.642009380870775,64.0,51.0
2022,9,regular,,401426594,-5.7832822088311815,-6.5,8.0,0.29891304347826086,62.52243671655974,57.0,76.0
2022,9,regular,,401404103,-11.82721733125213,-7.0,-10.0,0.15543478260869564,68.86127019321916,69.5,72.0
2022,9,regular,,401423421,-7.878150744576162,-6.0,-30.0,0.24565217391304348,48.58419231958068,46.0,58.0
2022,9,regular,,401411147,15.88372426679425,23.5,25.0,0.9010869565217391,48.00696081880359,48.0,57.0
2022,9,regular,,401431406,11.626350412575244,13.0,30.0,0.8369565217391305,57.39319108934045,48.5,44.0
2022,9,regular,,401404129,2.4543080990518877,-1.0,-17.0,0.5858695652173913,45.877686925627444,48.0,65.0
2022,9,regular,,401420784,-9.995754152391827,-10.5,27.0,0.1967391304347826,53.02793205162576,46.0,55.0
2022,9,regular,,401423436,3.2479948268029197,8.5,27.0,0.6195652173913043,54.5030419150507,46.5,41.0
2022,9,regular,,401415643,17.92030510982724,17.5,15.0,0.9271739130434783,63.64920235583874,59.0,69.0
2022,9,regular,,401405126,-14.663281447935315,-15.5,-13.0,0.12065217391304348,62.247705472097024,60.5,75.0
2022,9,regular,,401403927,-1.3504995859197022,-4.0,-14.0,0.45108695652173914,58.42185641792967,60.0,68.0
2022,9,regular,,401423141,8.78452058898394,8.5,36.0,0.7717391304347826,52.64390562747738,58.5,76.0
2022,9,regular,,401416631,-7.764700679221743,-9.0,-18.0,0.2467391304347826,47.34338603139196,51.5,36.0
2022,9,regular,,401404154,-3.51312014503856,-8.0,10.0,0.3793478260869565,48.23814685563107,44.0,16.0
2022,9,regular,,401432242,14.165611983602265,13.0,-2.0,0.8869565217391304,50.288529951383794,52.5,98.0
2022,9,regular,,401404100,2.766692633867761,-1.5,-14.0,0.5956521739130435,49.44021179390931,58.0,40.0
2022,9,regular,,401416630,-9.287859658702777,-4.0,-3.0,0.2141304347826087,62.90512943994151,54.0,51.0
2022,9,regular,,401411150,1.858493393263148,-3.0,-2.0,0.5554347826086956,50.15094484697343,48.5,26.0
2022,9,regular,,401422992,9.014560038318718,10.5,-10.0,0.7760869565217391,47.22196626684625,43.0,50.0
2022,9,regular,,401415192,-17.859636707783164,-13.0,3.0,0.06847826086956521,52.474516700042564,55.5,65.0
2022,9,regular,,401423156,5.906598370410529,7.0,-7.0,0.6956521739130435,57.114001462807515,47.5,41.0
2022,9,regular,,401424440,9.466522892439826,9.5,45.0,0.7869565217391304,57.22917131064503,46.0,73.0
2022,9,regular,,401421108,-3.88733953703734,3.0,7.0,0.3673913043478261,51.21945987578107,55.0,55.0
2022,9,regular,,401421099,8.227901509935819,6.5,7.0,0.7597826086956522,48.57367525428978,44.0,91.0
2022,9,regular,,401424409,14.053336552838012,19.5,-4.0,0.8869565217391304,60.813471240118886,57.0,100.0
2022,9,regular,,401424442,-17.711984267944132,-14.5,-10.0,0.06956521739130435,53.59301183318965,54.5,52.0
2022,9,regular,,401422983,-7.104697660378084,-7.5,-6.0,0.26521739130434785,46.4793147689405,42.5,20.0
2022,9,regular,,401425415,9.70791939414025,10.5,1.0,0.7945652173913044,73.3765508475214,68.5,105.0
2022,9,regular,,401424390,8.203801085983859,6.5,1.0,0.7597826086956522,58.95711185783499,59.5,61.0
2022,9,regular,,401428193,-4.895217964555184,-3.0,7.0,0.3293478260869565,53.36117605973697,52.0,83.0
2022,9,regular,,401424441,14.717875805614327,22.5,14.0,0.8913043478260869,55.760667141200386,57.5,34.0
2022,9,regular,,401413209,-10.744304408773418,-7.5,7.0,0.17608695652173914,52.456828842930065,51.0,89.0
2022,9,regular,,401428220,13.901980640425732,17.0,8.0,0.8815217391304347,54.373228289120135,50.5,88.0
2022,9,regular,,401418600,1.4096630276999615,-2.5,-15.0,0.5413043478260869,52.8543281270463,53.5,41.0
2022,9,regular,,401422926,-22.349805929500935,-27.5,-41.0,0.03152173913043478,55.63568397544,55.5,69.0
2022,9,regular,,401420803,-12.814881339982698,-13.0,-7.0,0.14021739130434782,52.61567169537456,48.0,49.0
2022,9,regular,,401420793,-2.0113694143264778,-7.0,-28.0,0.42717391304347824,56.22846419633779,52.0,70.0
2022,9,regular,,401420826,3.2631554771545095,3.5,21.0,0.6195652173913043,50.53170872128498,47.5,69.0
2022,9,regular,,401418641,6.937327761825471,6.0,-5.0,0.725,69.79182444639802,71.5,51.0
2022,9,regular,,401421143,-15.175260364735095,-15.5,-35.0,0.11304347826086956,45.53442608754973,46.0,41.0
2022,9,regular,,401423950,17.852994509297428,17.5,35.0,0.925,53.464938358550896,56.0,35.0
2022,9,regular,,401421133,-5.69273008039078,-7.0,4.0,0.3032608695652174,48.918723380174406,44.5,44.0
2022,9,regular,,401426593,17.143996085693193,15.5,-33.0,0.9206521739130434,65.77363534081223,61.0,79.0
2022,9,regular,,401405123,15.776414735281914,14.0,31.0,0.9,44.38502036552258,40.5,31.0
2022,9,regular,,401418841,26.208211946715984,26.5,42.0,0.9836956521739131,50.968719607649504,49.0,56.0
2022,9,regular,,401424932,-4.118257673472625,-8.0,29.0,0.3532608695652174,55.33907895019692,51.5,41.0
2022,9,regular,,401418798,-22.73205979701235,-24.0,-24.0,0.030434782608695653,57.44397256275292,58.0,80.0
2022,9,regular,,401413338,7.037726825479425,3.5,3.0,0.7271739130434782,51.57272085704349,48.5,45.0
2022,9,regular,,401425520,1.926693064993636,5.5,-1.0,0.5619565217391305,56.676964129910075,53.5,73.0
2022,9,regular,,401425425,-13.910537649390523,-14.0,16.0,0.13043478260869565,49.65624353423179,50.0,22.0
2022,9,regular,,401424941,12.988524499332394,16.5,10.0,0.8684782608695653,58.636834465428606,56.0,106.0
2022,9,regular,,401420812,16.759810024472912,17.5,50.0,0.9130434782608695,54.8548608448866,56.5,78.0
2022,9,regular,,401426361,-1.9153914784130879,3.5,14.0,0.4315217391304348,53.65589833422053,54.0,48.0
2022,9,regular,,401415647,-2.829682528487884,-1.0,-11.0,0.4032608695652174,66.0670658840555,63.5,79.0
2022,9,regular,,401411148,-3.56730086775585,-3.0,27.0,0.375,61.44516641363674,66.0,69.0
2022,9,regular,,401415646,15.195831100889269,14.5,7.0,0.8956521739130435,40.451635803996695,41.5,47.0
2022,9,regular,,401424399,-5.009750321650847,-3.0,20.0,0.32717391304347826,47.486342218970265,46.0,34.0
2022,9,regular,,401405122,17.14012470059282,11.5,20.0,0.9206521739130434,32.51847670208276,37.5,46.0
2022,9,regular,,401426360,49.4790468735842,50.0,39.0,1.0,56.58421943481804,59.5,45.0
2022,9,regular,,401404102,-3.1451749974087555,2.5,48.0,0.391304347826087,57.84807168084418,57.5,48.0
2022,9,regular,,401409242,-0.8982633853388858,-1.0,-10.0,0.4652173913043478,47.23386756323418,39.0,36.0
2022,9,regular,,401426597,11.503147642731799,10.0,-27.0,0.8358695652173913,68.98264788042529,70.0,53.0
2022,9,regular,,401405124,-14.501103575118874,-7.5,-17.0,0.12282608695652174,47.23871836916076,50.5,35.0
2022,9,regular,,401423444,2.9761175154232413,-2.5,7.0,0.6086956521739131,48.45751577618553,47.5,41.0
2022,9,regular,,401404024,-16.734734757232868,-16.5,-18.0,0.08804347826086957,55.832461499174656,56.5,66.0
2022,9,regular,,401415644,3.70250702967291,1.5,4.0,0.6260869565217392,57.978623529314596,55.5,46.0
2022,9,regular,,401418834,17.579016059729312,18.0,17.0,0.9217391304347826,45.80094247660518,41.0,31.0
2022,9,regular,,401403928,26.57494271069197,23.0,22.0,0.9847826086956522,51.76393548404138,56.5,62.0
2022,9,regular,,401413240,9.095596309579774,10.5,-3.0,0.7793478260869565,63.33197492104681,66.0,73.0
2022,9,regular,,401413221,5.182629943067132,4.5,-24.0,0.6728260869565217,55.47902049020216,58.5,56.0
2022,9,regular,,401418789,5.716009062794071,11.5,3.0,0.6891304347826087,55.60266363362723,51.0,65.0
2022,9,regular,,401426363,-8.243517992981923,-9.0,-28.0,0.23804347826086958,55.44058564143687,52.0,34.0
2022,9,regular,,401424944,17.971284543125556,18.5,21.0,0.9271739130434783,54.76949262612875,54.5,33.0
2022,9,regular,,401420867,-7.150294561513231,-7.5,7.0,0.26413043478260867,58.530278869278646,59.0,41.0
2022,9,regular,,401403929,5.187814375300288,3.5,-13.0,0.6728260869565217,54.27128374774232,45.5,33.0
2022,9,regular,,401426362,5.885935722840353,2.5,-11.0,0.6945652173913044,53.68825448824414,54.0,37.0
2022,9,regular,,401426595,-4.97503129871057,-4.5,7.0,0.32717391304347826,45.00974524971045,45.0,41.0
2022,9,regular,,401413231,24.07287809303302,24.5,42.0,0.9782608695652174,58.342333273089665,60.5,76.0
2022,9,regular,,401415246,25.28960547655795,25.0,39.0,0.9815217391304348,43.669988083431974,42.5,59.0
2022,9,regular,,401404022,-19.610428157498703,-14.0,-8.0,0.05326086956521739,73.23063921972478,74.0,82.0
2022,9,regular,,401403930,11.13990261329489,10.5,38.0,0.8260869565217391,57.89906555132734,62.5,50.0
2022,9,regular,,401404101,-0.7837804973946372,1.5,-28.0,0.46847826086956523,60.13374123488811,61.0,62.0
2022,9,regular,,401403931,-3.8591256926542523,-3.0,-3.0,0.3673913043478261,51.09700458040906,55.5,59.0
2022,9,regular,,401404023,-11.550308311777682,-13.0,-8.0,0.16304347826086957,48.48334848842978,48.5,76.0
2022,9,regular,,401405125,22.811719716316986,22.5,22.0,0.9717391304347827,56.045508721134595,55.0,36.0
2022,9,regular,,401462225,-13.77426857115288,-18.0,-1.0,0.13043478260869565,59.19313099765567,60.5,55.0
2022,9,regular,,401462518,-3.773839849508049,-7.5,-19.0,0.3684782608695652,47.48854423261648,46.5,61.0
2022,9,regular,,401411149,1.1064255404410381,2.5,18.0,0.532608695652174,70.9379973448122,65.5,66.0
2022,9,regular,,401426596,-3.4197456913686484,2.5,-11.0,0.38369565217391305,53.23681488339858,52.0,37.0
2022,9,regular,,401413251,15.049127584645465,14.0,3.0,0.8956521739130435,65.33842800907395,62.5,59.0
2022,9,regular,,401415248,9.627746522803147,10.5,4.0,0.7902173913043479,41.163581092173025,44.5,60.0
2022,9,regular,,401415249,17.574089729288705,24.5,7.0,0.9217391304347826,44.72976136241516,44.5,63.0
2022,9,regular,,401404025,14.009098293416727,16.5,25.0,0.8847826086956522,60.18152782587116,64.5,51.0
2022,9,regular,,401415247,-11.558646174224082,-11.5,-7.0,0.16304347826086957,51.2358830653009,50.5,47.0
2022,10,regular,,401416632,3.880181285669245,7.0,-7.0,0.6237816764132553,57.14390803598934,61.5,47.0
2022,10,regular,,401416633,-4.7016541154811335,-2.5,21.0,0.3508771929824561,61.30029102402524,61.0,69.0
2022,10,regular,,401416635,2.6529877983730863,5.0,4.0,0.5877192982456141,56.44137724815067,48.0,22.0
2022,10,regular,,401416634,3.5350342692841443,4.5,-13.0,0.6159844054580896,62.490516806878844,53.5,57.0
2022,10,regular,,401426601,4.711346712352173,3.5,7.0,0.6530214424951267,51.229041481313445,47.0,67.0
2022,10,regular,,401426364,-0.01398500798721991,-3.0,7.0,0.49610136452241715,62.944684956496445,65.5,63.0
2022,10,regular,,401404155,11.571287505606499,15.0,17.0,0.8265107212475633,43.996656243648054,40.0,37.0
2022,10,regular,,401411151,-10.221649038906913,-11.5,-7.0,0.1949317738791423,50.72680297570192,47.5,69.0
2022,10,regular,,401424933,9.84260504872204,9.0,-7.0,0.7904483430799221,53.63986968125123,51.0,39.0
2022,10,regular,,401404031,-0.02320320103043938,4.5,3.0,0.4951267056530214,61.439327114452034,53.5,45.0
2022,10,regular,,401404141,-13.189055357315738,-7.0,-6.0,0.15009746588693956,51.456338966205635,40.5,20.0
2022,10,regular,,401405130,2.1420109012515485,3.5,-21.0,0.5701754385964912,42.7386967600502,39.5,27.0
2022,10,regular,,401426598,-15.077433856701036,-14.5,-52.0,0.11500974658869395,70.30238575283127,72.5,66.0
2022,10,regular,,401415649,-8.200049638964588,-6.5,-14.0,0.2378167641325536,59.11070520848831,56.0,40.0
2022,10,regular,,401405128,-11.933795750373,-14.5,-7.0,0.1608187134502924,51.92540823255662,44.5,33.0
2022,10,regular,,401411156,-7.825082692676245,-7.5,-3.0,0.24561403508771928,61.82459677973699,61.5,59.0
2022,10,regular,,401423002,29.496137411140527,30.0,28.0,0.9912280701754386,51.28996507283734,48.5,56.0
2022,10,regular,,401403936,-3.389527767149433,1.0,-4.0,0.39278752436647174,41.06982993003609,40.0,38.0
2022,10,regular,,401403937,6.837340669337021,1.5,-17.0,0.7144249512670565,49.26354901060277,53.5,65.0
2022,10,regular,,401405131,2.93025647924488,5.0,13.0,0.6003898635477583,56.2225439215074,47.5,33.0
2022,10,regular,,401404108,11.767546561158797,8.5,10.0,0.8284600389863548,69.9072994930317,69.0,58.0
2022,10,regular,,401420794,14.408586217195754,23.5,25.0,0.8742690058479532,55.6939871491828,53.5,73.0
2022,10,regular,,401405129,-38.53656318804816,-37.5,-14.0,0.0029239766081871343,60.67304433033739,55.5,28.0
2022,10,regular,,401428199,11.967560657059462,17.5,13.0,0.8294346978557505,48.374152832399446,45.5,55.0
2022,10,regular,,401423422,1.0366382411478865,2.5,7.0,0.5370370370370371,50.08000429190991,44.5,63.0
2022,10,regular,,401415193,19.018457677528843,13.0,52.0,0.9317738791423001,54.8437672659588,57.0,86.0
2022,10,regular,,401411157,2.0896042251151576,4.0,-1.0,0.5662768031189084,40.73056336393849,40.5,55.0
2022,10,regular,,401423430,-20.96253427306395,-17.0,-14.0,0.04873294346978557,57.83017529477719,56.5,62.0
2022,10,regular,,401418842,-8.386786917521906,-11.5,-35.0,0.23391812865497075,60.36950731195809,52.0,49.0
2022,10,regular,,401424391,-18.503847835024473,-20.5,-6.0,0.07115009746588694,52.03498876694606,51.5,34.0
2022,10,regular,,401424443,14.163136077535249,15.5,4.0,0.8693957115009746,57.485965977090174,57.0,48.0
2022,10,regular,,401422984,-21.906643288646073,-24.5,-42.0,0.042884990253411304,65.12794159923021,64.5,76.0
2022,10,regular,,401423150,17.397404085983556,19.5,8.0,0.9152046783625731,55.40888140821818,57.0,104.0
2022,10,regular,,401424410,9.81321724845054,10.0,32.0,0.7904483430799221,58.32379262904408,59.5,66.0
2022,10,regular,,401425428,0.776994438212786,-1.5,9.0,0.5243664717348928,54.08205681723687,52.0,49.0
2022,10,regular,,401415203,6.200886670288572,10.5,-1.0,0.695906432748538,50.065172212551616,48.5,41.0
2022,10,regular,,401415410,-13.25800278970195,-10.5,-7.0,0.14814814814814814,50.84274488380578,46.5,49.0
2022,10,regular,,401418608,12.959868767189631,16.5,3.0,0.8499025341130604,44.77403706240837,42.5,31.0
2022,10,regular,,401420785,-0.662771579744264,10.5,2.0,0.4756335282651072,49.033532833178086,43.5,46.0
2022,10,regular,,401422993,3.650325996940949,4.5,-5.0,0.6169590643274854,38.67283167285764,35.5,37.0
2022,10,regular,,401431407,-20.82862019183473,-20.5,-24.0,0.050682261208576995,50.342218413170755,50.5,80.0
2022,10,regular,,401425517,7.797297899370651,7.5,-3.0,0.7436647173489279,46.32390777128403,41.0,51.0
2022,10,regular,,401421134,-22.619053481340053,-19.5,-10.0,0.038011695906432746,39.23354055020171,39.5,52.0
2022,10,regular,,401413210,7.392950911483249,10.0,7.0,0.7309941520467836,59.46464675050797,60.0,65.0
2022,10,regular,,401420813,-4.915459056488032,-3.5,7.0,0.34502923976608185,51.348487180081506,53.5,33.0
2022,10,regular,,401424445,-10.191490439223914,-10.5,24.0,0.195906432748538,56.33602906496641,53.5,30.0
2022,10,regular,,401420838,-31.07396356346101,-29.5,-39.0,0.008771929824561403,52.884383565064425,46.5,73.0
2022,10,regular,,401426366,-5.108859764091598,-3.5,-12.0,0.3401559454191033,44.72820400613615,46.5,12.0
2022,10,regular,,401415648,-3.1293115449087265,-3.5,26.0,0.39766081871345027,52.93248533204676,49.0,82.0
2022,10,regular,,401424400,11.413460257366527,11.0,24.0,0.8216374269005848,61.027348180182464,52.5,30.0
2022,10,regular,,401421114,-4.68391697357535,-6.0,-27.0,0.3508771929824561,60.110460957121504,51.5,41.0
2022,10,regular,,401420804,11.194592251562213,7.0,29.0,0.8157894736842105,61.86151265436925,59.0,71.0
2022,10,regular,,401428194,-6.707752117297735,-8.5,6.0,0.28167641325536064,61.689774757539546,61.0,80.0
2022,10,regular,,401428479,-3.5395691513717393,4.0,1.0,0.38693957115009747,62.307678368644304,62.5,69.0
2022,10,regular,,401425457,0.9363433907020808,2.0,-3.0,0.5331384015594542,58.242967275315976,58.0,63.0
2022,10,regular,,401424945,9.52021475694618,9.5,26.0,0.7846003898635477,56.48937778649435,55.0,46.0
2022,10,regular,,401426369,3.9935366762471163,2.0,-28.0,0.6286549707602339,52.13713181296322,48.0,56.0
2022,10,regular,,401426600,-4.2970899178550575,-2.5,16.0,0.3635477582846004,68.35271240458442,63.5,64.0
2022,10,regular,,401422971,23.346948971347512,28.5,19.0,0.9727095516569201,52.90135520520492,59.5,49.0
2022,10,regular,,401404104,0.6744553441170844,3.0,-3.0,0.5175438596491229,60.04294053372453,61.5,73.0
2022,10,regular,,401413241,8.972415830710665,17.0,32.0,0.7719298245614035,63.6861401532029,67.0,64.0
2022,10,regular,,401462226,39.182359540436636,38.5,53.0,0.9970760233918129,61.284774148272945,65.0,93.0
2022,10,regular,,401418835,-0.5933658033656602,1.5,-2.0,0.4775828460038986,48.25547086548997,41.0,36.0
2022,10,regular,,401415651,-6.899553684727915,-3.0,-7.0,0.2709551656920078,63.64903675735616,60.5,63.0
2022,10,regular,,401411155,-1.8419680987647065,3.5,10.0,0.4298245614035088,55.427006797741235,47.5,28.0
2022,10,regular,,401404030,-28.259509961843307,-31.0,-39.0,0.014619883040935672,64.08561164838756,62.5,59.0
2022,10,regular,,401424444,10.761995474416281,12.5,6.0,0.8011695906432749,48.658956579981705,48.0,74.0
2022,10,regular,,401405132,-17.720295239220356,-13.5,-31.0,0.07797270955165692,52.37437304648724,50.0,59.0
2022,10,regular,,401415252,11.192547309321082,14.5,17.0,0.8157894736842105,44.57184746271115,42.5,37.0
2022,10,regular,,401405127,13.374952058183386,16.0,-8.0,0.8606237816764133,41.02282883097773,41.0,38.0
2022,10,regular,,401426602,-2.526825353693393,-2.5,-6.0,0.41228070175438597,54.14145757013987,53.5,82.0
2022,10,regular,,401404032,-2.8924963069800063,-3.0,-38.0,0.40350877192982454,43.082601575282496,48.5,66.0
2022,10,regular,,401404106,-6.297527441205412,3.0,21.0,0.29239766081871343,71.35126202934809,60.5,53.0
2022,10,regular,,401404105,8.611973142379975,6.5,17.0,0.7641325536062378,48.07603242218005,49.5,45.0
2022,10,regular,,401403933,9.317273850322794,10.0,14.0,0.7797270955165692,61.23520834946113,65.5,40.0
2022,10,regular,,401426599,16.564205582068986,21.5,38.0,0.905458089668616,60.55907212702384,63.0,66.0
2022,10,regular,,401426365,-4.851238454404195,-3.5,-7.0,0.3460038986354776,56.25943373479485,60.5,69.0
2022,10,regular,,401415650,14.731695570404739,18.5,10.0,0.8830409356725146,48.120302343215116,43.5,30.0
2022,10,regular,,401413345,-17.808797776021645,-16.0,-3.0,0.0769980506822612,57.49257903294063,57.0,79.0
2022,10,regular,,401403932,5.141326194645267,14.5,-2.0,0.6617933723196882,61.7779759572484,61.5,40.0
2022,10,regular,,401423454,-6.82532471173186,-6.5,-15.0,0.27387914230019494,53.497934154895574,51.5,59.0
2022,10,regular,,401421100,-2.2808749120038807,6.0,-3.0,0.41812865497076024,50.11310337603037,51.5,49.0
2022,10,regular,,401423160,0.7834264892959679,-3.0,-10.0,0.5253411306042886,57.137193996899825,55.0,52.0
2022,10,regular,,401462228,-21.995410405386313,-24.5,-16.0,0.04191033138401559,57.1102664595074,60.5,78.0
2022,10,regular,,401418642,-0.5849469658441089,1.0,28.0,0.4775828460038986,70.9291062107698,70.5,56.0
2022,10,regular,,401420835,-8.012754350163409,-10.5,-3.0,0.23976608187134502,52.07345628132059,49.5,59.0
2022,10,regular,,401426367,0.3456119405830642,-3.5,-6.0,0.50682261208577,39.73614020390342,42.5,40.0
2022,10,regular,,401426368,-0.7349237794574895,2.5,1.0,0.47368421052631576,54.24331685670373,52.5,61.0
2022,10,regular,,401418635,-14.436233090104476,-12.5,-3.0,0.1276803118908382,62.95628531966939,64.0,73.0
2022,10,regular,,401415181,10.93979299461582,13.0,14.0,0.8070175438596491,61.017440262373334,60.5,56.0
2022,10,regular,,401423951,5.334089044653274,3.5,14.0,0.6686159844054581,48.82426788946729,47.5,46.0
2022,10,regular,,401425426,-9.879274713958463,-11.5,-42.0,0.2046783625730994,50.662507436579745,50.5,42.0
2022,10,regular,,401423923,-19.751274331057665,-23.5,-27.0,0.05847953216374269,52.35043635324715,51.5,55.0
2022,10,regular,,401413263,26.495224562358395,28.0,40.0,0.98635477582846,55.72828657734175,56.0,46.0
2022,10,regular,,401415254,2.0565043003176102,5.0,4.0,0.5662768031189084,48.585501943796025,47.0,24.0
2022,10,regular,,401403934,-10.713584460840057,-13.5,1.0,0.1861598440545809,59.86957733760787,56.5,63.0
2022,10,regular,,401415250,8.497423413188903,9.5,-3.0,0.7621832358674464,53.88922334284627,54.5,59.0
2022,10,regular,,401415652,0.7389140313597413,3.5,14.0,0.5194931773879142,67.05266320637807,66.0,140.0
2022,10,regular,,401404107,-2.2910965182770697,-3.0,-7.0,0.41812865497076024,52.36781649798016,54.5,61.0
2022,10,regular,,401403938,-5.896054053307465,-6.5,-11.0,0.30701754385964913,58.52865790573183,49.0,65.0
2022,10,regular,,401411152,5.1194738597666545,6.5,24.0,0.6608187134502924,55.049621105347754,53.5,44.0
2022,10,regular,,401403935,11.856961128108276,12.5,6.0,0.8294346978557505,51.0528435065666,50.5,72.0
2022,10,regular,,401411153,-7.233228076360784,-6.5,-42.0,0.2631578947368421,53.73812791517808,54.0,48.0
2022,10,regular,,401404130,-3.4107527896207985,-3.5,21.0,0.391812865497076,49.64424193372808,43.5,49.0
2022,10,regular,,401404027,23.653432257313096,17.5,25.0,0.9736842105263158,66.72639614014253,67.5,65.0
2022,10,regular,,401405133,-28.22837026322098,-26.5,-35.0,0.014619883040935672,48.42865669061247,45.0,69.0
2022,10,regular,,401418807,3.0109503636702533,4.5,14.0,0.601364522417154,57.6667801146949,55.5,44.0
2022,10,regular,,401462519,0.5049866603391342,-4.0,-5.0,0.5126705653021443,55.92136129361331,53.5,51.0
2022,10,regular,,401413232,28.716662414207992,31.5,57.0,0.9902534113060428,54.06023889904194,54.5,57.0
2022,10,regular,,401411154,-1.3281213860414216,-3.0,9.0,0.45321637426900585,58.151649413491576,54.0,51.0
2022,10,regular,,401415251,21.13956151210147,24.0,12.0,0.956140350877193,41.46411264366637,44.5,44.0
2022,10,regular,,401404028,-13.156186377929902,-11.0,-14.0,0.15009746588693956,61.909864536533306,67.0,86.0
2022,10,regular,,401404029,19.373562081102246,21.0,6.0,0.935672514619883,57.18648369479561,61.0,76.0
2022,10,regular,,401415253,18.942387257856993,27.5,42.0,0.9317738791423001,53.49889157220181,62.0,68.0
2022,11,regular,,401416637,-7.965363040506991,-6.5,-6.0,0.25327510917030566,57.51704360633639,57.5,62.0
2022,11,regular,,401416638,-2.117211441923693,-2.5,-16.0,0.4244541484716157,52.89868689276297,52.0,58.0
2022,11,regular,,401416636,13.035349515039261,13.5,7.0,0.8558951965065502,54.94847777798062,53.5,49.0
2022,11,regular,,401416639,0.008534434165016508,-1.0,-3.0,0.5004366812227075,57.44609852089493,49.0,45.0
2022,11,regular,,401416641,0.5285590500544167,-2.5,-34.0,0.5179039301310043,60.3481136773041,55.5,46.0
2022,11,regular,,401416640,-3.2279486261577945,2.5,4.0,0.39126637554585153,57.506863214854775,54.0,58.0
2022,11,regular,,401415653,8.563865635183726,6.5,16.0,0.7650655021834061,65.47864604696908,62.5,36.0
2022,11,regular,,401426370,3.8521814430588406,3.5,19.0,0.6157205240174672,57.55236233061207,63.0,53.0
2022,11,regular,,401415654,5.5189472040941645,4.5,2.0,0.6707423580786026,54.4321351855882,51.5,52.0
2022,11,regular,,401425458,-20.143991287163956,-21.0,-28.0,0.059388646288209605,64.21018981954265,67.5,62.0
2022,11,regular,,401404033,29.2953361677598,34.5,38.0,0.9877729257641922,64.82520647311323,66.0,72.0
2022,11,regular,,401415259,-6.687806839169575,-8.5,-7.0,0.2847161572052402,57.68353936617095,62.0,67.0
2022,11,regular,,401411163,-6.787955851074307,-5.5,-30.0,0.28209606986899566,48.339827664478946,41.5,44.0
2022,11,regular,,401411159,10.27002912333784,10.0,17.0,0.8078602620087336,51.63948834334163,49.5,31.0
2022,11,regular,,401404131,-16.065015511293087,-17.0,-3.0,0.10742358078602621,42.71549877054432,40.5,67.0
2022,11,regular,,401404112,-7.823877243654568,-8.5,3.0,0.2576419213973799,66.05590898442043,68.5,43.0
2022,11,regular,,401405134,8.8329583113424,6.0,-7.0,0.7703056768558952,45.79876435009503,44.0,55.0
2022,11,regular,,401443323,19.121847812627102,21.5,7.0,0.9336244541484716,63.71090206771598,63.5,65.0
2022,11,regular,,401431402,-0.66502403122215,-3.0,4.0,0.4733624454148472,47.862234786213975,45.5,44.0
2022,11,regular,,401403945,19.349243483615414,19.5,42.0,0.9344978165938864,59.384596909357434,57.5,90.0
2022,11,regular,,401403942,15.301216037728379,17.0,-3.0,0.8829694323144105,49.21980971124789,45.5,45.0
2022,11,regular,,401405138,12.659457709366192,10.0,6.0,0.8471615720524017,46.67446721403899,41.0,48.0
2022,11,regular,,401405139,37.307651373395565,40.5,42.0,0.9965065502183406,64.17070929868416,62.0,70.0
2022,11,regular,,401403939,-5.358785510593972,-3.5,-3.0,0.31877729257641924,61.8282493517522,59.0,23.0
2022,11,regular,,401423431,14.355908589958673,13.0,37.0,0.8707423580786027,53.34827565873414,52.0,65.0
2022,11,regular,,401421110,-4.952332751225435,-2.0,-21.0,0.3292576419213974,52.7279631870212,48.0,69.0
2022,11,regular,,401424446,5.520416397465259,5.0,2.0,0.6707423580786026,61.85909660527181,61.0,44.0
2022,11,regular,,401423423,-13.186425816441362,-17.0,-10.0,0.14759825327510917,53.78103624554225,48.0,66.0
2022,11,regular,,401404156,-16.75560398013885,-13.5,3.0,0.09868995633187773,47.48096649222341,45.0,69.0
2022,11,regular,,401428200,7.2911204621336525,9.5,10.0,0.7388646288209607,56.071863189167935,54.5,30.0
2022,11,regular,,401423003,-4.480906471058623,-3.0,3.0,0.34847161572052404,43.66814656166256,38.5,69.0
2022,11,regular,,401415194,-12.575693881084343,-4.0,-7.0,0.1589519650655022,53.75747066344843,55.5,55.0
2022,11,regular,,401415656,-15.017599052083584,-17.5,-18.0,0.1205240174672489,75.21425949663197,72.5,64.0
2022,11,regular,,401425429,-13.883485950762424,-8.0,-6.0,0.13100436681222707,45.50884594535474,43.5,34.0
2022,11,regular,,401422985,5.10905421315738,6.5,-3.0,0.6524017467248908,50.35776968452214,47.5,45.0
2022,11,regular,,401424448,0.46839955489324114,-1.0,3.0,0.514410480349345,53.74628685207137,52.5,59.0
2022,11,regular,,401428195,-1.6014054357975875,-2.0,-7.0,0.44366812227074237,57.73653004149907,61.5,77.0
2022,11,regular,,401424401,-16.54474039367513,-17.5,-14.0,0.09956331877729258,43.55672654409043,42.5,62.0
2022,11,regular,,401424449,-6.72768749226437,-5.5,-4.0,0.2838427947598253,48.11279151554068,43.5,38.0
2022,11,regular,,401418601,3.8632992600013596,2.5,-23.0,0.6157205240174672,50.76825325358213,44.5,51.0
2022,11,regular,,401426254,-0.18447273612294263,2.5,14.0,0.4925764192139738,57.00289723510155,54.5,42.0
2022,11,regular,,401424447,2.4681234862826242,4.0,-8.0,0.5703056768558952,48.749111920884914,45.5,34.0
2022,11,regular,,401420819,7.6881902137767515,8.5,9.0,0.7493449781659388,52.44801614203748,49.5,47.0
2022,11,regular,,401424392,10.836539439886232,10.5,33.0,0.8209606986899564,54.36257022548789,52.5,57.0
2022,11,regular,,401423416,16.96151423430806,16.0,23.0,0.9082969432314411,61.33482147650599,59.5,23.0
2022,11,regular,,401426372,11.114057659331817,13.5,-3.0,0.8235807860262009,60.72546977521875,59.5,59.0
2022,11,regular,,401426374,-6.768135973739907,-7.5,-34.0,0.28209606986899566,51.11485128197194,48.0,40.0
2022,11,regular,,401422977,5.14789049745607,6.0,-3.0,0.6532751091703056,71.42293519334916,73.5,37.0
2022,11,regular,,401415411,-9.279202462778468,-6.0,4.0,0.21921397379912663,47.24343345817438,44.5,30.0
2022,11,regular,,401422994,18.666132992050585,21.5,35.0,0.9283842794759826,62.505603179059065,66.5,55.0
2022,11,regular,,401418790,7.983457816137227,8.0,-17.0,0.7537117903930131,38.446554255369634,39.5,73.0
2022,11,regular,,401423161,12.996409923685228,14.0,22.0,0.8558951965065502,54.15237220470235,56.5,76.0
2022,11,regular,,401413211,6.026991011273234,9.0,18.0,0.6899563318777293,48.40085083264549,49.5,50.0
2022,11,regular,,401421135,5.201853333213819,4.5,-11.0,0.6541484716157205,49.94118922159778,54.0,59.0
2022,11,regular,,401420839,-8.737325885725225,-7.0,-3.0,0.22532751091703057,55.89273000967697,54.0,39.0
2022,11,regular,,401409241,22.94443520189796,22.0,37.0,0.9668122270742358,52.512821135741945,48.5,65.0
2022,11,regular,,401426607,12.534094066884082,13.5,35.0,0.8436681222707424,62.60613823971758,61.0,55.0
2022,11,regular,,401423142,-8.81721275438352,-7.5,3.0,0.2244541484716157,48.0760250298405,44.5,51.0
2022,11,regular,,401428473,3.2907795394697517,7.0,18.0,0.6008733624454149,45.53973958385166,44.0,36.0
2022,11,regular,,401420786,2.897872911036666,2.5,-30.0,0.5868995633187772,46.52511191427445,41.0,44.0
2022,11,regular,,401418843,-5.1100354149271805,-3.5,-21.0,0.3231441048034934,55.29798137534207,52.0,21.0
2022,11,regular,,401420795,-18.77433188520098,-18.5,-34.0,0.0777292576419214,59.915761372171715,61.5,62.0
2022,11,regular,,401415174,-6.818117290087,-11.0,1.0,0.2786026200873362,53.37667312652778,54.5,41.0
2022,11,regular,,401413222,5.246319866528171,4.0,25.0,0.6567685589519651,63.96808884601262,63.5,59.0
2022,11,regular,,401425454,-17.24993724930171,-20.0,-24.0,0.0925764192139738,56.18260351177908,58.5,38.0
2022,11,regular,,401421162,8.05737147099009,11.0,-10.0,0.7572052401746725,54.556908432289,52.5,36.0
2022,11,regular,,401424946,-14.837326215378537,-17.0,-31.0,0.12139737991266375,55.220704722358974,55.5,79.0
2022,11,regular,,401413264,34.774410932159256,32.0,38.0,0.9930131004366812,49.13941806011553,49.5,52.0
2022,11,regular,,401414784,15.60035279737211,17.5,2.0,0.8908296943231441,52.11208380023841,49.5,68.0
2022,11,regular,,401415655,19.01474859864907,20.0,7.0,0.9327510917030568,59.051313311952214,56.0,79.0
2022,11,regular,,401418836,19.679526456489704,21.0,24.0,0.9388646288209607,40.67900498284285,38.5,38.0
2022,11,regular,,401423455,-3.201834336052953,-4.5,-7.0,0.39126637554585153,40.973576545416705,36.5,35.0
2022,11,regular,,401413242,16.750168146141306,24.0,56.0,0.9074235807860263,58.192539367230154,62.5,70.0
2022,11,regular,,401424934,8.507073145696234,11.0,3.0,0.7641921397379913,59.902585137574945,58.5,31.0
2022,11,regular,,401423952,13.990210305125292,20.5,20.0,0.8672489082969432,47.97049132153983,47.5,34.0
2022,11,regular,,401420814,1.2049091184249112,4.0,3.0,0.5397379912663756,57.557444951652045,57.5,47.0
2022,11,regular,,401415256,27.37298257806902,21.0,32.0,0.9851528384279477,38.486150463608126,37.0,38.0
2022,11,regular,,401426606,3.0439893440036427,6.5,20.0,0.5912663755458515,57.09654923898499,58.0,62.0
2022,11,regular,,401405140,11.125290173063647,10.5,30.0,0.8235807860262009,54.061297749323884,56.5,30.0
2022,11,regular,,401426605,18.808159817209244,17.5,44.0,0.9283842794759826,72.7983783719977,68.5,58.0
2022,11,regular,,401426603,10.185454938340042,10.0,10.0,0.8043668122270743,66.86823112106853,67.0,38.0
2022,11,regular,,401415657,-2.543024159785308,1.0,-7.0,0.4104803493449782,53.16108128198611,54.5,69.0
2022,11,regular,,401411161,20.233829673180853,18.0,-1.0,0.9467248908296944,42.97685749956242,41.0,41.0
2022,11,regular,,401411160,-2.284509249460759,2.0,-21.0,0.4183406113537118,46.73137142308126,43.5,49.0
2022,11,regular,,401411158,4.69628450049759,7.0,15.0,0.6375545851528385,51.524321769379874,52.0,47.0
2022,11,regular,,401426373,1.8791056388422827,-2.0,7.0,0.5589519650655022,50.34871901873331,47.5,49.0
2022,11,regular,,401405136,19.33296848031569,17.0,28.0,0.9344978165938864,40.880907110145145,41.0,34.0
2022,11,regular,,401405135,0.4438803805723259,-1.5,14.0,0.514410480349345,36.76622221176597,35.5,34.0
2022,11,regular,,401404142,8.457707367486044,8.5,1.0,0.7633187772925765,44.399559960539506,45.5,19.0
2022,11,regular,,401404110,2.7813462856758653,-2.5,6.0,0.5807860262008734,48.67916008839445,47.5,34.0
2022,11,regular,,401404035,10.001143771801537,9.5,10.0,0.7991266375545851,49.482814122787836,59.5,46.0
2022,11,regular,,401403943,-10.120761322039302,-11.0,-6.0,0.2052401746724891,64.89534095155268,65.5,54.0
2022,11,regular,,401405137,29.563831987907513,30.5,31.0,0.9877729257641922,57.98049079104342,49.5,37.0
2022,11,regular,,401403941,2.0750167908895625,8.0,32.0,0.5641921397379913,60.7518986295348,58.0,44.0
2022,11,regular,,401425470,-11.45041998973525,-13.5,-17.0,0.17467248908296942,55.647894077480956,54.5,23.0
2022,11,regular,,401426375,15.103538067277771,16.5,17.0,0.880349344978166,45.882725424867616,46.0,59.0
2022,11,regular,,401420876,-3.84245779322152,-0.0,-27.0,0.36943231441048036,67.28921530030162,74.5,41.0
2022,11,regular,,401421101,-7.675433724897104,-4.5,17.0,0.26026200873362443,55.6753977677264,57.5,45.0
2022,11,regular,,401462531,18.70068473622595,24.0,16.0,0.9283842794759826,62.78820335553748,66.5,30.0
2022,11,regular,,401418781,1.6559602219176788,3.0,-8.0,0.5563318777292576,65.06924606367686,66.5,62.0
2022,11,regular,,401423446,29.26913606929995,28.5,14.0,0.9877729257641922,54.00666801472228,55.0,40.0
2022,11,regular,,401423924,5.446772840775157,6.5,34.0,0.6655021834061136,55.46493641992319,55.0,48.0
2022,11,regular,,401426604,-14.091970041520835,-15.5,-45.0,0.1275109170305677,50.18339716590979,54.5,59.0
2022,11,regular,,401404111,-0.5811429730830779,3.5,15.0,0.4777292576419214,67.17335123274928,63.5,71.0
2022,11,regular,,401403944,-15.98157677980369,-16.5,-26.0,0.10742358078602621,48.75576578330714,53.0,64.0
2022,11,regular,,401404109,-0.3170111446417549,2.5,-28.0,0.48646288209606986,51.76253541534515,52.5,34.0
2022,11,regular,,401415258,-11.598595614305548,-8.5,-1.0,0.1737991266375546,45.9229448496009,42.5,27.0
2022,11,regular,,401404037,10.883149414633621,12.0,-3.0,0.8209606986899564,69.10071576564317,74.0,71.0
2022,11,regular,,401413252,-0.2588202039646039,3.0,-18.0,0.4882096069868996,59.62125723685831,59.0,70.0
2022,11,regular,,401426371,9.915317291578864,5.0,3.0,0.7930131004366813,54.5509494121195,48.0,49.0
2022,11,regular,,401411164,4.163855793854628,4.5,-2.0,0.6218340611353712,78.00636773269548,79.0,70.0
2022,11,regular,,401404113,5.864414037181684,7.5,-7.0,0.6847161572052402,66.49891587252647,66.0,27.0
2022,11,regular,,401403940,-0.9055267578048116,1.5,3.0,0.4698689956331878,46.339019391066444,48.5,23.0
2022,11,regular,,401411162,-3.3983994739821215,-7.0,-35.0,0.38777292576419214,52.2337758713808,51.0,41.0
2022,11,regular,,401413233,-24.14211963530473,-25.5,-44.0,0.029694323144104803,65.39000856184904,68.0,100.0
2022,11,regular,,401404036,13.806252958766782,11.5,28.0,0.8637554585152838,47.35331329010633,47.0,48.0
2022,11,regular,,401404038,22.13224861652643,24.0,35.0,0.9580786026200874,54.80188878275601,54.0,49.0
2022,11,regular,,401404034,21.060707588961364,20.0,-6.0,0.9554585152838428,73.27571719465253,77.5,62.0
2022,11,regular,,401415255,-19.04599572669668,-21.0,-38.0,0.07074235807860262,52.46774735684423,47.5,44.0
2022,11,regular,,401415260,-6.542482220183668,-2.0,16.0,0.2873362445414847,34.97121381669445,41.5,70.0
2022,11,regular,,401415257,-9.657817610671401,-10.5,-7.0,0.211353711790393,53.637977030070665,55.0,75.0
2022,12,regular,,401416642,16.46789789914702,14.5,-7.0,0.9008654602675059,57.61103604391808,46.5,77.0
2022,12,regular,,401416643,-4.503732545520323,-3.5,-14.0,0.35326514555468136,57.11935050541497,57.5,50.0
2022,12,regular,,401416644,3.790291208552506,7.5,-7.0,0.6176239181746657,61.874286918700776,60.0,55.0
2022,12,regular,,401416646,2.5073402907609785,1.0,-6.0,0.5790715971675846,53.027124120144606,44.0,52.0
2022,12,regular,,401416645,6.1912845141339785,10.0,-2.0,0.6939417781274587,51.22601910361344,48.5,22.0
2022,12,regular,,401462532,-14.060409439881877,-13.5,-23.0,0.13768686073957515,54.60880163584277,57.5,57.0
2022,12,regular,,401415658,4.574808350558255,3.5,35.0,0.6396538158929976,66.00777472946643,65.0,83.0
2022,12,regular,,401415659,10.309823660121515,13.5,6.0,0.8025177025963808,62.896626574375745,57.5,90.0
2022,12,regular,,401415264,-11.99751273999587,-14.5,-24.0,0.16837136113296616,35.5764575181282,36.0,44.0
2022,12,regular,,401415661,16.605486306626794,15.5,-3.0,0.9008654602675059,50.807474420260064,53.0,31.0
2022,12,regular,,401404114,-4.885442937749877,-2.0,-1.0,0.33831628638867034,60.92207609259867,58.0,57.0
2022,12,regular,,401405146,11.196296837816401,12.0,-8.0,0.8174665617623919,53.617556220592476,47.5,70.0
2022,12,regular,,401418602,-0.014258977592356503,1.5,-5.0,0.5027537372147916,54.41928950561121,52.5,33.0
2022,12,regular,,401404143,8.401933425208496,10.5,17.0,0.7537372147915028,47.658455947357844,45.0,51.0
2022,12,regular,,401404165,13.589669803419014,10.5,-1.0,0.8575924468922108,46.82285630423404,46.5,45.0
2022,12,regular,,401405142,-10.857688563699966,-10.0,-1.0,0.18568056648308418,51.32785479846443,40.5,29.0
2022,12,regular,,401405143,16.890290826194928,17.5,8.0,0.9040125885129819,50.321740488221195,44.5,26.0
2022,12,regular,,401411166,15.80799339480771,25.0,32.0,0.8882769472856019,48.82294683728904,52.5,66.0
2022,12,regular,,401421102,-13.528350567040656,-14.5,-5.0,0.14398111723052714,56.40721616877822,57.5,23.0
2022,12,regular,,401423143,-5.070866567252077,-7.5,-14.0,0.33438237608182536,49.52655020324001,47.5,40.0
2022,12,regular,,401424393,2.068501888151654,1.5,-11.0,0.5672698662470496,54.248095832201855,53.0,63.0
2022,12,regular,,401423424,9.906034968018472,10.0,-3.0,0.7993705743509048,56.98064882255669,54.0,71.0
2022,12,regular,,401423432,-7.569395754395852,-9.0,-29.0,0.27065302911093625,49.57358115219547,47.5,75.0
2022,12,regular,,401420827,-3.7492132076168514,-3.0,7.0,0.3745082612116444,57.32573409910415,55.5,49.0
2022,12,regular,,401411169,7.268012816697983,7.0,2.0,0.7269866247049567,56.728852224108905,49.0,54.0
2022,12,regular,,401421145,-1.2915497702956502,-3.5,-4.0,0.46656176239181746,43.47013513773621,42.5,48.0
2022,12,regular,,401403955,-8.398663717834623,-14.0,7.0,0.24940991345397326,61.594229598524166,58.0,55.0
2022,12,regular,,401420787,-0.9237909107917072,-5.0,-29.0,0.4760031471282455,55.99071642596167,49.0,41.0
2022,12,regular,,401418837,18.1600023141916,21.0,7.0,0.9244689221085759,44.05038706248703,37.5,33.0
2022,12,regular,,401428221,8.187581205294306,10.5,21.0,0.7482297403619197,55.78677489756565,56.5,55.0
2022,12,regular,,401413212,18.70821736320052,19.5,35.0,0.9299763965381589,46.688865662530574,46.5,91.0
2022,12,regular,,401403951,35.78430736297099,39.0,49.0,0.996066089693155,61.728631608499924,62.5,63.0
2022,12,regular,,401403946,40.610795934744154,45.0,34.0,0.997639653815893,57.305652724053836,58.0,34.0
2022,12,regular,,401405145,16.748218826337734,17.0,2.0,0.9016522423288749,45.499689785935615,41.5,36.0
2022,12,regular,,401424453,-9.07635943248734,-5.5,-1.0,0.23210070810385522,51.96829118010643,51.5,83.0
2022,12,regular,,401403954,28.649898109983052,32.0,17.0,0.985837922895358,39.75457351514876,46.0,23.0
2022,12,regular,,401428474,-13.767259138159565,-18.5,-29.0,0.14004720692368214,53.800982282806544,52.5,41.0
2022,12,regular,,401423438,17.310205516156696,20.0,33.0,0.9103068450039339,58.0892634726073,50.5,33.0
2022,12,regular,,401424411,13.813018698515974,14.5,3.0,0.8599527930763179,60.25037499042119,62.5,45.0
2022,12,regular,,401425417,-25.294088343875586,-28.0,-37.0,0.02675059008654603,61.72203135475709,61.5,57.0
2022,12,regular,,401422995,5.624069884801644,3.0,3.0,0.6750590086546027,36.67585251168186,32.5,25.0
2022,12,regular,,401422986,2.0270997344155197,8.0,11.0,0.5656963021243115,44.16651736107795,42.5,37.0
2022,12,regular,,401423417,17.02855150191278,20.5,21.0,0.9047993705743509,60.207515628425206,56.0,63.0
2022,12,regular,,401424452,6.537354072618831,7.5,20.0,0.7057435090479937,48.766063747311726,48.0,34.0
2022,12,regular,,401424451,-11.13945524443914,-7.5,3.0,0.18332022029897718,46.96340005789645,44.5,55.0
2022,12,regular,,401423917,9.408931226857447,11.5,-1.0,0.7867820613690008,44.798261521109104,42.5,39.0
2022,12,regular,,401422927,-0.013518214255781369,-0.0,6.0,0.5027537372147916,56.585890043866854,57.5,94.0
2022,12,regular,,401415204,11.521190841133786,5.0,23.0,0.8229740361919748,46.15334351890034,44.0,67.0
2022,12,regular,,401424450,9.944674021565003,10.0,14.0,0.8001573564122738,62.218589793398266,59.5,56.0
2022,12,regular,,401420872,9.739664683953926,11.0,-10.0,0.7962234461054288,49.40188750667155,49.0,24.0
2022,12,regular,,401423151,7.0074040323531275,8.5,1.0,0.7167584579071598,55.11009482103241,58.5,47.0
2022,12,regular,,401426611,-14.725862535916947,-14.0,-34.0,0.12667191188040913,64.2402558651728,56.0,48.0
2022,12,regular,,401418844,-9.281198081138678,-10.5,-17.0,0.2250196695515342,52.18612115462887,49.0,31.0
2022,12,regular,,401421136,-11.408375078788241,-7.5,3.0,0.17859952793076317,58.75948658460304,58.5,61.0
2022,12,regular,,401428482,19.816670130402052,22.5,14.0,0.937844217151849,72.20067394711455,70.0,90.0
2022,12,regular,,401421115,8.09079598789669,7.5,-24.0,0.7450826121164438,53.748218485860235,48.5,24.0
2022,12,regular,,401420796,10.891928112641452,15.5,-4.0,0.8135326514555468,53.961342118760186,50.0,80.0
2022,12,regular,,401415195,15.070394770989271,10.5,23.0,0.8764752163650669,52.24355432636065,50.5,37.0
2022,12,regular,,401415660,3.622106158798156,6.0,-39.0,0.6113296616837136,66.68202115454098,66.5,45.0
2022,12,regular,,401425421,-13.43457157761135,-19.5,20.0,0.14398111723052714,52.596103015124896,50.0,34.0
2022,12,regular,,401404039,-7.988238452023603,-4.0,-11.0,0.25570416994492523,56.21396355157751,63.0,51.0
2022,12,regular,,401423447,-4.982966409340678,-2.5,4.0,0.3367427222659323,55.13660978177826,54.5,44.0
2022,12,regular,,401426378,9.820168734045627,10.0,2.0,0.7970102281667978,57.456270431274376,52.0,82.0
2022,12,regular,,401425455,25.712883122727497,27.5,30.0,0.977970102281668,52.439100438230845,55.5,74.0
2022,12,regular,,401415662,39.79519156407999,36.0,59.0,0.996852871754524,68.7591249353728,67.5,59.0
2022,12,regular,,401420854,-28.495213775027427,-28.5,-59.0,0.013375295043273014,68.95323330730214,71.5,73.0
2022,12,regular,,401413339,-2.0231067568232453,-1.5,34.0,0.44138473642800946,64.48267855532416,58.5,76.0
2022,12,regular,,401404117,-12.682491505512537,-8.0,-17.0,0.15578284815106216,53.40629508893474,54.5,79.0
2022,12,regular,,401425518,-12.74245834621443,-18.0,-27.0,0.15420928402832415,52.68346122141817,51.0,41.0
2022,12,regular,,401420831,-9.433575689347387,-5.0,-44.0,0.22029897718332023,49.62791899234572,47.0,72.0
2022,12,regular,,401404040,-11.735986334758673,-7.5,-24.0,0.17230527143981117,54.43290579499278,53.5,38.0
2022,12,regular,,401426376,11.840304678844788,16.0,13.0,0.8300550747442959,54.068347144050435,50.5,41.0
2022,12,regular,,401424942,15.429334778941625,-14.0,21.0,0.8819826907946499,58.50780808300061,57.0,61.0
2022,12,regular,,401420805,-12.675819938596113,-2.5,-2.0,0.15578284815106216,59.65489088092774,60.5,42.0
2022,12,regular,,401404132,22.784926704083556,20.0,44.0,0.962234461054288,47.56984509088705,42.0,44.0
2022,12,regular,,401420845,19.466183785118613,22.0,3.0,0.9346970889063729,59.73871791153395,58.5,65.0
2022,12,regular,,401418801,16.76202865669952,18.0,42.0,0.9016522423288749,57.834643806116766,58.5,56.0
2022,12,regular,,401424935,-24.512873149651217,-19.5,-11.0,0.02832415420928403,45.83839612872587,44.0,37.0
2022,12,regular,,401415175,-22.50270899734273,-17.0,-2.0,0.03776553894571204,47.825316236119875,51.0,64.0
2022,12,regular,,401413253,-20.936499565364702,-24.5,-31.0,0.05428796223446106,54.9401797429031,56.0,45.0
2022,12,regular,,401420820,15.142798276657482,12.5,21.0,0.8780487804878049,58.06101117307369,55.5,63.0
2022,12,regular,,401404116,-10.85809368403617,-9.0,-41.0,0.18568056648308418,64.40202303323927,63.5,69.0
2022,12,regular,,401426610,-5.043550442228943,-5.5,28.0,0.3351691581431943,51.91795663579194,51.0,70.0
2022,12,regular,,401411167,5.033482342337532,4.0,15.0,0.6593233674272226,45.182358612403505,43.0,35.0
2022,12,regular,,401405144,-22.78180571131892,-26.0,-13.0,0.03697875688434304,63.41338008991678,62.5,73.0
2022,12,regular,,401411165,19.186767783563216,19.0,30.0,0.9331235247836349,51.82307552292296,47.5,50.0
2022,12,regular,,401405147,-22.64689030290756,-18.5,-45.0,0.03697875688434304,46.03205845306654,45.0,65.0
2022,12,regular,,401426379,-6.671173570378614,-7.5,-7.0,0.2911093627065303,46.57651365113067,45.0,47.0
2022,12,regular,,401426381,12.193747846284275,15.0,18.0,0.8371361132966169,47.73908512680031,48.5,50.0
2022,12,regular,,401426608,-2.9719542924573945,-2.0,5.0,0.4067663257277734,72.51577944980983,66.5,47.0
2022,12,regular,,401403949,-21.982798872731053,-22.5,-10.0,0.03933910306845004,39.608596782376665,47.5,22.0
2022,12,regular,,401418791,7.146016425704394,8.5,-3.0,0.7222659323367427,57.12640241324797,58.5,45.0
2022,12,regular,,401415663,-19.919490118307262,-17.0,-20.0,0.06136900078678206,49.13273342016969,49.0,26.0
2022,12,regular,,401413243,12.191997690393347,10.5,24.0,0.8371361132966169,61.88271669725704,66.0,66.0
2022,12,regular,,401426613,-0.49259276688873066,5.0,24.0,0.48701809598741147,56.99942293126957,54.0,58.0
2022,12,regular,,401405141,2.829455315371055,2.0,-3.0,0.5885129819040126,32.237112327826665,31.5,23.0
2022,12,regular,,401426609,9.038216770885882,14.0,34.0,0.7734067663257278,49.8514598438214,50.0,46.0
2022,12,regular,,401413223,-2.753623560192781,-3.5,-23.0,0.4162077104642014,59.99579860601821,63.0,57.0
2022,12,regular,,401415185,9.205369888800032,8.5,6.0,0.7781274586939417,63.33671778084084,66.5,48.0
2022,12,regular,,401426380,3.59034338330852,6.0,3.0,0.6113296616837136,56.730806153972466,50.0,29.0
2022,12,regular,,401411168,17.587015362660445,21.0,-4.0,0.9150275373721479,62.67799035620601,63.0,38.0
2022,12,regular,,401404041,2.6146030506263207,5.0,7.0,0.5790715971675846,44.933074675299956,46.0,47.0
2022,12,regular,,401426377,-6.561850715833862,-6.0,-13.0,0.2926829268292683,53.41934563422356,52.5,33.0
2022,12,regular,,401403953,-19.088909075190152,-22.5,25.0,0.06608969315499606,67.16044168583348,67.0,101.0
2022,12,regular,,401404115,5.455830643112614,3.5,-4.0,0.6664044059795436,47.585769563566394,47.5,24.0
2022,12,regular,,401415261,-13.133146422146108,-14.5,-3.0,0.14870180959874116,46.14615578851345,44.5,37.0
2022,12,regular,,401404118,0.6946347573788554,7.0,15.0,0.5224232887490166,65.07475789427147,67.5,41.0
2022,12,regular,,401403947,-3.703336515312206,-1.0,15.0,0.3745082612116444,64.20652926481618,68.0,69.0
2022,12,regular,,401403952,21.229110610788894,29.0,31.0,0.952006294256491,49.228807891904765,46.5,59.0
2022,12,regular,,401413234,-9.218404604509063,-10.5,7.0,0.22659323367427223,61.8488959178805,64.0,91.0
2022,12,regular,,401404044,-0.7435202255071156,-2.5,-3.0,0.4783634933123525,75.76524951920666,77.5,93.0
2022,12,regular,,401411171,7.3764133382730535,9.5,10.0,0.7285601888276947,60.009728388955224,58.5,80.0
2022,12,regular,,401420868,13.013951829667494,14.5,4.0,0.8481510621557828,56.25904913652059,57.0,44.0
2022,12,regular,,401404042,24.890536166909357,30.5,47.0,0.974822974036192,58.92807257645677,60.5,61.0
2022,12,regular,,401415262,27.459937955684765,21.5,12.0,0.98426435877262,41.55048176223224,43.0,36.0
2022,12,regular,,401426612,12.38728901786004,15.0,31.0,0.8387096774193549,49.84253095036897,50.5,51.0
2022,12,regular,,401415265,-5.0592739899511265,1.0,4.0,0.33438237608182536,49.67562900203385,51.0,66.0
2022,12,regular,,401415263,-13.771233808129848,-22.5,-27.0,0.14004720692368214,54.78346405069678,54.0,55.0
2022,12,regular,,401404043,-0.9357502936997211,1.0,3.0,0.4760031471282455,66.71625520826757,61.5,37.0
2022,12,regular,,401415266,-8.403557261279119,-11.0,6.0,0.24862313139260425,58.830777118991975,56.5,56.0
2022,13,regular,,401416649,10.264219241005556,5.5,24.0,0.7971326164874551,61.72416678358734,52.5,52.0
2022,13,regular,,401416648,3.0321088817494046,2.5,1.0,0.5913978494623656,42.92761244948149,45.0,35.0
2022,13,regular,,401423456,19.65369810871813,18.0,-5.0,0.9333333333333333,46.514761725818076,46.5,33.0
2022,13,regular,,401403956,0.6015065151419653,2.5,-2.0,0.5161290322580645,63.792198432056296,63.0,46.0
2022,13,regular,,401415665,1.1341232188407826,-1.0,-3.0,0.535483870967742,50.53573011424804,44.0,51.0
2022,13,regular,,401404119,11.653126785983392,10.0,11.0,0.821505376344086,56.914087371128986,55.0,65.0
2022,13,regular,,401416651,-10.577445292859071,-8.5,6.0,0.1935483870967742,52.648034242888514,50.5,34.0
2022,13,regular,,401415269,17.593069247718653,16.5,19.0,0.9146953405017921,51.66067562585141,52.0,65.0
2022,13,regular,,401416650,1.2987931895246725,1.0,19.0,0.5412186379928315,56.64475350634804,53.5,57.0
2022,13,regular,,401404045,1.5388694010072665,4.0,3.0,0.5455197132616487,61.71050086886916,66.5,73.0
2022,13,regular,,401415268,5.040778283948796,7.0,17.0,0.6451612903225806,38.80255967864154,36.0,17.0
2022,13,regular,,401411172,1.2746436127837537,6.5,-3.0,0.5405017921146953,58.490393120077286,56.0,57.0
2022,13,regular,,401403961,-3.670211076171644,-3.5,2.0,0.3878136200716846,55.93653791146748,55.5,56.0
2022,13,regular,,401405148,15.3124503911938,10.5,-7.0,0.8824372759856631,36.98639622028876,38.0,41.0
2022,13,regular,,401404046,-12.707665450305186,-11.5,-7.0,0.15483870967741936,58.38852924148708,62.5,63.0
2022,13,regular,,401403958,11.862547853461916,10.0,7.0,0.825089605734767,58.83101735169393,58.0,83.0
2022,13,regular,,401415270,9.283302819074809,14.0,30.0,0.7698924731182796,48.97113634312253,50.5,30.0
2022,13,regular,,401405152,14.090825240933919,14.5,37.0,0.8652329749103943,50.04575469393027,48.5,37.0
2022,13,regular,,401403959,38.14443551407407,36.5,23.0,0.9971326164874552,41.718078756900425,49.0,51.0
2022,13,regular,,401404144,-16.599181173725867,-20.0,-37.0,0.1053763440860215,45.473671090435815,45.0,51.0
2022,13,regular,,401426615,-4.763938446265653,-7.5,-1.0,0.353405017921147,57.17079489505952,62.0,63.0
2022,13,regular,,401426389,13.408969867204428,16.5,7.0,0.8487455197132616,44.55537216505607,47.0,47.0
2022,13,regular,,401505436,2.7540677288030726,4.5,25.0,0.582078853046595,48.716889450506244,48.0,37.0
2022,13,regular,,401405153,6.020835255782552,9.0,-22.0,0.6781362007168459,65.0762165397447,56.0,68.0
2022,13,regular,,401426390,8.523174648523392,6.5,5.0,0.7548387096774194,47.55563792532357,45.5,51.0
2022,13,regular,,401403962,13.949223875965492,14.0,-1.0,0.8602150537634409,56.12948656175619,53.0,61.0
2022,13,regular,,401404123,9.935281635336727,5.5,-5.0,0.785663082437276,64.35562836184866,60.0,43.0
2022,13,regular,,401426383,4.751318543604087,15.5,40.0,0.6401433691756272,60.31446258929185,53.0,54.0
2022,13,regular,,401404166,22.66785550458217,24.0,-35.0,0.9598566308243728,52.516209549847055,50.5,63.0
2022,13,regular,,401415664,-13.761011591479273,-9.5,-3.0,0.14121863799283155,50.07477006650057,52.0,95.0
2022,13,regular,,401416653,6.022961941771359,4.5,-3.0,0.6781362007168459,60.35203397378501,51.0,57.0
2022,13,regular,,401416652,11.128398096608965,9.5,-32.0,0.8129032258064516,60.511473004677725,52.0,56.0
2022,13,regular,,401426617,9.903034362944563,14.5,4.0,0.785663082437276,63.86008280775374,57.0,38.0
2022,13,regular,,401423953,7.73597565500241,10.0,17.0,0.7297491039426524,51.95615594417682,53.0,51.0
2022,13,regular,,401505437,14.785676803874107,22.0,41.0,0.8731182795698925,55.96629561603614,56.5,41.0
2022,13,regular,,401505431,-3.173497569848604,-1.0,10.0,0.4007168458781362,76.63148581386162,76.5,94.0
2022,13,regular,,401505430,2.420557526423144,7.0,39.0,0.5741935483870968,49.11805569428638,47.5,73.0
2022,13,regular,,401403960,-1.8999037197762088,3.5,13.0,0.44802867383512546,39.8805921450286,42.5,39.0
2022,13,regular,,401405151,-9.232355671861624,-10.0,-14.0,0.22795698924731184,58.21669762837983,53.0,46.0
2022,13,regular,,401404047,-1.3268744505171295,1.0,4.0,0.46164874551971324,60.769687042458344,57.0,72.0
2022,13,regular,,401415271,17.307498176241406,15.0,13.0,0.9089605734767026,52.322356536796505,58.0,41.0
2022,13,regular,,401426618,21.188603581220264,16.5,3.0,0.9512544802867383,55.6666676510267,56.5,65.0
2022,13,regular,,401403957,20.133709265368964,22.0,22.0,0.9369175627240144,54.18448768977356,51.0,76.0
2022,13,regular,,401426616,-11.54602793531581,-18.0,-10.0,0.17849462365591398,59.17203500837083,55.5,64.0
2022,13,regular,,401415666,0.9320829747796164,4.5,3.0,0.5268817204301075,72.3956787228329,68.5,65.0
2022,13,regular,,401426384,-11.184875557201527,-13.5,-29.0,0.18422939068100358,46.76873226327723,44.0,67.0
2022,13,regular,,401405150,-0.9052663138563817,3.0,-7.0,0.4731182795698925,43.39848539512185,36.5,39.0
2022,13,regular,,401405149,-18.601561362019268,-14.5,-38.0,0.07455197132616488,34.92754648118157,38.0,44.0
2022,13,regular,,401411174,-6.508370679019294,-3.0,3.0,0.3025089605734767,67.49644447603318,67.5,65.0
2022,13,regular,,401505433,12.683758559862362,11.0,7.0,0.8408602150537634,57.78501791110736,57.5,69.0
2022,13,regular,,401405154,18.212082237253668,19.0,19.0,0.9204301075268817,52.497595784501,54.5,51.0
2022,13,regular,,401404120,8.602206556340505,9.5,48.0,0.7555555555555555,46.12981723053245,45.5,76.0
2022,13,regular,,401404048,-32.35825792861941,-29.5,-42.0,0.007885304659498209,54.748497613449004,52.0,84.0
2022,13,regular,,401426385,-4.104877532276183,-3.0,-10.0,0.36917562724014336,54.84181919928591,50.0,30.0
2022,13,regular,,401426386,-6.515817054174654,-5.0,-28.0,0.3025089605734767,45.84366600579745,44.0,54.0
2022,13,regular,,401505432,-1.9010411850961033,3.5,-11.0,0.44802867383512546,65.01536820310135,65.0,93.0
2022,13,regular,,401415272,7.3651104381148835,12.5,5.0,0.7211469534050179,56.62108056558914,49.0,49.0
2022,13,regular,,401426614,-13.975390208178332,-19.5,-5.0,0.13906810035842293,56.48402878421291,54.5,61.0
2022,13,regular,,401426382,-7.212289717708497,-6.5,3.0,0.2831541218637993,66.02959425808193,66.0,99.0
2022,13,regular,,401505435,0.46229993342240516,-4.0,3.0,0.513978494623656,58.77919450263972,61.5,87.0
2022,13,regular,,401403963,-9.718659169576744,-10.0,15.0,0.21577060931899641,43.233407117631856,47.5,61.0
2022,13,regular,,401415667,-22.386453409114793,-20.0,-7.0,0.04516129032258064,63.98542398421063,67.5,85.0
2022,13,regular,,401415668,11.520035236939366,13.0,-7.0,0.8186379928315413,67.80529785887767,67.0,67.0
2022,13,regular,,401411173,-11.187280636620791,-10.5,-9.0,0.18422939068100358,46.85378798668716,47.0,55.0
2022,13,regular,,401404133,1.7598767589140902,4.5,11.0,0.5505376344086022,65.47035870951515,62.5,65.0
2022,13,regular,,401404122,-2.677469323587996,-1.5,3.0,0.42078853046594983,62.28917525105355,65.5,99.0
2022,13,regular,,401403964,-19.55836011518877,-14.0,-56.0,0.06738351254480286,71.80083771279338,64.0,56.0
2022,13,regular,,401404121,14.59390115080271,12.0,20.0,0.8716845878136201,60.04541175839509,62.0,74.0
2022,13,regular,,401411175,-7.557189559215443,-4.0,-26.0,0.27598566308243727,52.69341636544881,44.0,58.0
2022,13,regular,,401415267,-9.775802560629385,-2.0,-10.0,0.21505376344086022,38.593268191613255,43.5,16.0
2022,13,regular,,401505434,5.248644166878366,13.0,10.0,0.6523297491039427,56.338886445243915,56.0,58.0
2022,13,regular,,401404051,-0.49067782536338367,-2.5,-18.0,0.4874551971326165,53.48858280717319,60.0,84.0
2022,13,regular,,401404049,-5.69704827959645,-6.5,-9.0,0.32831541218637994,56.1229236405222,57.5,61.0
2022,14,regular,,401506450,13.700498430303998,12.0,1.0,0.8549046321525886,56.31561479254601,55.0,45.0
2022,14,regular,,401437032,11.442077870196634,8.5,21.0,0.8194822888283378,66.96782124049409,70.0,75.0
2022,14,regular,,401437035,-4.376398274075367,2.5,-23.0,0.3651226158038147,69.74266151286429,67.5,71.0
2022,14,regular,,401437033,-0.9463297184206548,-3.5,-10.0,0.470708446866485,64.08831855211554,54.5,24.0
2022,14,regular,,401437030,0.09770207222678934,-1.0,-3.0,0.5020435967302452,58.5869589705391,60.5,59.0
2022,14,regular,,401506610,10.88178080678677,7.0,16.0,0.8099455040871935,59.89043743721629,55.5,54.0
2022,14,regular,,401506630,7.453011610450723,10.0,40.0,0.7254768392370572,59.17168482581703,61.5,68.0
2022,14,regular,,401506571,8.734746668705014,9.5,3.0,0.7574931880108992,64.32107167388108,64.5,79.0
2022,14,regular,,401506655,5.112870896482743,7.0,6.0,0.6546321525885559,59.858843635279456,65.5,90.0
2022,14,regular,,401507088,20.31687285767665,31.5,62.0,0.9393732970027248,54.20088879221147,55.0,68.0
2022,14,regular,,401506578,7.4255376929474055,17.0,36.0,0.723433242506812,46.289554406440004,47.5,48.0
2022,14,regular,,401506611,0.7935305574457869,6.5,8.0,0.5197547683923706,65.39423265077578,62.5,58.0
2022,14,regular,,401437037,3.2158114176798573,6.5,19.0,0.5940054495912807,47.753038580576515,49.0,71.0
2022,14,regular,,401506690,7.3673029155864835,9.0,23.0,0.720708446866485,53.124629550997724,52.0,75.0
2022,14,regular,,401437008,0.5157013940156719,3.5,17.0,0.5122615803814714,56.39608112987904,57.5,73.0
2022,14,regular,,401437034,6.073219897156981,3.0,-12.0,0.6832425068119891,50.98849573434572,54.5,44.0
2022,14,regular,,401437132,22.211487237404874,20.5,19.0,0.9584468664850136,48.13145868592321,51.0,67.0
2022,14,regular,,401437036,15.571963439838864,17.5,20.0,0.8848773841961853,48.63008820445895,52.0,80.0
2022,14,regular,,401506577,8.963567562760531,14.5,7.0,0.7629427792915532,57.27299352831638,54.0,69.0
2022,14,regular,,401437031,19.201839893133446,16.0,21.0,0.9298365122615804,56.47792102738963,54.0,65.0
2022,14,regular,,401437009,-9.894266837245134,-7.5,-29.0,0.21049046321525886,64.8547565326376,64.0,49.0
2022,15,regular,,401507650,11.162600892338785,19.25,21.0,0.8173270651443922,58.784463514675124,63.25,27.0
2022,15,regular,,401507670,1.7266795415475007,9.25,55.0,0.5486903962390867,68.02835924162513,64.75,55.0
2022,15,regular,,401507652,1.8973986980497364,6.25,-3.0,0.5540631296171927,72.24380782363443,77.75,129.0
2022,15,regular,,401507651,8.032055242551575,19.0,20.0,0.7367360644728005,54.08812340327144,53.0,62.0
2022,15,regular,,401404145,-2.567745356938127,-2.5,3.0,0.4170584284754869,44.61932587233969,32.0,37.0
2022,15,postseason,Other bowl,401441993,9.155084131533776,11.0,4.0,0.7656145063801209,43.84166766512133,46.0,44.0
2022,15,postseason,Other bowl,401441994,-5.887504115368971,-3.0,6.0,0.31900604432505036,53.29485116369803,56.5,30.0
2022,16,postseason,FCS playoff,401508850,3.7507355519548478,7.5,3.0,0.6116310160427807,69.04960975333279,70.0,67.0
2022,16,postseason,Other bowl,401441995,1.3432031072864696,2.5,17.0,0.5334224598930482,46.848653321417665,38.5,31.0
2022,16,postseason,Other bowl,401441996,-14.725261444138924,-14.0,7.0,0.13101604278074866,55.189014365701624,55.0,75.0
2022,16,postseason,Other bowl,401441999,7.493515534381459,7.5,27.0,0.7232620320855615,57.26957340767345,51.5,33.0
2022,16,postseason,Other bowl,401442038,0.41429551962532424,5.5,23.0,0.5106951871657754,49.02465274541552,54.0,35.0
2022,16,postseason,FCS playoff,401508851,5.051572822600685,4.0,21.0,0.6530748663101604,62.40494440389588,56.75,57.0
2022,16,postseason,Other bowl,401442041,5.469008900081107,6.5,14.0,0.6631016042780749,49.22311283469213,45.5,62.0
2022,16,postseason,Other bowl,401441997,-2.0466641006676425,-4.5,1.0,0.4364973262032086,72.35729542909542,65.0,47.0
2022,16,postseason,Other bowl,401442001,10.210479160931857,11.5,3.0,0.7921122994652406,57.74548636533616,63.0,67.0
2022,16,postseason,Other bowl,401442003,-17.22505137410298,-12.5,-14.0,0.09692513368983957,39.35129500570607,42.0,42.0
2022,16,postseason,Other bowl,401442004,4.5750804551747155,3.5,-14.0,0.6330213903743316,53.18462989281069,54.0,68.0
2022,16,postseason,Other bowl,401442006,1.8795137491240483,3.5,2.0,0.5508021390374331,56.38501329273283,51.0,40.0
2022,16,postseason,Other bowl,401442039,0.46610431091513693,3.5,-21.0,0.5120320855614974,55.96141330644638,57.5,67.0
2022,16,postseason,Other bowl,401442040,0.012842732322355555,-3.5,15.0,0.49866310160427807,47.00581297108391,42.5,45.0
2022,16,postseason,Other bowl,401442042,5.217734348401218,5.0,7.0,0.6577540106951871,59.50943369205227,56.5,39.0
2022,16,postseason,Other bowl,401442007,-5.344956803210812,-2.5,-10.0,0.3355614973262032,62.69842192534328,58.5,44.0
2022,17,postseason,Other bowl,401442009,1.129871940004557,7.0,-2.0,0.5317460317460317,46.82364441932076,47.5,48.0
2022,17,postseason,Other bowl,401442037,2.5208717667155462,3.5,-5.0,0.5674603174603174,55.43603367069212,50.5,43.0
2022,17,postseason,Other bowl,401441998,1.3013214915478613,-6.0,2.0,0.5343915343915344,64.7846141608697,66.5,44.0
2022,17,postseason,Other bowl,401442000,-11.738340596581622,-8.0,-28.0,0.17592592592592593,59.96384071161236,57.0,48.0
2022,17,postseason,Other bowl,401442002,2.2849491536962034,7.5,24.0,0.5588624338624338,61.62989081579373,67.0,82.0
2022,17,postseason,Other bowl,401442005,-1.6245743374373651,-5.0,-7.0,0.45171957671957674,52.48208224075828,45.0,41.0
2022,17,postseason,Other bowl,401442008,-8.09727535376488,3.5,17.0,0.2605820105820106,59.65835500828284,62.5,43.0
2022,17,postseason,Other bowl,401442030,6.237392404882868,1.0,2.0,0.6838624338624338,68.0731910737365,70.0,108.0
2022,17,postseason,Other bowl,401470891,-9.70654454704522,-13.0,-1.0,0.21494708994708994,73.36674092937977,76.0,55.0
2022,17,postseason,Other bowl,401442031,4.9247145132051084,4.0,-17.0,0.6514550264550265,66.04102476902516,72.5,67.0
2022,17,postseason,Other bowl,401442032,8.738874206032065,10.5,8.0,0.7599206349206349,44.848555079631,44.5,48.0
2022,17,postseason,Other bowl,401442033,5.8116509159913665,10.5,3.0,0.6706349206349206,62.92713637736617,66.5,67.0
2022,17,postseason,Other bowl,401442034,-8.38537295026436,-3.5,7.0,0.25132275132275134,63.49281113752702,67.5,47.0
2022,17,postseason,Other bowl,401442035,-0.4751152554988452,2.0,-4.0,0.48544973544973546,46.19292545944373,45.5,28.0
2022,17,postseason,Other bowl,401443542,1.557632804063274,8.5,-2.0,0.5403439153439153,65.39438123931926,54.5,72.0
2022,17,postseason,Other bowl,401442036,-7.091322919181662,-5.0,-7.0,0.289021164021164,55.19340524895375,50.5,83.0
2022,17,postseason,Other bowl,401443543,-5.826519398237304,-3.0,-3.0,0.32076719576719576,51.5697016262846,43.0,57.0
2022,18,postseason,NY6,401442019,-3.43123063203103,4.5,-17.0,0.39829954218443425,65.79081353476283,61.0,45.0
2022,18,postseason,NY6,401442018,-7.11188356005082,-7.5,-25.0,0.28776978417266186,54.71309763631011,58.0,65.0
2022,18,postseason,Other bowl,401442017,-1.4079060132571661,-3.0,-21.0,0.4538914323086985,27.833115608097657,31.5,21.0
2022,18,postseason,CFP,401442016,11.782562538578578,8.0,-6.0,0.8253760627861347,62.93156824745765,56.0,96.0
2022,18,postseason,CFP,401442015,1.6536046435792853,5.5,1.0,0.539568345323741,60.90734914242167,62.5,83.0
2022,18,postseason,Other bowl,401442011,1.6364737933323257,-3.5,-9.0,0.539568345323741,45.333086095668506,46.5,29.0
2022,18,postseason,Other bowl,401442012,-5.519591289002803,-15.5,-56.0,0.3328973185088293,57.72995560443669,54.5,70.0
2022,18,postseason,NY6,401442013,2.1760545797930444,1.5,-1.0,0.5585349901896665,68.32941866075629,66.5,91.0
2022,18,postseason,NY6,401442014,0.0097192577880727,-1.5,-14.0,0.4944408109875736,55.50015248735599,55.0,56.0
2022,19,postseason,FCS playoff,401445817,0.45612228628105256,5.25,24.0,0.5065019505851756,49.96526419579175,47.0,66.0
2022,19,postseason,CFP,401442010,13.651290056176993,13.5,58.0,0.85370611183355,60.44751079635928,61.5,72.0
2023,4,regular,,401531849,1.9425641236507505,6.5,-13.0,0.5412087912087912,59.647149285156345,62.5,47.0
2023,4,regular,,401540087,8.734032789173126,9.5,7.0,0.7582417582417582,48.882069292794014,50.5,55.0
2023,4,regular,,401520266,-7.3186033676113915,-6.0,-21.0,0.25,50.97932024757084,54.0,55.0
2023,4,regular,,401525505,-11.235950676114042,-8.0,-3.0,0.18956043956043955,53.09884942506882,47.5,45.0
2023,4,regular,,401532584,-6.74106630772466,-6.0,-25.0,0.260989010989011,44.461488277550856,45.5,65.0
2023,4,regular,,401532583,-12.073225366592645,-6.5,-3.0,0.17032967032967034,43.072407489748485,46.5,65.0
2023,4,regular,,401540029,8.645213275050931,9.5,-3.0,0.7582417582417582,46.83163139549543,41.5,71.0
2023,4,regular,,401520268,12.140799572726035,13.0,13.0,0.8489010989010989,51.152429958777674,50.5,45.0
2023,4,regular,,401520260,19.17804673378154,24.0,24.0,0.9642857142857143,43.97367703693597,44.0,38.0
2023,4,regular,,401525849,4.7882117770594315,7.0,17.0,0.6318681318681318,60.48864778616664,63.0,51.0
2023,4,regular,,401525511,7.981868149566656,5.5,7.0,0.7445054945054945,43.74808085831242,41.5,41.0
2023,4,regular,,401540567,-9.748322859175584,-9.0,-10.0,0.23351648351648352,57.29449888717733,57.5,46.0
2023,4,regular,,401540422,12.856037967709371,10.5,-3.0,0.8681318681318682,49.47085103632277,38.0,29.0
2023,4,regular,,401525845,-13.691252485890551,-14.0,-14.0,0.1346153846153846,61.03759564592845,57.5,26.0
2023,4,regular,,401520271,3.260496035769531,3.5,3.0,0.5714285714285714,57.676838021755515,57.0,51.0
2023,4,regular,,401520270,4.587579788076996,9.0,17.0,0.6291208791208791,55.08812231302036,51.0,37.0
2023,4,regular,,401520274,-8.660890507941923,-13.5,-17.0,0.24175824175824176,50.99463855606119,50.0,73.0
2023,4,regular,,401525507,-1.864259902533186,-2.0,-7.0,0.3983516483516483,62.498670479503836,55.0,55.0
2023,4,regular,,401531338,-0.6801627852851103,4.0,-8.0,0.45879120879120877,53.93868224887372,54.5,36.0
2023,4,regular,,401540058,2.3061838073727507,6.5,30.0,0.5467032967032966,47.31453553895228,35.0,30.0
2023,4,regular,,401540102,15.971078525898116,21.0,31.0,0.9258241758241759,52.160103176888285,55.5,65.0
2023,4,regular,,401540599,1.621706915399591,10.5,24.0,0.5357142857142857,57.02597166487407,50.5,52.0
2023,4,regular,,401540622,3.1393880355724537,4.0,3.0,0.5714285714285714,45.008286263177055,35.5,31.0
2023,4,regular,,401532406,18.58157879314983,21.5,18.0,0.9560439560439561,54.752391478391914,52.5,80.0
2023,4,regular,,401540081,9.317253820679769,17.0,17.0,0.7664835164835165,44.2576763392022,41.0,51.0
2023,4,regular,,401531871,-3.0127150540222107,-6.0,-37.0,0.36538461538461536,57.58967092579637,61.0,43.0
2023,4,regular,,401540549,-5.193130064201623,3.5,26.0,0.3131868131868132,58.09110409980607,48.0,44.0
2023,4,regular,,401540067,31.87751887890567,31.0,40.0,1.0,57.55086198230102,55.0,54.0
2023,4,regular,,401540472,9.857643894925019,22.0,56.0,0.7939560439560439,53.23520221961277,48.0,98.0
2023,4,regular,,401540390,12.6235015404839,12.0,3.0,0.8598901098901099,48.60792808490104,47.5,59.0
2023,4,regular,,401540157,4.843538725809496,3.0,12.0,0.6318681318681318,63.5875056561342,63.5,58.0
2023,4,regular,,401540583,-1.6686332658737197,6.5,-23.0,0.4010989010989011,53.45782241589082,56.0,71.0
2023,4,regular,,401520250,4.127110973814878,7.0,14.0,0.6098901098901099,63.354271569480645,55.5,34.0
2023,4,regular,,401540573,-18.034107825639325,-13.0,-1.0,0.06868131868131869,47.71793453947376,34.5,39.0
2023,4,regular,,401525509,-18.118969522219043,-23.5,-34.0,0.06868131868131869,51.8029726265291,46.5,48.0
2023,4,regular,,401532405,-7.650213906206707,-13.0,-31.0,0.24725274725274726,45.642045506296775,45.0,45.0
2023,4,regular,,401532408,38.51628289120173,40.5,42.0,1.0,50.34766523933163,49.5,82.0
2023,4,regular,,401520272,-23.26496649181244,-22.0,-34.0,0.024725274725274724,48.6504857722971,45.0,48.0
2023,4,regular,,401540073,0.38191625333645196,-7.0,8.0,0.5054945054945055,54.103840886140745,43.0,48.0
2023,4,regular,,401526835,4.346230665387813,3.5,-3.0,0.6236263736263736,54.73006746493106,48.5,65.0
2023,4,regular,,401525850,-0.6083337200592495,-6.0,7.0,0.45879120879120877,56.75973665338818,54.5,33.0
2023,4,regular,,401520263,11.38780981305082,20.5,14.0,0.8406593406593407,50.72373233156629,45.0,42.0
2023,4,regular,,401525506,12.996779750476616,14.0,28.0,0.8736263736263736,52.67739062508029,53.5,84.0
2023,4,regular,,401524017,3.0861020678823974,3.0,7.0,0.5686813186813187,54.318197129824625,51.0,21.0
2023,4,regular,,401540489,18.33841031701571,17.5,25.0,0.9478021978021978,42.989139315337766,35.5,31.0
2023,4,regular,,401524015,16.80028241915345,21.0,36.0,0.9395604395604396,73.82638726182515,70.0,48.0
2023,4,regular,,401520255,11.384107058301709,16.0,6.0,0.8406593406593407,44.17729343254015,45.5,40.0
2023,4,regular,,401525847,1.5992175007522178,9.5,11.0,0.5357142857142857,61.75737114355745,54.5,65.0
2023,4,regular,,401520261,-5.726545200169676,-7.5,-22.0,0.29945054945054944,49.83419342751198,52.5,40.0
2023,4,regular,,401531423,-2.9388117330204473,-2.5,13.0,0.36813186813186816,58.508102458511985,57.5,71.0
2023,4,regular,,401520269,11.599764586573551,24.0,31.0,0.8406593406593407,53.037046138396846,59.0,59.0
2023,4,regular,,401539988,7.894538489518672,17.5,-7.0,0.7445054945054945,50.849390661604005,40.5,35.0
2023,4,regular,,401540045,-4.00244609253077,-11.5,3.0,0.33516483516483514,46.795054962788356,35.0,57.0
2023,4,regular,,401540227,3.9258900471420946,10.5,38.0,0.6016483516483516,56.283067741589456,65.5,80.0
2023,4,regular,,401540260,-17.69420691698932,-17.0,14.0,0.07142857142857142,55.24240748321275,52.5,42.0
2023,4,regular,,401525846,7.441897224291569,3.5,7.0,0.7252747252747253,37.68062733521316,36.0,61.0
2023,4,regular,,401540245,-0.20434252034372968,2.5,9.0,0.4807692307692308,52.70315059642215,57.5,63.0
2023,4,regular,,401531876,17.103405451097363,16.0,-4.0,0.9395604395604396,52.852722403881785,47.5,64.0
2023,4,regular,,401520257,4.4889929194804115,6.5,21.0,0.6236263736263736,46.98270066885543,51.0,21.0
2023,4,regular,,401540324,1.665022571875183,-2.5,4.0,0.5357142857142857,59.58556948001827,47.5,54.0
2023,4,regular,,401539980,-5.955116696581838,-13.0,-6.0,0.28846153846153844,44.81571230334826,35.5,40.0
2023,4,regular,,401540000,9.845953139602457,4.5,21.0,0.7939560439560439,46.45418677369082,40.5,41.0
2023,4,regular,,401540252,5.6414347645455205,6.5,14.0,0.6593406593406593,64.50346212781636,67.0,56.0
2023,4,regular,,401540193,-5.144179352644292,-3.5,3.0,0.31868131868131866,54.75160496744083,61.5,79.0
2023,4,regular,,401540314,4.364307727132206,4.5,-4.0,0.6236263736263736,57.09565309445506,57.5,52.0
2023,4,regular,,401540117,12.084779980446605,17.0,13.0,0.8461538461538461,48.296470775052356,44.0,33.0
2023,4,regular,,401531413,14.721861280290705,13.0,44.0,0.9010989010989011,55.43899647523011,51.0,44.0
2023,4,regular,,401520275,-11.376745710182739,-10.0,-32.0,0.18681318681318682,53.72412584894752,53.5,44.0
2023,4,regular,,401525508,11.651162547006946,3.5,-14.0,0.8406593406593407,59.66599461605013,58.5,46.0
2023,4,regular,,401540142,18.469857585480852,20.5,6.0,0.9532967032967034,58.785933185743446,50.5,38.0
2023,4,regular,,401540175,0.5001182138663216,-1.5,-2.0,0.5082417582417582,58.68083547470166,61.5,42.0
2023,4,regular,,401520258,8.707873850723459,17.5,3.0,0.7582417582417582,64.08403315793672,55.0,65.0
2023,4,regular,,401540126,3.700617320862298,6.5,-3.0,0.5851648351648352,53.32851642693187,50.5,43.0
2023,4,regular,,401531870,-4.6593968275324675,3.0,3.0,0.3269230769230769,58.60729085908005,45.0,41.0
2023,4,regular,,401540203,-10.624173403864077,-12.0,-16.0,0.20604395604395603,56.1999179234967,61.5,58.0
2023,4,regular,,401520254,15.638074412828807,11.5,31.0,0.9148351648351648,46.41874659546822,37.0,45.0
2023,4,regular,,401524019,-3.7526419421856896,-3.0,3.0,0.3489010989010989,58.501379245625294,58.5,73.0
2023,4,regular,,401540356,19.712005950112257,28.5,-15.0,0.9642857142857143,59.818456893966555,64.5,53.0
2023,4,regular,,401531874,-7.174788748853607,-7.0,7.0,0.2554945054945055,51.5760660141834,46.5,81.0
2023,4,regular,,401524016,-9.53149506952309,-13.0,-1.0,0.23626373626373626,53.35844002684175,60.0,41.0
2023,4,regular,,401531877,19.20060071949712,17.0,11.0,0.9642857142857143,59.12095204518616,59.5,59.0
2023,4,regular,,401531349,40.47451470387464,38.0,29.0,1.0,50.43209877272703,55.5,43.0
2023,4,regular,,401540185,-1.8488424264061023,7.0,35.0,0.3983516483516483,54.22740323784246,55.5,69.0
2023,4,regular,,401520262,3.986198401935683,3.5,-8.0,0.6071428571428571,54.86459135144378,50.0,54.0
2023,4,regular,,401520251,22.563441787610987,28.0,15.0,0.978021978021978,53.217605455239024,48.5,29.0
2023,4,regular,,401525844,-16.44824122084749,-17.5,-32.0,0.09340659340659341,51.28805973307867,49.5,44.0
2023,4,regular,,401520252,34.032304880316175,41.0,28.0,1.0,51.38445179631822,56.0,70.0
2023,4,regular,,401520265,12.863187940101291,14.0,31.0,0.8681318681318682,44.1401307132099,38.5,31.0
2023,4,regular,,401521330,-5.085132563468066,-3.0,-3.0,0.31868131868131866,57.90099330668446,55.5,31.0
2023,4,regular,,401531875,13.963782461050736,10.5,7.0,0.8873626373626373,59.94214651278102,57.5,83.0
2023,4,regular,,401520264,-6.624582350444169,-11.5,3.0,0.2664835164835165,38.60660709123415,39.5,71.0
2023,4,regular,,401520267,5.757060549289763,6.0,7.0,0.6648351648351648,54.06279259227555,47.0,67.0
2023,4,regular,,401520259,-0.8535926706994417,6.5,7.0,0.4478021978021978,54.082751381556044,52.0,61.0
2023,4,regular,,401520256,11.77233800207305,16.5,2.0,0.8406593406593407,44.70376185708515,46.0,56.0
2023,4,regular,,401540268,0.01103967676619794,-7.0,-40.0,0.49175824175824173,55.25855506382902,54.5,40.0
2023,4,regular,,401540207,19.88431016811381,18.5,20.0,0.9642857142857143,58.883824217932386,58.5,54.0
2023,4,regular,,401525510,-11.194425845202352,-7.0,-17.0,0.19230769230769232,54.71791790791224,49.5,65.0
2023,4,regular,,401531872,-5.089765069217393,-5.0,-7.0,0.31868131868131866,58.12875772208902,52.5,83.0
2023,4,regular,,401525848,2.092485600191183,6.0,13.0,0.5412087912087912,53.64482642720797,52.5,75.0
2023,4,regular,,401520273,0.9821896588428958,1.0,-17.0,0.5164835164835165,50.09389351134739,49.5,73.0
2023,4,regular,,401540237,7.41124893489793,7.0,-3.0,0.7225274725274725,56.57792197525104,62.5,51.0
2023,4,regular,,401532407,16.592741408396908,27.5,43.0,0.9313186813186813,51.91191543225338,47.5,63.0
2023,4,regular,,401524018,23.00563741275625,20.5,27.0,0.9807692307692307,54.12696329934914,55.5,91.0
2023,4,regular,,401524014,-30.52066282974394,-34.5,-14.0,0.01098901098901099,65.65197201578796,62.0,70.0
2023,4,regular,,401520253,-3.1894138266791328,4.0,3.0,0.36538461538461536,57.34016809326758,55.0,37.0
2023,5,regular,,401520277,10.900532209271459,6.5,21.0,0.8041666666666667,60.81777792523586,60.0,41.0
2023,5,regular,,401531339,6.1387307304772,3.0,22.0,0.69375,50.482346956514746,55.0,74.0
2023,5,regular,,401520276,-11.558848524651097,-6.5,-7.0,0.16458333333333333,36.35731896866862,36.0,63.0
2023,5,regular,,401541632,6.821379965980953,6.5,3.0,0.7145833333333333,43.040476876016214,40.5,17.0
2023,5,regular,,401525512,-2.8739013516085663,-3.5,-3.0,0.38333333333333336,55.002156152240055,55.5,23.0
2023,5,regular,,401524020,1.5804334185465554,3.5,14.0,0.5479166666666667,46.55973214858071,44.5,28.0
2023,5,regular,,401520278,3.428110131709447,-1.0,-14.0,0.6125,52.09878181237677,50.5,34.0
2023,5,regular,,401525851,2.5383069192198398,1.0,8.0,0.5708333333333333,51.98110923075875,48.0,62.0
2023,5,regular,,401520279,-4.682040918857798,-6.5,-12.0,0.32916666666666666,55.73977349920139,54.0,56.0
2023,5,regular,,401531880,4.345294891124219,3.0,8.0,0.6458333333333334,53.116361891891515,49.5,54.0
2023,5,regular,,401531370,15.185738048803394,22.0,12.0,0.9,52.72901525066998,58.5,58.0
2023,5,regular,,401520282,0.7568657844726459,1.5,19.0,0.5208333333333334,44.30524463195562,45.0,47.0
2023,5,regular,,401539981,3.0259503786834148,15.5,42.0,0.5979166666666667,48.52521642212363,39.0,48.0
2023,5,regular,,401540400,10.988288895651744,6.0,22.0,0.8041666666666667,49.18207586078747,49.0,88.0
2023,5,regular,,401532412,-1.2898716787295927,2.5,-3.0,0.44375,60.88652508924749,55.5,23.0
2023,5,regular,,401520287,-25.04739289710967,-27.0,-28.0,0.025,50.58742402250262,46.0,54.0
2023,5,regular,,401520292,-4.287027598944485,-4.5,-1.0,0.3333333333333333,58.16210269757525,51.0,67.0
2023,5,regular,,401524023,-21.18967383277806,-21.5,-7.0,0.04791666666666667,76.6424845318136,74.5,89.0
2023,5,regular,,401540005,13.25256122012819,14.5,22.0,0.8729166666666667,56.3700972925604,53.5,62.0
2023,5,regular,,401534852,-7.336821402379778,-9.5,-25.0,0.25625,59.373758469682855,59.0,45.0
2023,5,regular,,401525514,1.2980730886830127,-7.0,-17.0,0.5354166666666667,52.64070219854835,53.0,45.0
2023,5,regular,,401540013,3.6753541579725857,3.5,-3.0,0.6270833333333333,54.460321805304964,47.5,59.0
2023,5,regular,,401520284,4.104592107749944,10.0,11.0,0.6375,51.04029758261947,48.5,59.0
2023,5,regular,,401540591,10.787713752899638,17.5,14.0,0.8041666666666667,56.28621647898507,59.5,70.0
2023,5,regular,,401540030,-0.22956263030721058,2.5,-10.0,0.46875,48.915431062198095,41.5,24.0
2023,5,regular,,401540522,-2.26263103071048,-2.5,10.0,0.4083333333333333,60.67983514742582,54.5,58.0
2023,5,regular,,401540555,17.819147815616958,21.0,10.0,0.9354166666666667,51.87608986863293,50.5,44.0
2023,5,regular,,401540335,11.331324546784211,2.0,-3.0,0.8145833333333333,47.65321665231158,38.5,43.0
2023,5,regular,,401540082,10.67744905788396,15.5,42.0,0.8020833333333334,54.76891102765764,53.0,56.0
2023,5,regular,,401540468,-2.542907977605346,-4.0,-6.0,0.3958333333333333,52.70029423699803,54.5,34.0
2023,5,regular,,401540423,7.97131556884082,11.5,23.0,0.7520833333333333,51.02608224460762,56.5,75.0
2023,5,regular,,401532410,6.282139940677366,7.5,3.0,0.7,50.80119598626294,47.5,49.0
2023,5,regular,,401525513,1.1889489846042092,3.5,3.0,0.5333333333333333,55.97451816076898,52.5,51.0
2023,5,regular,,401532413,-8.996606873750451,-14.5,-20.0,0.21875,53.431018598206265,49.5,26.0
2023,5,regular,,401524022,15.25675747615906,12.5,3.0,0.9,49.430517955130355,47.5,45.0
2023,5,regular,,401540509,17.931486586536202,20.0,-3.0,0.9395833333333333,52.77816858802827,55.0,105.0
2023,5,regular,,401540280,-21.65075485018871,-22.5,-7.0,0.04583333333333333,51.65016752369563,50.5,49.0
2023,5,regular,,401540370,10.420615429051848,18.5,21.0,0.8,55.85212913554784,54.5,63.0
2023,5,regular,,401525515,12.752661819374833,22.0,-11.0,0.8604166666666667,53.76032275524385,51.5,65.0
2023,5,regular,,401531424,0.6447140602627512,4.0,-14.0,0.51875,48.54775172556951,54.5,74.0
2023,5,regular,,401520286,-22.665142175994152,-17.0,-38.0,0.035416666666666666,40.334131668783115,39.5,52.0
2023,5,regular,,401520289,-3.874197460079503,1.0,25.0,0.3458333333333333,48.56331789840351,53.5,63.0
2023,5,regular,,401526836,5.352589286155569,1.5,-24.0,0.6625,61.51118452482937,55.0,80.0
2023,5,regular,,401540606,-0.09764275370195047,-4.0,21.0,0.4791666666666667,51.444408535040516,49.5,41.0
2023,5,regular,,401540049,12.471169815241542,13.0,34.0,0.8520833333333333,45.96576287223664,40.0,78.0
2023,5,regular,,401525855,7.757724664479703,8.5,21.0,0.7416666666666667,58.40147762302774,51.5,77.0
2023,5,regular,,401531881,16.79635572178305,14.0,6.0,0.91875,40.1218316443097,47.0,76.0
2023,5,regular,,401520280,-14.651782424350596,-14.0,-7.0,0.11458333333333333,51.04572046515074,45.5,47.0
2023,5,regular,,401540490,9.992233434129634,6.0,28.0,0.7895833333333333,44.341743292118906,40.5,84.0
2023,5,regular,,401532411,20.18911005713808,13.0,2.0,0.9625,53.808104862268934,48.0,68.0
2023,5,regular,,401520283,18.74627362615002,14.0,27.0,0.94375,47.74472204699856,50.0,61.0
2023,5,regular,,401520290,42.20981419339666,46.0,49.0,1.0,44.60805800246909,52.5,55.0
2023,5,regular,,401532409,2.6246023495780717,1.5,18.0,0.5770833333333333,54.33740526094029,50.5,66.0
2023,5,regular,,401525854,16.408614822167735,16.5,26.0,0.91875,59.87009930748363,61.0,54.0
2023,5,regular,,401525856,15.834488469759787,11.5,-1.0,0.90625,56.00751175186993,56.0,71.0
2023,5,regular,,401540238,-11.442961629996374,-7.5,-8.0,0.16458333333333333,55.11361578669732,63.0,80.0
2023,5,regular,,401539996,8.728434787730887,-2.5,1.0,0.7625,59.430946975330244,62.5,97.0
2023,5,regular,,401532586,11.051691450098891,11.0,24.0,0.80625,59.49142471195308,59.0,64.0
2023,5,regular,,401532588,13.499426677311149,14.0,9.0,0.875,48.81806892451551,41.0,61.0
2023,5,regular,,401540253,19.55831508307498,21.0,8.0,0.9541666666666667,59.50792520478518,56.5,48.0
2023,5,regular,,401520293,-11.179735975547933,-13.5,-17.0,0.17291666666666666,57.46760751722397,54.5,59.0
2023,5,regular,,401540611,17.149970409397675,20.0,35.0,0.925,46.36457854011236,41.0,41.0
2023,5,regular,,401531429,2.5786509553816357,3.5,3.0,0.575,57.32948146149512,59.5,67.0
2023,5,regular,,401540215,-2.7005886257187934,3.5,-1.0,0.38958333333333334,61.29944329071995,67.5,27.0
2023,5,regular,,401540269,22.145189869150105,24.5,16.0,0.9729166666666667,61.9682171514678,65.5,60.0
2023,5,regular,,401520288,3.634891437624855,-3.0,6.0,0.6270833333333333,68.64648975095594,67.0,104.0
2023,5,regular,,401540118,7.616548626012577,2.0,-3.0,0.7395833333333334,42.14142529489113,37.5,43.0
2023,5,regular,,401540584,-15.777039463218076,-17.5,-10.0,0.08958333333333333,53.35067445535647,49.5,36.0
2023,5,regular,,401524024,-24.42842653241398,-27.0,-36.0,0.027083333333333334,59.088243784454804,61.0,48.0
2023,5,regular,,401540194,-3.525068034822265,-7.0,-10.0,0.36041666666666666,57.25249495724805,62.5,54.0
2023,5,regular,,401540357,5.913249495035783,2.5,-2.0,0.6875,55.790582072313725,55.5,40.0
2023,5,regular,,401540150,-21.972403644935117,-30.5,-24.0,0.04583333333333333,49.39707896586219,45.5,38.0
2023,5,regular,,401540158,-1.967147633895543,-2.0,-15.0,0.41458333333333336,61.24095304880455,60.5,55.0
2023,5,regular,,401531878,3.5603613718873057,6.0,10.0,0.6208333333333333,55.66226934155608,64.5,66.0
2023,5,regular,,401540430,-5.603892943395123,-6.5,-9.0,0.3104166666666667,49.71302020594442,49.5,29.0
2023,5,regular,,401540300,10.855417812834647,-2.0,2.0,0.8041666666666667,50.10621064902247,45.5,58.0
2023,5,regular,,401540542,16.157072451515997,20.5,10.0,0.9145833333333333,56.94607707481271,55.5,30.0
2023,5,regular,,401525852,19.856283956543166,20.0,30.0,0.9583333333333334,46.6762864984626,48.5,70.0
2023,5,regular,,401531879,8.223739401434646,1.0,-21.0,0.75625,54.37547700245045,51.0,35.0
2023,5,regular,,401531883,-8.23547890315384,-6.5,-14.0,0.23541666666666666,61.37814110952326,60.5,86.0
2023,5,regular,,401531414,-0.39367474802262276,3.5,7.0,0.4666666666666667,56.73377316351788,47.0,41.0
2023,5,regular,,401531436,12.869755275465371,15.5,14.0,0.8666666666666667,67.39628248632619,70.5,76.0
2023,5,regular,,401520291,11.335697666538609,12.5,21.0,0.8145833333333333,58.37751136571505,63.0,61.0
2023,5,regular,,401520281,11.210505357976897,12.0,10.0,0.8125,35.813569351936636,36.5,42.0
2023,5,regular,,401531404,18.9289658747675,23.5,18.0,0.9458333333333333,55.67472511531247,53.5,50.0
2023,5,regular,,401525438,0.03363963665966896,-5.5,-7.0,0.4875,52.0887969125374,52.5,35.0
2023,5,regular,,401540186,-1.671289647876086,-8.0,-2.0,0.42291666666666666,55.490594546076615,57.5,56.0
2023,5,regular,,401540228,-16.058575752909057,-23.0,-18.0,0.08333333333333333,56.339281128279154,58.0,44.0
2023,5,regular,,401525516,-0.5729962655829274,-2.5,17.0,0.4583333333333333,48.716330956193865,40.0,59.0
2023,5,regular,,401525853,8.268847340357532,12.5,-3.0,0.75625,53.63577974697087,52.0,45.0
2023,5,regular,,401532589,16.261193460803444,10.5,39.0,0.9166666666666666,39.839489621788445,43.5,59.0
2023,5,regular,,401531882,-15.863184533902876,-13.5,-1.0,0.08958333333333333,56.38022524488146,51.0,81.0
2023,5,regular,,401540391,-4.478464254099537,-7.0,-21.0,0.32916666666666666,54.57324034795895,53.5,41.0
2023,5,regular,,401520285,-18.25124655528171,-14.5,-23.0,0.07708333333333334,50.634885559015345,46.5,57.0
2023,5,regular,,401540273,24.04794313350834,20.0,1.0,0.9791666666666666,56.141379055125185,59.5,61.0
2023,5,regular,,401524021,-18.528751547818764,-20.0,-7.0,0.07708333333333334,62.42741949817274,67.0,55.0
2023,5,regular,,401532587,22.157560210132704,24.5,18.0,0.9729166666666667,52.79988531500301,51.5,36.0
2023,6,regular,,401520294,-2.1907758087204683,3.0,-15.0,0.41245791245791247,48.421666762029176,52.0,75.0
2023,6,regular,,401520297,6.266145300867628,6.5,17.0,0.7003367003367004,48.78351096682522,49.5,51.0
2023,6,regular,,401520296,26.32609082759947,21.0,5.0,0.9932659932659933,48.14266367494608,46.5,37.0
2023,6,regular,,401520295,-8.572462228967424,-6.0,-7.0,0.2356902356902357,60.29748519296881,59.0,63.0
2023,6,regular,,401540309,19.41679620530138,12.5,18.0,0.9579124579124579,56.34293939873312,48.0,64.0
2023,6,regular,,401525857,-14.36586129603116,-11.5,8.0,0.1111111111111111,51.46423514295175,54.0,50.0
2023,6,regular,,401520301,3.491480220663748,3.0,-13.0,0.6094276094276094,40.911147467047556,42.0,27.0
2023,6,regular,,401520305,-1.7757833884617542,-6.0,-10.0,0.4276094276094276,61.250945782032424,63.5,88.0
2023,6,regular,,401526837,-15.926106195109917,-19.0,-17.0,0.09259259259259259,64.38777621011036,55.5,65.0
2023,6,regular,,401525861,1.050917384779374,4.0,-4.0,0.5235690235690236,54.67906059876267,61.5,64.0
2023,6,regular,,401520311,9.342591367406488,13.0,11.0,0.7693602693602694,44.4084621029804,44.0,37.0
2023,6,regular,,401540292,-6.054845689527104,-10.0,-4.0,0.2777777777777778,59.893676225803645,63.5,64.0
2023,6,regular,,401520304,11.041236152090423,21.0,13.0,0.8097643097643098,60.05144210157431,55.0,69.0
2023,6,regular,,401540021,8.025919563636926,7.5,10.0,0.7407407407407407,43.13306968427009,42.0,36.0
2023,6,regular,,401525522,7.077808226118668,10.0,14.0,0.7104377104377104,43.34124346458731,42.0,40.0
2023,6,regular,,401520298,9.817196171049368,2.5,-3.0,0.7845117845117845,51.745763304591705,47.0,51.0
2023,6,regular,,401520307,15.38319492008419,17.0,20.0,0.9074074074074074,53.21567864583328,57.0,54.0
2023,6,regular,,401540523,23.62405313454738,21.5,16.0,0.9797979797979798,49.35926854155829,45.0,16.0
2023,6,regular,,401540083,22.166104186202393,20.5,3.0,0.9730639730639731,53.38106551108942,55.5,73.0
2023,6,regular,,401540060,12.026134848599707,15.5,3.0,0.8451178451178452,47.16880783624896,41.5,81.0
2023,6,regular,,401540074,2.7258793576964866,5.5,-3.0,0.5757575757575758,43.83224139101786,39.5,21.0
2023,6,regular,,401540556,0.2146733302255477,1.5,-4.0,0.5016835016835017,54.7178650803325,53.5,52.0
2023,6,regular,,401540563,0.4790215418468925,2.0,7.0,0.51010101010101,49.67653236287852,45.5,27.0
2023,6,regular,,401540469,-0.32957172188313555,-4.0,24.0,0.47474747474747475,52.80641064546907,54.5,38.0
2023,6,regular,,401540050,-23.78685103842368,-29.0,-28.0,0.02861952861952862,60.236215706430684,64.5,82.0
2023,6,regular,,401539973,-0.07055858444478758,4.5,7.0,0.4898989898989899,60.76300919645517,51.0,95.0
2023,6,regular,,401540627,-9.310983211236147,-12.5,-21.0,0.21885521885521886,50.6170165471937,49.5,41.0
2023,6,regular,,401540336,-0.7954861862591435,-4.5,-7.0,0.46464646464646464,51.035495101988545,42.0,55.0
2023,6,regular,,401540315,-5.795604351814077,-7.5,-3.0,0.29124579124579125,66.0525529379581,64.0,57.0
2023,6,regular,,401525521,0.8123485966205441,6.5,7.0,0.5218855218855218,44.52811284787121,44.0,89.0
2023,6,regular,,401540371,25.738944566641464,27.0,39.0,0.9932659932659933,63.676254791230136,64.0,59.0
2023,6,regular,,401540600,33.92793685844089,34.5,14.0,1.0,55.187817560854654,51.5,42.0
2023,6,regular,,401531389,-9.594705400664312,-14.0,-15.0,0.2138047138047138,50.160958105035434,56.0,83.0
2023,6,regular,,401532415,2.0525586481086417,-2.5,24.0,0.5555555555555556,61.50530245484864,52.0,50.0
2023,6,regular,,401539997,1.5130416920770136,6.5,-11.0,0.5404040404040404,54.409141050131595,51.0,57.0
2023,6,regular,,401540495,-2.6187476897837594,-2.5,23.0,0.3956228956228956,55.34128949807972,55.0,23.0
2023,6,regular,,401540479,-11.966725173283926,-14.0,-1.0,0.14814814814814814,49.88024291257072,50.5,55.0
2023,6,regular,,401540348,-10.428460933465265,-15.5,-28.0,0.1835016835016835,58.3085675633969,56.0,48.0
2023,6,regular,,401540014,14.276870849145261,21.5,26.0,0.8922558922558923,62.21793383108286,60.0,60.0
2023,6,regular,,401540364,18.640366541674208,20.0,31.0,0.9461279461279462,49.32327155008454,45.5,45.0
2023,6,regular,,401520306,19.89738415234016,23.0,3.0,0.9612794612794613,53.00014931054197,51.0,43.0
2023,6,regular,,401524028,4.035782365532005,3.5,8.0,0.6279461279461279,62.239859492938535,60.0,42.0
2023,6,regular,,401540119,6.2634382411156855,7.0,5.0,0.7003367003367004,48.99603330165657,41.0,33.0
2023,6,regular,,401540592,-15.565178684637061,-14.5,-18.0,0.1026936026936027,57.655490788141236,54.0,30.0
2023,6,regular,,401520310,-4.792561323374628,-2.5,-6.0,0.335016835016835,46.843074042178955,45.5,46.0
2023,6,regular,,401531884,-0.8731642305664952,1.0,4.0,0.4612794612794613,66.74304163504203,67.5,64.0
2023,6,regular,,401525518,19.10246852596914,24.0,22.0,0.9562289562289562,57.77557116194453,52.5,56.0
2023,6,regular,,401525520,7.555070752685444,9.5,33.0,0.7255892255892256,58.1825003608818,59.0,47.0
2023,6,regular,,401525517,14.30257064845491,21.0,5.0,0.8922558922558923,55.35497378250123,53.0,29.0
2023,6,regular,,401532414,5.4537605793221156,2.5,14.0,0.6767676767676768,46.36957392992813,43.5,34.0
2023,6,regular,,401540127,-0.42209905801126135,1.5,1.0,0.4730639730639731,51.125242116576835,48.0,49.0
2023,6,regular,,401531433,2.5667473891303376,6.5,3.0,0.569023569023569,62.164807609176066,60.5,51.0
2023,6,regular,,401540491,3.9357974063983434,3.5,11.0,0.6245791245791246,48.692470959538895,45.0,73.0
2023,6,regular,,401532417,21.762496277118235,24.5,25.0,0.968013468013468,42.72914380530078,45.5,59.0
2023,6,regular,,401520302,8.516916852683265,2.5,6.0,0.7491582491582491,44.79626488157972,38.5,34.0
2023,6,regular,,401532416,10.59551978567657,7.5,27.0,0.797979797979798,51.17732576860367,43.0,27.0
2023,6,regular,,401532418,-0.8022845896068821,-4.0,-41.0,0.46464646464646464,45.51727668730611,42.5,69.0
2023,6,regular,,401531887,16.648505009067307,15.5,34.0,0.9292929292929293,52.90414992483177,52.0,40.0
2023,6,regular,,401525860,0.03636705776248661,-2.0,29.0,0.494949494949495,66.73738383612215,64.5,73.0
2023,6,regular,,401540485,18.812819827855712,21.0,15.0,0.9478114478114478,57.08440022048903,52.0,47.0
2023,6,regular,,401531380,-2.534964992244606,-3.0,21.0,0.4006734006734007,63.44892282312779,68.5,91.0
2023,6,regular,,401540089,-13.038389649755622,-10.0,-15.0,0.13131313131313133,54.94996916429909,54.5,75.0
2023,6,regular,,401520299,15.669642823232476,18.5,24.0,0.9107744107744108,55.54596637237577,51.0,52.0
2023,6,regular,,401540377,4.291200525596676,3.0,14.0,0.6363636363636364,48.77351241100915,46.0,40.0
2023,6,regular,,401540358,8.952925995323085,14.5,31.0,0.7626262626262627,54.94656945050146,55.0,45.0
2023,6,regular,,401540585,0.6660742621806585,-3.5,-2.0,0.5185185185185185,60.89049293343233,60.5,102.0
2023,6,regular,,401540544,-10.976294076777855,-15.0,-23.0,0.1734006734006734,48.52665077999231,46.0,51.0
2023,6,regular,,401540578,-9.116859534677014,-9.5,-7.0,0.2255892255892256,51.31118470584633,46.5,41.0
2023,6,regular,,401520309,11.03592313604231,10.0,-7.0,0.8097643097643098,53.482314634296046,47.5,69.0
2023,6,regular,,401540187,1.712204578647056,3.5,5.0,0.5471380471380471,58.97489568801217,65.5,71.0
2023,6,regular,,401540435,16.899399918085745,19.5,7.0,0.930976430976431,50.096205172706746,61.0,59.0
2023,6,regular,,401540447,-1.3224147681446217,-4.0,28.0,0.4494949494949495,58.238385273484155,57.0,34.0
2023,6,regular,,401531340,0.10341696113133247,3.0,3.0,0.49663299663299665,52.785621466650646,54.5,37.0
2023,6,regular,,401524026,-5.8562827105006505,-3.0,-3.0,0.2895622895622896,59.55842428744583,58.5,51.0
2023,6,regular,,401531885,-10.763414850784155,-11.0,-48.0,0.1750841750841751,51.93175225212291,51.0,62.0
2023,6,regular,,401520300,14.603782452121187,14.5,38.0,0.8973063973063973,47.974644416562995,47.0,64.0
2023,6,regular,,401540151,-5.978171884628118,-8.0,-7.0,0.28619528619528617,40.5920228717588,38.0,45.0
2023,6,regular,,401540103,-12.581265931123514,-21.0,-19.0,0.13468013468013468,52.548712423061396,47.0,61.0
2023,6,regular,,401540261,4.419500747894512,7.5,-8.0,0.6414141414141414,50.81681844776828,50.5,54.0
2023,6,regular,,401540208,1.956001114003366,-1.0,-1.0,0.5538720538720538,55.39798188184902,53.5,53.0
2023,6,regular,,401540165,12.118789188248941,18.5,19.0,0.8468013468013468,54.37094213775789,50.5,43.0
2023,6,regular,,401531886,1.9484663135554752,3.0,-4.0,0.5538720538720538,54.004255030411116,56.5,30.0
2023,6,regular,,401540301,-19.434903405296215,-17.5,-7.0,0.058922558922558925,54.47832219882608,50.0,47.0
2023,6,regular,,401520308,9.246001590043067,13.0,7.0,0.7676767676767676,69.55037028589857,62.0,47.0
2023,6,regular,,401520303,-20.423600024917583,-18.5,-42.0,0.045454545454545456,44.875108633873694,46.0,62.0
2023,6,regular,,401525439,-7.441102881839682,-6.0,13.0,0.25252525252525254,52.0648677289598,54.0,53.0
2023,6,regular,,401532590,2.711529151828293,-3.0,20.0,0.5757575757575758,63.91018419637872,62.0,68.0
2023,6,regular,,401525859,-6.20519713543548,-6.5,13.0,0.2727272727272727,49.370878943584515,52.5,41.0
2023,6,regular,,401532591,-4.323970337316381,-6.0,5.0,0.34175084175084175,48.58054917256001,43.0,43.0
2023,6,regular,,401540274,8.981745328548776,8.5,-17.0,0.7643097643097643,52.553269861151584,50.5,37.0
2023,6,regular,,401540229,-27.92215210644286,-28.0,-28.0,0.015151515151515152,57.14089766151427,56.0,56.0
2023,6,regular,,401532592,11.102654248616751,8.0,8.0,0.8164983164983165,55.44212440447461,57.5,62.0
2023,6,regular,,401525858,-5.792596499192917,-2.5,-25.0,0.29124579124579125,58.109845446574376,59.5,53.0
2023,6,regular,,401525519,20.628700496215036,19.0,-3.0,0.9646464646464646,56.957243369625715,57.0,43.0
2023,6,regular,,401524027,-10.938351595951138,-7.5,-12.0,0.1734006734006734,50.70289137815574,51.0,92.0
2023,6,regular,,401524025,16.651827755569116,21.0,2.0,0.9292929292929293,69.11276422084443,69.5,84.0
2023,7,regular,,401520313,-0.4991410543232724,3.0,8.0,0.46618705035971225,57.152222172151454,54.0,54.0
2023,7,regular,,401520312,-4.977159995055238,-7.0,-18.0,0.31798561151079136,54.63548890243625,59.0,44.0
2023,7,regular,,401531888,3.8224890127996067,4.5,-3.0,0.6287769784172662,63.488534330272756,59.0,51.0
2023,7,regular,,401520314,0.7238351474385374,3.5,-13.0,0.5151079136690647,41.91274969350157,43.0,41.0
2023,7,regular,,401520315,11.035758144891293,4.0,14.0,0.814388489208633,43.89054829507253,42.5,40.0
2023,7,regular,,401525862,-5.355826268076899,-3.0,2.0,0.30935251798561153,53.54294525188872,49.5,80.0
2023,7,regular,,401540036,9.125819469959985,11.0,24.0,0.7712230215827338,51.444098995549155,50.0,38.0
2023,7,regular,,401531415,-7.4928466853188,-11.5,-21.0,0.2489208633093525,51.65742478438101,49.0,41.0
2023,7,regular,,401531371,0.5963089423522174,-4.5,-10.0,0.5107913669064749,54.49110506815106,55.0,52.0
2023,7,regular,,401532594,-6.96115390517001,-5.5,-5.0,0.26618705035971224,62.56890964653,56.0,69.0
2023,7,regular,,401524029,9.83541190763503,13.0,-3.0,0.7913669064748201,58.415736468881306,59.0,89.0
2023,7,regular,,401525524,14.340190384448567,18.5,38.0,0.8906474820143885,57.04673100324433,53.0,44.0
2023,7,regular,,401520316,16.94971367257752,19.5,3.0,0.9266187050359712,49.73978394413825,45.5,45.0
2023,7,regular,,401525863,2.516986765346879,5.0,-20.0,0.5755395683453237,44.91861006913044,42.5,40.0
2023,7,regular,,401532422,9.218227215130055,7.5,14.0,0.7726618705035971,44.2482393166912,40.0,42.0
2023,7,regular,,401520324,8.591576208710368,4.5,3.0,0.758273381294964,43.41182196082754,39.5,51.0
2023,7,regular,,401540031,15.939854500110341,22.5,28.0,0.9151079136690647,49.07868400917549,44.0,34.0
2023,7,regular,,401540061,-6.308355010877062,-3.5,-10.0,0.2820143884892086,52.22054149076188,42.5,24.0
2023,7,regular,,401520327,-30.836968923792305,-32.5,-17.0,0.008633093525179856,58.72729224010155,55.0,57.0
2023,7,regular,,401531390,4.988012521966818,6.5,31.0,0.6676258992805756,69.36351183669136,68.0,59.0
2023,7,regular,,401540524,-2.714095337452658,-3.0,14.0,0.3942446043165468,57.97251941274415,54.5,46.0
2023,7,regular,,401520323,-21.372654568032043,-17.5,-34.0,0.03884892086330935,56.6280522216848,53.0,48.0
2023,7,regular,,401531890,3.796406222735108,6.0,28.0,0.6258992805755396,57.29261421195946,59.5,54.0
2023,7,regular,,401540006,11.507984798147644,9.0,24.0,0.823021582733813,66.57666960312247,54.5,64.0
2023,7,regular,,401540293,-2.0979412583500485,-3.0,1.0,0.4143884892086331,46.246474772027724,51.0,55.0
2023,7,regular,,401520321,38.77038233060947,33.5,45.0,1.0,47.78487453692384,45.5,59.0
2023,7,regular,,401540051,7.203843605897208,11.0,-8.0,0.7223021582733813,57.34076956766232,53.5,34.0
2023,7,regular,,401540619,-2.716642072577572,-2.0,-4.0,0.3942446043165468,41.66776229531297,35.0,30.0
2023,7,regular,,401540337,-5.350515878942624,-10.5,3.0,0.30935251798561153,50.00209278461564,44.5,51.0
2023,7,regular,,401540401,-3.317519912450227,-4.0,-2.0,0.37841726618705035,53.596680934450234,51.5,68.0
2023,7,regular,,401540413,3.436088973120712,7.5,21.0,0.6129496402877698,49.89353512256666,45.0,21.0
2023,7,regular,,401540418,5.062161134819,8.5,51.0,0.6705035971223021,60.65252202002988,57.0,71.0
2023,7,regular,,401540510,9.233639395933029,8.0,-3.0,0.7741007194244605,49.63595677519035,51.0,37.0
2023,7,regular,,401540515,-2.5267254828077976,-6.0,31.0,0.4028776978417266,47.37664796253559,38.5,73.0
2023,7,regular,,401540530,0.290579031038978,2.5,7.0,0.5007194244604316,57.383918759527724,55.0,69.0
2023,7,regular,,401540570,9.95659733075036,8.5,-7.0,0.7956834532374101,55.32181880127794,59.0,41.0
2023,7,regular,,401540601,-6.022026704963524,-6.0,-6.0,0.28776978417266186,58.003946149980095,59.0,48.0
2023,7,regular,,401540022,2.226819486481957,7.5,11.0,0.5654676258992806,50.055122551708976,50.0,37.0
2023,7,regular,,401534853,6.98857179603517,8.0,41.0,0.7194244604316546,59.75388151809162,60.5,55.0
2023,7,regular,,401541633,2.794437842190435,-3.0,-3.0,0.5827338129496403,42.19749032851964,34.5,37.0
2023,7,regular,,401540002,6.006447163130059,4.0,-21.0,0.7007194244604317,43.16775554302336,37.5,35.0
2023,7,regular,,401540177,10.03181919565115,14.0,27.0,0.7985611510791367,56.62028444162959,54.0,55.0
2023,7,regular,,401540458,4.473050130831227,-1.5,-3.0,0.6561151079136691,54.23941999557164,46.0,45.0
2023,7,regular,,401532419,-16.496755190943205,-17.5,-7.0,0.0920863309352518,56.243156883898976,48.0,19.0
2023,7,regular,,401540442,-0.985627850026199,1.0,3.0,0.441726618705036,52.292259766949186,46.0,65.0
2023,7,regular,,401531405,-0.019812500518091802,-3.0,-14.0,0.4920863309352518,45.37868058840766,44.5,14.0
2023,7,regular,,401540372,-7.424133001491756,-7.0,25.0,0.25323741007194245,56.91995918335532,58.0,73.0
2023,7,regular,,401540281,-28.296770032252404,-24.0,-8.0,0.011510791366906475,57.460961752233175,58.0,34.0
2023,7,regular,,401540136,-0.5712496841122748,-2.0,25.0,0.4618705035971223,46.67340153427513,41.5,59.0
2023,7,regular,,401540110,7.0843081745031595,4.5,-21.0,0.7194244604316546,58.7613115204873,57.0,69.0
2023,7,regular,,401540104,20.154281988700472,15.5,37.0,0.9611510791366906,49.98680676484253,42.5,51.0
2023,7,regular,,401524033,12.754669358076445,9.5,20.0,0.8546762589928057,45.70625029507498,43.0,48.0
2023,7,regular,,401540325,23.887980101998373,21.0,15.0,0.9798561151079137,50.887160423750544,47.5,27.0
2023,7,regular,,401540195,3.320333749143,8.0,6.0,0.6086330935251798,60.77783733354519,64.5,76.0
2023,7,regular,,401540120,12.155529936064324,11.5,-5.0,0.837410071942446,51.55196383970262,45.0,43.0
2023,7,regular,,401540365,-18.41375574525105,-21.0,-21.0,0.07482014388489208,50.70099846074868,47.5,33.0
2023,7,regular,,401540408,18.164463161082164,24.0,35.0,0.9338129496402877,59.260157780476916,54.5,47.0
2023,7,regular,,401540480,11.406834640994344,12.0,7.0,0.823021582733813,51.46372569784011,49.5,63.0
2023,7,regular,,401540143,4.705510103232909,3.5,-3.0,0.6589928057553956,57.25598796867619,55.0,65.0
2023,7,regular,,401532423,-9.917000360398003,-7.5,-13.0,0.20431654676258992,53.65847662884127,45.0,55.0
2023,7,regular,,401520322,42.67245499340759,42.0,63.0,1.0,60.84745545731722,55.0,63.0
2023,7,regular,,401524034,5.781252499931533,3.0,3.0,0.6949640287769784,68.37227551205984,67.0,69.0
2023,7,regular,,401525527,-1.0901996409347023,1.5,17.0,0.43884892086330934,51.49981630539119,48.5,43.0
2023,7,regular,,401532420,9.739617810542375,10.5,7.0,0.7856115107913669,51.38575309434974,44.0,27.0
2023,7,regular,,401540575,-18.590930141932297,-10.5,-19.0,0.06618705035971223,57.26797571080624,57.0,33.0
2023,7,regular,,401540593,4.753116590169377,4.0,31.0,0.6633093525179856,48.986170900747496,42.0,51.0
2023,7,regular,,401520317,-5.656853585147961,-6.5,-19.0,0.3079136690647482,42.32190989553936,42.0,19.0
2023,7,regular,,401520325,-0.4902990802900895,-0.0,-2.0,0.46618705035971225,50.46111135311699,50.0,80.0
2023,7,regular,,401520326,4.823372106934402,3.0,7.0,0.6647482014388489,55.5002983865855,54.5,33.0
2023,7,regular,,401532421,5.0008100633384736,3.0,-10.0,0.6676258992805756,55.52573202339814,44.5,38.0
2023,7,regular,,401525865,5.415808929553815,5.0,33.0,0.6848920863309352,57.3476257389495,52.5,55.0
2023,7,regular,,401525864,-4.7819548431483945,-3.0,7.0,0.3251798561151079,59.20495228251532,54.0,71.0
2023,7,regular,,401531420,3.081629503681306,2.5,-42.0,0.6014388489208633,58.233627880178375,61.0,70.0
2023,7,regular,,401520320,14.79317163463048,13.5,-3.0,0.8949640287769784,46.857755900678015,52.0,51.0
2023,7,regular,,401540378,8.461681604750899,15.0,-6.0,0.7568345323741007,48.82498445394386,47.5,54.0
2023,7,regular,,401540474,0.8937672250560675,2.5,14.0,0.5194244604316547,59.237152628396295,,34.0
2023,7,regular,,401540586,3.5173246793993505,1.0,-12.0,0.6187050359712231,58.279870735262236,50.0,32.0
2023,7,regular,,401520328,7.896742813659417,8.5,-9.0,0.7482014388489209,35.67816697592768,33.5,21.0
2023,7,regular,,401540349,-16.796287851172337,-17.0,-41.0,0.08920863309352518,63.34005915025446,56.0,55.0
2023,7,regular,,401540204,10.761832045205672,7.5,17.0,0.8100719424460432,54.59254045736625,58.0,43.0
2023,7,regular,,401540275,2.567388471930548,7.0,-24.0,0.576978417266187,61.25296889131296,57.5,66.0
2023,7,regular,,401540424,14.775251463221704,10.5,19.0,0.8935251798561151,53.599541778671934,51.0,67.0
2023,7,regular,,401532424,-8.976546156231443,-5.5,10.0,0.218705035971223,47.722849809549544,45.0,36.0
2023,7,regular,,401540188,3.181097064713553,7.5,3.0,0.6057553956834533,64.84835311435802,64.5,45.0
2023,7,regular,,401532597,-8.81094565253758,-7.5,-18.0,0.22014388489208633,55.87624118083821,51.5,72.0
2023,7,regular,,401539990,7.051584700478171,9.5,7.0,0.7194244604316546,49.37574226486089,50.5,41.0
2023,7,regular,,401540239,-8.92096577272978,-12.5,1.0,0.22014388489208633,65.16723626699668,69.0,83.0
2023,7,regular,,401532596,-5.329411374403459,-6.5,-28.0,0.30935251798561153,56.612261149110935,55.0,76.0
2023,7,regular,,401525525,-10.472546213146806,-7.0,17.0,0.1884892086330935,52.24676489457147,45.0,59.0
2023,7,regular,,401531889,0.5324737123181105,1.5,17.0,0.5093525179856115,56.56575386772515,53.5,65.0
2023,7,regular,,401525866,-0.41947170158041347,1.0,-17.0,0.47050359712230216,57.645687056438305,57.5,59.0
2023,7,regular,,401532598,10.673840872386585,12.5,7.0,0.8100719424460432,43.28731380288276,42.0,61.0
2023,7,regular,,401520319,9.363068147375966,11.0,30.0,0.7784172661870503,63.60109489337502,60.0,66.0
2023,7,regular,,401524030,4.835782529433334,7.5,-38.0,0.6647482014388489,58.34282805224472,56.5,50.0
2023,7,regular,,401540168,-2.4262565712711637,-2.0,30.0,0.4071942446043165,58.81965837316629,56.0,30.0
2023,7,regular,,401531891,19.5801115213437,18.5,1.0,0.9553956834532374,62.81668435571942,64.5,41.0
2023,7,regular,,401524031,-0.4312559265572494,3.0,28.0,0.46906474820143884,69.91949799429796,61.0,68.0
2023,7,regular,,401525526,5.941192271658162,2.5,10.0,0.6992805755395683,58.384198873796564,57.0,72.0
2023,7,regular,,401520318,1.2330141763125446,2.0,-17.0,0.5338129496402878,51.33089770893773,50.5,59.0
2023,7,regular,,401525523,14.069606695596082,3.5,21.0,0.8863309352517985,49.87668272925852,42.5,27.0
2023,7,regular,,401540230,34.89395937845827,39.0,40.0,1.0,56.09254039107265,60.5,78.0
2023,7,regular,,401540289,-3.690035201993356,-2.0,-1.0,0.3669064748201439,49.39044773772335,46.5,33.0
2023,7,regular,,401531381,8.29241229943419,9.0,21.0,0.7525179856115108,59.42038574664993,67.0,61.0
2023,7,regular,,401524032,4.590004797516059,3.5,12.0,0.6575539568345323,56.29777113985881,53.5,60.0
2023,7,regular,,401532593,-11.973082232876353,-7.5,1.0,0.16115107913669063,55.805961336585014,60.0,61.0
2023,7,regular,,401540246,11.312930600923078,13.0,-2.0,0.818705035971223,54.85864984475708,53.0,44.0
2023,7,regular,,401532595,-3.0848132905699726,-6.0,-7.0,0.3856115107913669,49.62661054129394,52.0,75.0
2023,8,regular,,401520330,18.625823108426278,16.0,7.0,0.9415422885572139,55.902168823786226,56.5,77.0
2023,8,regular,,401531892,17.66314346694455,18.5,52.0,0.931592039800995,55.01137061802729,51.0,58.0
2023,8,regular,,401520329,-4.0688061091683725,-7.5,3.0,0.35945273631840796,56.454582321461544,60.5,37.0
2023,8,regular,,401520331,0.21668601401745183,5.5,-6.0,0.4975124378109453,38.75820571937073,42.0,60.0
2023,8,regular,,401520332,-0.28059501075594295,-3.0,-21.0,0.47139303482587064,46.00194384866482,49.0,35.0
2023,8,regular,,401531893,-4.045666860282994,-5.0,-11.0,0.3619402985074627,55.311303838317706,49.25,29.0
2023,8,regular,,401531341,4.926964155067322,3.0,-32.0,0.6492537313432836,57.066346947663554,56.5,52.0
2023,8,regular,,401539983,-15.632820134885863,-14.0,-6.0,0.10572139303482588,54.042947318330064,47.5,26.0
2023,8,regular,,401540432,-6.223513147459302,-12.5,-17.0,0.2860696517412935,47.08241502362013,51.5,57.0
2023,8,regular,,401531391,-19.864748231738456,-24.0,-55.0,0.06218905472636816,56.775625059728696,53.0,55.0
2023,8,regular,,401520334,10.696054395184962,7.0,-4.0,0.7997512437810945,57.122251108084825,46.0,10.0
2023,8,regular,,401520337,-7.203153739661121,-6.0,-17.0,0.27114427860696516,45.896924911245044,39.5,45.0
2023,8,regular,,401520343,2.278896895456822,4.0,8.0,0.5659203980099502,53.404357042263044,46.5,32.0
2023,8,regular,,401531382,-8.494112037233366,-7.5,-24.0,0.23756218905472637,63.40720861693991,62.0,66.0
2023,8,regular,,401525871,20.780557000945628,17.0,2.0,0.9639303482587065,64.13235736631441,67.5,60.0
2023,8,regular,,401539974,-1.2343424689830544,-7.0,-28.0,0.44029850746268656,58.42485223888069,46.5,42.0
2023,8,regular,,401540007,5.23563589214952,-2.5,-14.0,0.6592039800995025,56.86376530290912,43.5,20.0
2023,8,regular,,401531434,-16.14614402653182,-11.0,-11.0,0.09950248756218906,39.09288760119209,34.0,23.0
2023,8,regular,,401532428,18.189935366638775,16.5,3.0,0.9378109452736318,52.44717057582257,52.0,37.0
2023,8,regular,,401525528,6.662110330822287,6.0,-15.0,0.7027363184079602,57.22925028107262,57.0,61.0
2023,8,regular,,401525868,7.951675327994517,2.5,-3.0,0.7388059701492538,51.96353409639916,50.5,61.0
2023,8,regular,,401544197,3.521752161771193,6.0,-10.0,0.6032338308457711,54.65457009113581,46.0,44.0
2023,8,regular,,401534854,10.741670750702959,10.0,4.0,0.8009950248756219,52.64879207883892,48.0,50.0
2023,8,regular,,401540023,1.1123660100863937,2.5,-39.0,0.5310945273631841,47.16318389144216,40.0,39.0
2023,8,regular,,401540402,16.79757218653294,15.5,21.0,0.9203980099502488,58.410092221445396,56.5,63.0
2023,8,regular,,401540069,12.921828084773532,14.5,-3.0,0.8507462686567164,58.015627641619666,52.0,73.0
2023,8,regular,,401540015,0.9437935549351567,3.0,3.0,0.5261194029850746,59.81468617187896,57.5,73.0
2023,8,regular,,401540294,-6.756187898931637,-5.5,22.0,0.277363184079602,55.87568790502493,57.0,50.0
2023,8,regular,,401540587,19.255748254623008,18.0,31.0,0.9502487562189055,60.34520893393197,55.0,37.0
2023,8,regular,,401540302,-23.754676433658418,-20.0,-14.0,0.03233830845771144,47.7396092411184,43.0,20.0
2023,8,regular,,401540342,-7.807449005056079,-8.0,7.0,0.2562189054726368,48.831693680713,38.0,35.0
2023,8,regular,,401540511,-11.282783488786347,-7.0,-27.0,0.18159203980099503,48.06997560295369,48.5,47.0
2023,8,regular,,401540525,-3.2955106475904774,-1.0,-9.0,0.3781094527363184,52.19390722632437,49.5,29.0
2023,8,regular,,401540545,-7.41677995384735,-8.0,-23.0,0.26119402985074625,44.777666937802024,42.0,43.0
2023,8,regular,,401540564,-4.620118514285953,-6.0,-32.0,0.3407960199004975,54.460303220844324,51.0,44.0
2023,8,regular,,401540052,4.8201393831351,3.0,-9.0,0.6467661691542289,52.48685428918549,47.0,45.0
2023,8,regular,,401540623,-9.542926072836334,-14.0,-13.0,0.22014925373134328,45.53578201439819,45.0,41.0
2023,8,regular,,401540338,-3.153967657970933,6.0,11.0,0.3818407960199005,38.45570439988013,33.5,29.0
2023,8,regular,,401531406,10.101829998110535,6.0,-3.0,0.7873134328358209,44.70248119468667,39.5,17.0
2023,8,regular,,401540326,-13.929633778586,-14.0,-44.0,0.12935323383084577,56.97568303675995,52.0,50.0
2023,8,regular,,401540414,-0.47241047067252784,-3.0,2.0,0.4701492537313433,54.20102538767229,52.0,54.0
2023,8,regular,,401540105,9.952180546946176,8.0,3.0,0.7810945273631841,58.365348246415294,57.0,79.0
2023,8,regular,,401532429,11.237317058961315,7.0,27.0,0.8097014925373134,44.009896285535035,37.0,55.0
2023,8,regular,,401531894,15.875309033997514,16.5,10.0,0.9054726368159204,55.4474778310633,60.5,66.0
2023,8,regular,,401540500,-14.202912762535833,-17.5,-25.0,0.12935323383084577,51.428423479820765,49.0,31.0
2023,8,regular,,401540602,0.7265932350258892,3.0,-12.0,0.5199004975124378,65.77540406502877,64.0,46.0
2023,8,regular,,401540161,-19.275669124958643,-19.5,-15.0,0.07213930348258707,55.23308091717951,48.0,27.0
2023,8,regular,,401540425,-0.6430270260717057,4.0,1.0,0.4651741293532338,50.2329562091587,46.0,49.0
2023,8,regular,,401540475,21.58686904341686,20.0,17.0,0.9701492537313433,57.918405522588536,53.5,17.0
2023,8,regular,,401540448,-10.334323967912976,-14.0,-7.0,0.20024875621890548,50.242547126191354,47.5,27.0
2023,8,regular,,401540128,-9.84944265726611,-14.0,-24.0,0.21019900497512436,46.47805660265092,45.5,38.0
2023,8,regular,,401540350,17.381408473045063,19.0,4.0,0.927860696517413,55.67444860238327,55.0,52.0
2023,8,regular,,401540062,6.267750805904308,4.0,-10.0,0.6878109452736318,53.11788269752115,44.0,46.0
2023,8,regular,,401532425,-4.070375621178535,-5.0,7.0,0.35945273631840796,47.935766539263,42.0,41.0
2023,8,regular,,401532430,-7.059690850846792,-6.5,-18.0,0.27238805970149255,55.215974105117,44.0,30.0
2023,8,regular,,401520336,-7.872397061815768,-3.0,-4.0,0.2512437810945274,41.56525748845149,41.0,46.0
2023,8,regular,,401520341,8.226547175530209,7.5,22.0,0.7425373134328358,58.37621090585695,57.5,46.0
2023,8,regular,,401525532,2.1193482781167945,-3.0,4.0,0.5621890547263682,51.54920691924852,45.0,38.0
2023,8,regular,,401520342,7.980989088450967,10.5,8.0,0.7388059701492538,41.361804320611526,40.0,26.0
2023,8,regular,,401532426,7.2793219036072205,12.0,7.0,0.7164179104477612,45.84863005345178,43.5,33.0
2023,8,regular,,401520333,5.350160478202897,8.5,14.0,0.6604477611940298,49.4334763655139,47.5,54.0
2023,8,regular,,401524035,17.973661250150403,19.5,14.0,0.9365671641791045,63.463150895629965,60.5,62.0
2023,8,regular,,401540571,4.036610254920768,3.5,25.0,0.6156716417910447,53.11603435669666,52.0,45.0
2023,8,regular,,401525872,5.389333267306116,3.0,-14.0,0.6604477611940298,49.67265688597563,48.5,82.0
2023,8,regular,,401520344,0.16386443050993996,1.0,-3.0,0.49502487562189057,61.92210540668517,57.0,45.0
2023,8,regular,,401540385,37.45317120789414,36.5,45.0,0.9975124378109452,61.299564866923006,60.5,59.0
2023,8,regular,,401531372,19.143566571499736,20.0,7.0,0.9490049751243781,62.66879702023231,63.5,63.0
2023,8,regular,,401540579,13.509646325971335,12.5,-10.0,0.8656716417910447,44.17489098186422,41.0,58.0
2023,8,regular,,401540531,-20.59997327762588,-17.5,-31.0,0.05721393034825871,61.62834980769064,52.0,59.0
2023,8,regular,,401520338,7.141785880253744,3.5,-2.0,0.7151741293532339,35.93040142868299,30.5,22.0
2023,8,regular,,401540612,25.39063853946407,18.5,14.0,0.9888059701492538,44.919484298912366,42.5,48.0
2023,8,regular,,401525869,-20.5767887238301,-23.5,-7.0,0.05845771144278607,58.18152183785267,60.5,55.0
2023,8,regular,,401540144,-10.835375237719756,-7.5,-10.0,0.1865671641791045,44.624520104066086,42.5,46.0
2023,8,regular,,401540316,12.953714685852013,13.0,6.0,0.8507462686567164,63.777863887626594,61.0,62.0
2023,8,regular,,401540254,15.070393112996435,12.0,-14.0,0.8980099502487562,69.27340441856622,68.5,62.0
2023,8,regular,,401532427,0.5139561783143376,-2.0,-4.0,0.5099502487562189,50.28988525926411,46.5,38.0
2023,8,regular,,401540516,-4.218823521539833,-4.0,-5.0,0.35323383084577115,56.607458551861285,50.0,45.0
2023,8,regular,,401540373,-5.782481564096404,-4.5,27.0,0.2960199004975124,60.02819277261347,59.0,27.0
2023,8,regular,,401541631,5.426438610325261,7.5,-7.0,0.6629353233830846,59.720638297951524,58.0,61.0
2023,8,regular,,401540196,-0.6203391299025464,-4.0,3.0,0.4651741293532338,60.78379269694812,61.5,67.0
2023,8,regular,,401532600,0.7923770927869367,-1.5,21.0,0.5248756218905473,59.477128878067184,60.0,63.0
2023,8,regular,,401531397,-1.8592448900372833,-2.5,-26.0,0.4191542288557214,51.03955113038603,58.5,46.0
2023,8,regular,,401525531,24.61840956900914,24.0,-4.0,0.986318407960199,59.480319749997335,58.0,58.0
2023,8,regular,,401525870,6.659214059553916,5.5,38.0,0.7027363184079602,55.202113383864585,60.0,44.0
2023,8,regular,,401532602,3.935466435135474,4.0,21.0,0.6131840796019901,66.86794916291404,65.0,63.0
2023,8,regular,,401540240,2.1907378266009703,5.0,8.0,0.5621890547263682,55.24474464706693,57.0,54.0
2023,8,regular,,401540216,15.748254895083669,22.0,42.0,0.9029850746268657,57.65975531181961,60.5,42.0
2023,8,regular,,401520335,-8.427241263824806,-6.5,-7.0,0.23756218905472637,62.20409443162694,55.5,49.0
2023,8,regular,,401525867,-3.771425386717052,-3.0,13.0,0.3718905472636816,58.568731964313784,50.0,41.0
2023,8,regular,,401531895,-8.595869381163208,-6.0,7.0,0.236318407960199,57.02569590332877,56.0,49.0
2023,8,regular,,401532599,10.063635900611146,6.5,2.0,0.7848258706467661,61.9636084361741,60.0,48.0
2023,8,regular,,401531896,-11.153728834388918,-8.5,-10.0,0.18407960199004975,57.237418476213236,59.5,44.0
2023,8,regular,,401520339,23.479622775053485,33.0,62.0,0.9788557213930348,59.39968385468069,60.0,62.0
2023,8,regular,,401520340,-28.286311069068475,-25.5,-49.0,0.012437810945273632,48.83582376669092,46.5,49.0
2023,8,regular,,401525530,5.908262372613926,14.0,18.0,0.6753731343283582,53.819611350049804,49.0,58.0
2023,8,regular,,401524037,5.063587741275226,7.0,-2.0,0.6529850746268657,61.40832756497696,52.0,66.0
2023,8,regular,,401540178,-8.435624915971603,-8.0,-3.0,0.23756218905472637,54.934468610152805,51.5,93.0
2023,8,regular,,401531897,-1.0614655789288554,3.0,-3.0,0.45149253731343286,61.26321113335205,62.0,37.0
2023,8,regular,,401540393,-24.017279330829144,-22.0,-11.0,0.03233830845771144,53.88389546320874,56.5,59.0
2023,8,regular,,401525529,-0.1468414563654422,-6.0,8.0,0.47512437810945274,52.755565539379646,45.0,48.0
2023,8,regular,,401540231,3.4650723954592415,-2.5,7.0,0.6032338308457711,56.252842475985496,55.0,41.0
2023,8,regular,,401540152,-19.453462803499274,-17.5,-10.0,0.06840796019900497,56.45390415862576,55.5,52.0
2023,8,regular,,401532601,10.24364211536621,11.0,-6.0,0.7910447761194029,48.17713767714855,48.5,6.0
2023,8,regular,,401524036,-18.050946523353634,-17.0,-35.0,0.0845771144278607,52.924951439045344,52.0,49.0
2023,8,regular,,401540270,-4.715833066909811,-10.0,-12.0,0.3333333333333333,58.71338139180315,59.0,72.0
2023,8,regular,,401524038,37.039333594741905,28.0,8.0,0.9975124378109452,57.60411373685443,60.0,22.0
2023,9,regular,,401520345,-2.881770913127556,3.0,-3.0,0.40306681270536693,54.28859359952638,55.0,51.0
2023,9,regular,,401520346,-2.647112455979317,-4.0,-13.0,0.40963855421686746,60.08424981209832,61.5,71.0
2023,9,regular,,401520347,-8.629449180802,-9.0,-25.0,0.23986856516976998,47.00889936222688,48.0,57.0
2023,9,regular,,401520348,-2.742810105035046,4.0,-3.0,0.4085432639649507,37.335123438604334,38.0,71.0
2023,9,regular,,401540008,-4.08162814267204,-2.5,-1.0,0.3603504928806134,49.241652300793945,45.5,47.0
2023,9,regular,,401525533,-0.632154634553342,2.5,28.0,0.47535596933187296,47.543444064016526,47.0,48.0
2023,9,regular,,401539998,18.123281429597803,14.5,34.0,0.9386637458926615,52.366982394673826,51.5,90.0
2023,9,regular,,401531929,-1.858982861614503,-0.0,17.0,0.43263964950711936,60.12626655839442,63.0,71.0
2023,9,regular,,401540295,9.69809203040352,10.0,-4.0,0.7634173055859803,56.926281799175726,57.0,56.0
2023,9,regular,,401531407,-4.836241716364715,-3.5,-22.0,0.32858707557502737,44.005159216582896,45.0,54.0
2023,9,regular,,401520359,12.166085240996821,17.0,13.0,0.8269441401971522,53.3485554829074,51.5,47.0
2023,9,regular,,401540016,-6.671492549481393,-5.5,-27.0,0.2782037239868565,54.93958138571622,49.0,27.0
2023,9,regular,,401531342,19.278910486731636,20.5,59.0,0.9474260679079957,55.438229674905294,55.0,79.0
2023,9,regular,,401520349,11.563072145968707,10.0,-7.0,0.8116100766703176,54.11395302628112,49.0,35.0
2023,9,regular,,401520356,-13.666720880337405,-14.0,6.0,0.14348302300109528,49.7929355758708,48.5,60.0
2023,9,regular,,401525874,-12.31334077477141,-7.0,5.0,0.16976998904709747,67.25616982717577,66.5,71.0
2023,9,regular,,401534855,-16.20402834693998,-19.0,-7.0,0.09857612267250822,62.38038749403812,53.5,27.0
2023,9,regular,,401540497,-4.48499847647261,-0.0,-25.0,0.34501642935377874,46.851637861367685,42.5,51.0
2023,9,regular,,401525875,18.94428497199189,17.5,41.0,0.9452354874041621,58.892171309970635,60.5,41.0
2023,9,regular,,401520351,9.095028034016988,14.5,7.0,0.755750273822563,52.340114583961565,49.0,35.0
2023,9,regular,,401525878,3.9771024867374836,6.5,-13.0,0.6166484118291348,59.374680752558376,59.0,69.0
2023,9,regular,,401525536,-19.27717209245351,-21.0,-25.0,0.0700985761226725,56.479714858494035,53.0,57.0
2023,9,regular,,401541634,3.1982532478662584,7.5,28.0,0.592552026286966,41.29888407005514,40.5,42.0
2023,9,regular,,401520358,35.05604532174627,31.0,9.0,0.9967141292442497,50.50698203086597,45.0,57.0
2023,9,regular,,401540063,-10.988049990452144,-9.5,-10.0,0.2004381161007667,50.41637850665712,45.0,60.0
2023,9,regular,,401540517,12.323057758752151,14.0,26.0,0.8335158817086528,56.33847203862973,51.0,40.0
2023,9,regular,,401540330,-8.828609593916186,-5.5,-11.0,0.23658269441401972,41.31942987226596,41.0,17.0
2023,9,regular,,401532431,2.2481134849725484,-3.0,-24.0,0.5618838992332968,50.32925297617224,49.5,66.0
2023,9,regular,,401540070,-7.8884354980819325,-10.0,-2.0,0.2508214676889376,65.37702852340496,71.0,96.0
2023,9,regular,,401540106,-0.8122359229977012,-1.5,-3.0,0.46768893756845564,53.472552730902095,54.5,45.0
2023,9,regular,,401540459,12.448256217565474,13.0,10.0,0.8346111719605696,51.801075045994054,47.5,24.0
2023,9,regular,,401540504,0.7692420808477225,2.5,3.0,0.5147864184008762,50.640970945237285,52.5,59.0
2023,9,regular,,401540492,-12.663151763683562,-11.0,-16.0,0.15991237677984665,50.16987801893261,48.5,58.0
2023,9,regular,,401540532,-3.041088878284123,-4.5,6.0,0.39868565169769987,66.30836491273608,64.0,62.0
2023,9,regular,,401540053,5.862623146528832,7.5,-15.0,0.6736035049288062,55.54442310599187,50.5,83.0
2023,9,regular,,401540327,-12.61204659728116,-9.5,-38.0,0.15991237677984665,54.55533321400891,52.5,64.0
2023,9,regular,,401540037,1.455424734480834,1.5,7.0,0.5334063526834611,52.975554615096165,48.5,49.0
2023,9,regular,,401540588,-19.3715288798498,-18.5,-1.0,0.06790799561883899,47.43492464376696,45.5,47.0
2023,9,regular,,401540486,-7.378757961515656,-6.0,4.0,0.2617743702081051,55.7466693230259,51.5,72.0
2023,9,regular,,401540576,30.10064352838795,27.5,35.0,0.9934282584884995,49.18670368713535,46.5,61.0
2023,9,regular,,401539984,-0.40453355073366976,-0.0,-4.0,0.48521358159912376,43.05874807515143,38.0,60.0
2023,9,regular,,401540443,-11.94422872499884,-14.5,-34.0,0.17524644030668127,46.74425643939156,47.0,40.0
2023,9,regular,,401525534,-8.36647853387634,-10.0,7.0,0.244249726177437,48.60294365531107,44.5,41.0
2023,9,regular,,401540419,7.628053482226353,4.0,2.0,0.71960569550931,50.901559821462655,44.0,50.0
2023,9,regular,,401540303,25.638002754839242,26.0,3.0,0.9835706462212487,52.457225750826424,52.5,69.0
2023,9,regular,,401540351,10.955835923325038,10.0,16.0,0.7962760131434831,64.2286190184721,64.5,72.0
2023,9,regular,,401540526,10.687912120167779,10.5,35.0,0.7831325301204819,49.93580622277848,46.5,63.0
2023,9,regular,,401540594,24.611243014199378,24.0,8.0,0.9780941949616648,54.41245506784168,51.5,24.0
2023,9,regular,,401540613,3.917484937107089,8.0,-7.0,0.615553121577218,59.28786920466182,56.0,83.0
2023,9,regular,,401540137,-24.266506721776533,-21.0,-26.0,0.033953997809419496,52.6393585494266,50.0,54.0
2023,9,regular,,401540501,-5.856945336578498,-3.5,-4.0,0.2968236582694414,49.69060420201667,49.0,66.0
2023,9,regular,,401540145,4.351149480042525,7.0,14.0,0.6297918948521358,57.57205968025639,54.5,42.0
2023,9,regular,,401540620,20.47157126518347,24.0,30.0,0.9529025191675794,49.91329073317158,51.5,44.0
2023,9,regular,,401540496,11.148853693324043,11.5,23.0,0.8039430449069004,50.64461605191807,54.0,63.0
2023,9,regular,,401540262,25.41547812222528,23.5,40.0,0.9824753559693319,49.27708434073867,46.5,40.0
2023,9,regular,,401540209,-1.1222580378364508,3.5,38.0,0.4556407447973713,57.57729254745905,56.0,66.0
2023,9,regular,,401540129,14.036691978619505,19.5,21.0,0.8784227820372399,43.16855624572988,39.5,27.0
2023,9,regular,,401531430,-11.677125760763783,-6.5,-3.0,0.18181818181818182,70.60030366828326,69.5,87.0
2023,9,regular,,401520354,9.906123524745984,6.5,15.0,0.7656078860898138,47.0302819965365,41.0,39.0
2023,9,regular,,401525535,-4.545212138256163,5.0,23.0,0.3417305585980285,50.145312077493095,47.0,23.0
2023,9,regular,,401525873,-7.092414208562858,-3.0,-12.0,0.26506024096385544,46.615363704218495,47.0,48.0
2023,9,regular,,401531398,13.413009079462196,17.5,14.0,0.8630887185104053,46.66462556773035,48.0,68.0
2023,9,regular,,401520350,3.6687773894436684,6.5,14.0,0.6067907995618839,49.09153235520611,40.0,40.0
2023,9,regular,,401525877,21.174455533773322,20.5,29.0,0.9616648411829135,50.926543822967986,49.5,41.0
2023,9,regular,,401531898,12.293617454553498,16.0,10.0,0.8335158817086528,62.45414856871069,55.5,86.0
2023,9,regular,,401540111,3.032922723749564,2.5,15.0,0.5859802847754655,49.80689480479582,47.5,47.0
2023,9,regular,,401520352,-15.172212742507904,-14.0,-23.0,0.11500547645125958,51.502630492387745,50.0,63.0
2023,9,regular,,401540366,28.004088493625154,32.5,32.0,0.9890470974808324,55.002516305715645,54.5,44.0
2023,9,regular,,401520355,3.053662486439161,-1.0,17.0,0.5859802847754655,46.17603116990085,39.5,45.0
2023,9,regular,,401525440,19.484957250390828,21.0,51.0,0.9507119386637459,49.36594948423014,45.5,65.0
2023,9,regular,,401532432,3.6276196813716024,7.5,-14.0,0.6056955093099672,40.127119337247706,39.0,46.0
2023,9,regular,,401524044,-4.20373347580416,-6.5,-29.0,0.3548740416210296,49.800434402270234,47.5,41.0
2023,9,regular,,401540317,-2.381108927711316,2.0,31.0,0.4173055859802848,59.4971418230363,58.5,57.0
2023,9,regular,,401525538,16.493372725715894,18.5,3.0,0.9112814895947426,53.501035270489695,48.0,55.0
2023,9,regular,,401540339,15.058852290452894,8.5,8.0,0.8948521358159912,52.55329908983727,45.5,26.0
2023,9,regular,,401540153,20.698556697017192,20.0,38.0,0.9572836801752465,50.172230621969874,51.0,52.0
2023,9,regular,,401531373,-9.765224343789344,-10.0,-2.0,0.22343921139101863,53.33647912632928,55.0,58.0
2023,9,regular,,401540379,-14.890399237355078,-15.0,-10.0,0.11938663745892661,49.986177221505706,51.0,24.0
2023,9,regular,,401540426,-6.961870779761941,-1.5,-23.0,0.2683461117196057,51.5279960964968,46.5,71.0
2023,9,regular,,401540449,-29.151523622889055,-28.0,-63.0,0.01642935377875137,52.099124882235316,51.5,63.0
2023,9,regular,,401524041,-12.975953728941525,-10.5,-1.0,0.15553121577217963,74.32348969790672,67.5,99.0
2023,9,regular,,401540179,20.01137934213332,21.0,10.0,0.9518072289156626,58.45149483781125,60.5,88.0
2023,9,regular,,401540241,0.738101830924231,-2.5,12.0,0.5147864184008762,66.59679450709748,68.5,82.0
2023,9,regular,,401540247,-3.6025834215821644,-6.0,3.0,0.37677984665936476,61.033656452590705,60.0,45.0
2023,9,regular,,401540276,-7.653548459326737,-3.0,17.0,0.25629791894852133,53.18896886607573,54.0,59.0
2023,9,regular,,401540189,4.532505942585641,11.0,-2.0,0.6341730558598029,59.744297746637,61.0,48.0
2023,9,regular,,401540171,11.60631098891163,11.0,6.0,0.8127053669222344,51.72348485819873,50.0,40.0
2023,9,regular,,401540550,4.201650737744442,4.5,6.0,0.624315443592552,52.61662628183146,48.0,28.0
2023,9,regular,,401531902,8.595408889017664,11.5,-13.0,0.7415115005476451,55.804394214033465,55.0,53.0
2023,9,regular,,401531901,0.7902378198107027,1.0,-10.0,0.5147864184008762,55.67225374108891,55.5,58.0
2023,9,regular,,401532607,4.914705632831563,4.5,25.0,0.6473165388828039,52.07835985585935,48.5,39.0
2023,9,regular,,401531899,1.4613636575428688,-3.5,28.0,0.5334063526834611,51.524346881900314,47.0,40.0
2023,9,regular,,401524042,-30.362820600436795,-27.5,-9.0,0.01095290251916758,57.52364677391826,62.0,75.0
2023,9,regular,,401540403,26.800697641211485,20.5,17.0,0.9857612267250822,55.39207761805807,60.5,73.0
2023,9,regular,,401532603,-15.28444621547023,-14.5,-17.0,0.11171960569550932,47.725089977090576,47.5,43.0
2023,9,regular,,401520353,-9.46102127909808,-3.5,-6.0,0.22453450164293537,52.76021192738831,50.5,60.0
2023,9,regular,,401531903,-4.575540050758613,-6.5,-18.0,0.34063526834611174,53.04474691337132,53.5,44.0
2023,9,regular,,401520360,-14.58737614734246,-14.5,-14.0,0.12376779846659365,45.299092233837726,48.0,34.0
2023,9,regular,,401520357,24.663766133673892,24.0,26.0,0.9791894852135816,67.7293506833282,63.0,40.0
2023,9,regular,,401524043,18.626468459272928,14.0,12.0,0.9441401971522454,65.06711486984267,60.5,44.0
2023,9,regular,,401531900,19.078393433053147,19.5,3.0,0.9474260679079957,46.779039462860226,48.0,57.0
2023,9,regular,,401524040,-11.134262411658082,-4.5,11.0,0.19605695509309967,49.53269942220033,49.0,65.0
2023,9,regular,,401525876,6.9866998798512245,7.5,32.0,0.7053669222343921,53.83873442078239,53.0,58.0
2023,9,regular,,401525537,-15.407356639695529,-12.0,4.0,0.11062431544359255,62.07017287987533,65.0,88.0
2023,9,regular,,401540255,17.24733918947272,16.5,35.0,0.9266155531215772,64.10777670837282,63.5,67.0
2023,9,regular,,401532604,0.3651603448520087,-0.0,10.0,0.5016429353778752,51.43829933908286,49.5,58.0
2023,9,regular,,401532606,7.510413712142703,10.5,7.0,0.7174151150054765,59.35758051797468,56.0,55.0
2023,9,regular,,401524039,-5.665189950604995,-3.0,3.0,0.3044906900328587,56.26845103456944,57.5,51.0
2023,9,regular,,401532605,-12.3545389875488,-10.0,-35.0,0.16976998904709747,59.321626192603475,57.0,35.0
2023,10,regular,,401532433,-4.0464614312830625,-4.75,6.0,0.36744639376218324,51.31057658389003,48.0,68.0
2023,10,regular,,401532434,13.592825159130962,14.5,18.0,0.8586744639376218,55.61669120604326,47.25,44.0
2023,10,regular,,401532435,8.565384594297914,4.5,3.0,0.7407407407407407,44.24734051234016,39.5,45.0
2023,10,regular,,401532436,1.7560958943438851,3.5,4.0,0.5467836257309941,45.62023793191584,39.75,58.0
2023,10,regular,,401525879,-0.33516474625009823,2.5,7.0,0.48635477582846004,56.743266947239725,59.5,63.0
2023,10,regular,,401531904,6.1405440212971145,6.5,18.0,0.6793372319688109,44.513519962656716,43.5,38.0
2023,10,regular,,401525539,13.762940010645064,6.5,3.0,0.8635477582846004,45.43272860621194,41.0,45.0
2023,10,regular,,401540146,9.53878956363377,10.5,13.0,0.7612085769980507,46.253448516360535,40.5,27.0
2023,10,regular,,401540340,-4.88024770589942,-2.5,2.0,0.34502923976608185,35.49035208142983,33.5,44.0
2023,10,regular,,401525540,5.826206349519235,0.5,-7.0,0.6686159844054581,50.37013012011704,47.5,27.0
2023,10,regular,,401532609,9.124963476392235,6.0,9.0,0.7553606237816765,48.68175821971914,43.5,39.0
2023,10,regular,,401525545,34.33174939610354,45.5,52.0,0.9970760233918129,70.2112377811863,68.5,66.0
2023,10,regular,,401520376,5.673927502529837,15.5,10.0,0.6647173489278753,53.14699000180991,55.0,66.0
2023,10,regular,,401520363,1.3169658525460175,3.5,-3.0,0.5350877192982456,50.91432879786353,49.5,75.0
2023,10,regular,,401525884,4.799071175391751,3.75,3.0,0.6354775828460039,48.24458863934649,49.25,63.0
2023,10,regular,,401540009,1.3976035287678055,3.0,7.0,0.5380116959064327,47.60374788177835,41.5,55.0
2023,10,regular,,401540071,-23.80584094751672,-22.0,-4.0,0.03508771929824561,60.35750424755787,58.5,52.0
2023,10,regular,,401520377,29.15353585626599,35.5,56.0,0.9902534113060428,50.61200678478045,55.5,62.0
2023,10,regular,,401520369,-5.2991883893190606,-3.0,3.0,0.3313840155945419,39.84924504823634,34.5,37.0
2023,10,regular,,401520375,-21.11919354497389,-19.0,-19.0,0.056530214424951264,44.00107830646515,42.5,51.0
2023,10,regular,,401540557,-7.5597902565141535,-5.0,-10.0,0.2553606237816764,50.48906382978096,46.5,36.0
2023,10,regular,,401525441,-6.729621440333359,-3.0,8.0,0.2807017543859649,51.144919616535084,44.5,54.0
2023,10,regular,,401540518,-10.607906259246299,-8.0,-7.0,0.20272904483430798,53.479630370520624,46.5,13.0
2023,10,regular,,401540296,-3.3364078363736454,-5.5,-19.0,0.3898635477582846,58.487749720687646,61.5,53.0
2023,10,regular,,401540017,-11.774686170964513,-13.5,-8.0,0.1783625730994152,54.85484078136689,49.5,60.0
2023,10,regular,,401520374,3.8834368133432755,3.0,3.0,0.6111111111111112,56.446909297108576,52.5,73.0
2023,10,regular,,401520365,-13.013632856627055,-9.5,6.0,0.16569200779727095,45.70361876690342,45.0,34.0
2023,10,regular,,401540343,-11.232193010017037,-13.5,-14.0,0.18908382066276802,43.02114128603442,40.5,62.0
2023,10,regular,,401540075,17.033830769265517,15.5,-3.0,0.9181286549707602,55.845022367838666,49.5,71.0
2023,10,regular,,401539975,15.011210376460525,17.5,7.0,0.8908382066276803,51.15025782226047,41.5,41.0
2023,10,regular,,401540595,2.5593089038521515,3.5,-7.0,0.5701754385964912,41.37517059356398,37.5,55.0
2023,10,regular,,401540533,-1.9828997410472082,-1.5,-12.0,0.42592592592592593,62.32045938423407,58.5,78.0
2023,10,regular,,401540505,24.956242715767527,24.5,39.0,0.9785575048732943,58.542078706067,56.5,73.0
2023,10,regular,,401540427,1.5274404230381498,-2.0,-1.0,0.5409356725146199,58.936186860293034,56.5,89.0
2023,10,regular,,401540404,-19.58572848183237,-16.5,-20.0,0.07017543859649122,62.63588998347999,64.5,102.0
2023,10,regular,,401540328,13.849062029231215,14.5,-6.0,0.8664717348927875,48.127019665861496,47.5,60.0
2023,10,regular,,401540304,-22.78045581300866,-19.5,-12.0,0.043859649122807015,60.59523062234084,59.5,26.0
2023,10,regular,,401540054,16.3730612985647,18.5,6.0,0.9083820662768031,62.89603141297562,67.5,48.0
2023,10,regular,,401525451,15.695167934642868,16.5,3.0,0.8996101364522417,43.002340914925824,41.5,45.0
2023,10,regular,,401540546,-6.455491257155927,-6.0,-10.0,0.2933723196881092,49.83324122508576,45.5,74.0
2023,10,regular,,401540331,11.464123144652515,10.5,15.0,0.8031189083820662,49.030889695771876,44.5,31.0
2023,10,regular,,401540617,6.898433800014043,5.0,16.0,0.7046783625730995,42.038692440535236,41.5,32.0
2023,10,regular,,401540589,-0.4257461859250495,-1.5,-3.0,0.48148148148148145,55.508315754541115,52.5,31.0
2023,10,regular,,401540444,6.029827509412173,8.0,-7.0,0.6744639376218323,39.919635542760496,41.5,21.0
2023,10,regular,,401525542,1.8133263473277468,1.5,-28.0,0.5497076023391813,57.3735889520314,56.0,62.0
2023,10,regular,,401540112,-17.003888324969797,-13.5,-14.0,0.09064327485380116,53.52604380941639,50.5,70.0
2023,10,regular,,401540614,-23.76885939459103,-20.0,-22.0,0.036062378167641324,48.43666070679446,45.5,54.0
2023,10,regular,,401531392,-6.445364869266301,-7.0,14.0,0.2953216374269006,43.006955454367,46.0,50.0
2023,10,regular,,401540460,7.4595342768608095,3.0,14.0,0.7144249512670565,47.991641450583586,45.5,28.0
2023,10,regular,,401540551,-10.454864956328823,-7.5,-42.0,0.2037037037037037,45.82678741782728,46.5,56.0
2023,10,regular,,401540367,-16.677715917849227,-19.5,-14.0,0.09844054580896686,56.47633218522991,56.5,76.0
2023,10,regular,,401524049,17.75379814257207,10.5,52.0,0.928849902534113,35.86505000876996,39.0,58.0
2023,10,regular,,401520361,17.22843185285476,18.0,-20.0,0.9220272904483431,39.9761267194376,32.0,26.0
2023,10,regular,,401540536,-15.908573630934974,-16.5,-3.0,0.10916179337231968,46.37098336441285,45.5,85.0
2023,10,regular,,401540138,13.73965166075349,12.0,24.0,0.8606237816764133,52.45887826699871,49.5,52.0
2023,10,regular,,401540162,16.048537654917876,15.5,2.0,0.9035087719298246,60.97513037749672,57.5,40.0
2023,10,regular,,401540386,11.178452113189014,14.0,17.0,0.8011695906432749,54.24537401943756,51.5,49.0
2023,10,regular,,401531383,-2.626999801990141,-1.0,3.0,0.4074074074074074,55.683585400491815,59.5,87.0
2023,10,regular,,401553854,21.792074115164155,23.5,24.0,0.9649122807017544,59.96077130582336,63.5,66.0
2023,10,regular,,401540224,9.928721433208748,9.0,17.0,0.7729044834307992,65.05019911854616,64.5,31.0
2023,10,regular,,401540626,-20.657501652542013,-20.5,-3.0,0.06335282651072124,59.22731472351292,56.5,53.0
2023,10,regular,,401531425,15.444132920678946,13.5,9.0,0.8937621832358674,68.22498266040444,68.5,109.0
2023,10,regular,,401540248,-29.594970249379756,-27.5,-14.0,0.016569200779727095,52.11808480658782,52.5,40.0
2023,10,regular,,401540107,-1.1723610545090735,-1.5,-1.0,0.449317738791423,57.12337583194128,57.5,71.0
2023,10,regular,,401540481,-9.295786132822315,-10.0,-6.0,0.22612085769980506,51.20786884006902,52.5,26.0
2023,10,regular,,401531908,-10.61199919464574,-7.0,20.0,0.20272904483430798,58.7524294073024,59.5,54.0
2023,10,regular,,401540130,-1.6596339986892557,3.0,23.0,0.43664717348927873,37.89677257121076,37.5,65.0
2023,10,regular,,401531399,-10.463794064646082,-7.5,-8.0,0.2037037037037037,69.32344121159528,71.0,66.0
2023,10,regular,,401520364,12.947211814327531,14.5,9.0,0.8382066276803118,54.241786299035155,55.5,51.0
2023,10,regular,,401531906,-3.2606862631290623,-6.0,-28.0,0.3908382066276803,55.82092920590579,53.0,56.0
2023,10,regular,,401531374,-12.164771149022176,-17.0,-3.0,0.17348927875243664,44.10903920810774,44.5,23.0
2023,10,regular,,401531907,-7.89728274816488,0.5,-4.0,0.25048732943469787,46.968736863697444,51.5,52.0
2023,10,regular,,401520367,-13.65784341435447,-8.5,-36.0,0.15009746588693956,54.77157280506173,50.5,66.0
2023,10,regular,,401525883,-10.630053976994766,-6.0,3.0,0.20272904483430798,59.47871852190866,62.5,51.0
2023,10,regular,,401525541,-21.493231432414646,-21.5,-17.0,0.05360623781676413,56.78114963199721,50.0,31.0
2023,10,regular,,401525880,-1.217479150439475,2.5,-1.0,0.4473684210526316,59.02463062889658,58.5,49.0
2023,10,regular,,401520370,6.789024684622043,2.0,-1.0,0.6998050682261209,43.04094055459902,44.0,53.0
2023,10,regular,,401534856,-5.727283399772974,-6.5,3.0,0.31189083820662766,50.11063441261875,47.5,51.0
2023,10,regular,,401520373,-12.113209412842242,-5.0,-3.0,0.17348927875243664,34.23691088447963,31.0,17.0
2023,10,regular,,401525543,9.42600945748214,9.75,31.0,0.7592592592592593,49.77164338351348,48.5,37.0
2023,10,regular,,401520400,14.507271128475715,16.5,10.0,0.8840155945419104,58.18389612900056,57.5,52.0
2023,10,regular,,401539991,20.638166245537604,18.0,14.0,0.956140350877193,60.22635484817715,60.5,62.0
2023,10,regular,,401525881,-3.9993413166548795,-3.5,-2.0,0.36939571150097467,59.17503160442997,60.0,54.0
2023,10,regular,,401520379,-11.928160643087242,-12.5,-16.0,0.17543859649122806,52.83016305816179,49.5,46.0
2023,10,regular,,401540232,14.649533998342928,21.5,35.0,0.884990253411306,63.53211872994474,62.5,61.0
2023,10,regular,,401531343,4.928476301918616,4.5,-7.0,0.6384015594541911,49.38101060151456,47.5,59.0
2023,10,regular,,401532610,4.918515479014492,3.5,-13.0,0.6374269005847953,49.93399577541442,50.0,41.0
2023,10,regular,,401540380,4.536734791646367,3.5,20.0,0.6335282651072125,45.45714101115932,38.5,62.0
2023,10,regular,,401540476,-8.472175582550603,-8.0,14.0,0.24269005847953215,49.878693306703155,42.5,56.0
2023,10,regular,,401544202,10.877625494411545,7.5,-13.0,0.7933723196881092,45.98424437445183,50.5,77.0
2023,10,regular,,401540395,14.469565334352001,15.0,14.0,0.8830409356725146,54.10510087493553,57.5,62.0
2023,10,regular,,401531909,5.534871319573228,3.0,17.0,0.6588693957115009,56.35943035256648,56.5,31.0
2023,10,regular,,401540190,-11.198486448648923,-13.5,-13.0,0.19103313840155944,57.11218401673038,59.5,41.0
2023,10,regular,,401540121,4.376072325701291,1.5,11.0,0.6267056530214425,50.43407064190485,46.5,23.0
2023,10,regular,,401531910,0.29910188213682465,0.25,21.0,0.5019493177387915,65.32011786525987,68.75,69.0
2023,10,regular,,401524047,23.46426480756465,25.5,44.0,0.9717348927875243,62.85145151468524,61.5,82.0
2023,10,regular,,401520372,6.4882005227876975,3.5,6.0,0.6900584795321637,53.50382030301398,55.5,20.0
2023,10,regular,,401532611,-8.906680327625722,-14.5,-42.0,0.23196881091617932,64.03970575692811,58.0,70.0
2023,10,regular,,401540256,-3.2216781016458587,-8.0,-12.0,0.391812865497076,57.29682880509223,56.5,54.0
2023,10,regular,,401531905,0.3262969898963952,3.0,22.0,0.5019493177387915,60.845926696786925,57.5,40.0
2023,10,regular,,401520366,18.15493449451316,14.5,26.0,0.9307992202729045,59.54038880655548,59.0,86.0
2023,10,regular,,401525882,0.3455424357965673,2.5,-7.0,0.5019493177387915,55.3807256364714,53.5,49.0
2023,10,regular,,401540284,4.3230555005092395,6.5,14.0,0.6257309941520468,60.534970203443365,60.5,60.0
2023,10,regular,,401540217,1.5661950742693969,1.0,42.0,0.5428849902534113,61.23230665638328,60.5,76.0
2023,10,regular,,401532612,-1.810879606786565,-2.25,-8.0,0.4317738791423002,58.467022581269404,56.5,56.0
2023,10,regular,,401525885,4.77353359674913,12.5,30.0,0.6354775828460039,53.683547637434685,48.5,44.0
2023,10,regular,,401520368,33.36268567369509,32.5,28.0,0.9970760233918129,55.12615871656823,54.0,54.0
2023,10,regular,,401524048,-3.4603510377628712,-3.0,-10.0,0.3840155945419103,80.30430415595741,76.0,94.0
2023,10,regular,,401531440,-11.385794108805028,-12.5,-5.0,0.18518518518518517,60.91399151813347,59.0,67.0
2023,10,regular,,401520371,-2.5638866129414812,-5.5,-21.0,0.4093567251461988,50.11837078121057,44.5,27.0
2023,10,regular,,401520362,5.8388349863973765,3.0,14.0,0.6686159844054581,62.96018700049081,60.5,70.0
2023,10,regular,,401525544,-4.029666310368938,-6.0,14.0,0.3684210526315789,50.7589808478106,44.0,26.0
2023,10,regular,,401540263,-0.39272960281525815,2.5,27.0,0.4834307992202729,53.18904416398959,53.5,41.0
2023,10,regular,,401524050,14.609006210756586,13.5,-3.0,0.8840155945419104,59.25987786649448,58.0,17.0
2023,10,regular,,401520378,-9.615404058898054,-9.5,-8.0,0.2222222222222222,52.561874440218205,54.0,34.0
2023,10,regular,,401532608,0.20440923666465471,2.5,7.0,0.49902534113060426,53.48147122500937,54.5,67.0
2023,10,regular,,401524046,-15.092476761446084,-13.5,-7.0,0.1189083820662768,65.83987189413678,60.5,45.0
2023,10,regular,,401524045,-2.0967115620959635,-2.5,17.0,0.4220272904483431,50.62192650461891,49.5,37.0
2023,11,regular,,401532437,9.723758744105094,9.5,-3.0,0.7730434782608696,48.01275018920392,43.0,37.0
2023,11,regular,,401532438,4.485896951653459,3.5,10.0,0.6365217391304347,59.974692236032,57.5,66.0
2023,11,regular,,401532439,-6.021622310715697,-9.5,-10.0,0.3026086956521739,45.929591302223656,45.0,30.0
2023,11,regular,,401532442,-9.8470560061948,-10.5,-30.0,0.21478260869565216,47.76651243743718,41.5,68.0
2023,11,regular,,401532441,22.06146358553086,17.0,19.0,0.9608695652173913,44.953913065758684,37.5,19.0
2023,11,regular,,401532440,19.22401592910687,19.5,26.0,0.9373913043478261,46.42589107161082,45.5,72.0
2023,11,regular,,401531911,10.47540502499234,8.5,-3.0,0.7878260869565218,57.09015687471184,52.5,65.0
2023,11,regular,,401525546,19.229198548505035,20.0,7.0,0.9373913043478261,51.62016818518688,49.5,55.0
2023,11,regular,,401540139,-14.960796257053603,-15.5,-29.0,0.12260869565217392,52.228066254678595,51.5,57.0
2023,11,regular,,401531437,19.536387423898226,20.5,24.0,0.9382608695652174,70.44488027623066,67.5,66.0
2023,11,regular,,401532618,3.870604867918457,2.5,20.0,0.6173913043478261,54.47727056193867,48.25,48.0
2023,11,regular,,401525548,13.617656526590789,15.5,21.0,0.8556521739130435,56.512206364646175,55.0,63.0
2023,11,regular,,401525547,-1.9098144800457821,-2.5,-26.0,0.4365217391304348,49.638645274954634,48.5,70.0
2023,11,regular,,401520396,13.474535297063207,13.5,41.0,0.8530434782608696,59.69669523690554,53.5,53.0
2023,11,regular,,401540506,3.7284245661738087,3.5,-7.0,0.6121739130434782,71.4134139710953,70.5,55.0
2023,11,regular,,401531344,20.339242127404525,24.5,2.0,0.9434782608695652,50.092944994902965,52.75,46.0
2023,11,regular,,401520392,-2.8232655965430564,-1.5,-3.0,0.40608695652173915,45.27364351576273,42.0,23.0
2023,11,regular,,401531393,8.613575947585021,7.5,4.0,0.7452173913043478,65.83671085570586,69.5,50.0
2023,11,regular,,401525888,3.430494107359352,3.5,-3.0,0.6,65.56767538047754,61.5,29.0
2023,11,regular,,401539985,-0.12494589593855099,2.0,-3.0,0.49391304347826087,43.550941959181856,39.5,37.0
2023,11,regular,,401540453,-12.342636894746844,-16.0,-34.0,0.17043478260869566,59.8536889592375,57.5,34.0
2023,11,regular,,401540108,17.220538701601065,16.5,37.0,0.9165217391304348,56.117074239380585,54.5,51.0
2023,11,regular,,401520383,6.569762315791537,4.5,3.0,0.6965217391304348,45.44379221193614,43.5,93.0
2023,11,regular,,401539976,-7.343751489876239,-7.0,-23.0,0.26260869565217393,56.55223388568968,51.5,65.0
2023,11,regular,,401544198,0.6340031477702941,-2.5,-8.0,0.5139130434782608,42.21350528714262,38.5,64.0
2023,11,regular,,401520394,-2.714144213537977,-4.5,-9.0,0.40695652173913044,52.89233357758669,44.5,39.0
2023,11,regular,,401540018,13.83569184420518,12.5,-5.0,0.8582608695652174,59.467337726821924,53.5,61.0
2023,11,regular,,401540477,-2.2924320682932553,-2.0,2.0,0.4260869565217391,52.97577398788444,44.5,26.0
2023,11,regular,,401520381,6.317373369211156,11.5,3.0,0.6921739130434783,55.506123489244615,55.5,31.0
2023,11,regular,,401520386,-13.247100430108176,-10.5,-28.0,0.15478260869565216,46.465352695365624,46.25,70.0
2023,11,regular,,401540076,2.2869661384999076,2.5,8.0,0.571304347826087,58.79204782329455,63.5,40.0
2023,11,regular,,401540297,3.144809360427427,2.0,-7.0,0.5947826086956521,46.95687811462829,46.5,35.0
2023,11,regular,,401540580,17.100823537630692,18.0,23.0,0.9156521739130434,57.10699028862747,58.5,43.0
2023,11,regular,,401540318,-9.472343128415018,-11.5,-38.0,0.22260869565217392,61.89349402865497,61.5,52.0
2023,11,regular,,401540113,-1.0013326278607635,-3.5,17.0,0.4652173913043478,55.96968873284527,54.5,45.0
2023,11,regular,,401540374,2.5935429214952626,2.0,4.0,0.58,50.86591164232167,50.5,24.0
2023,11,regular,,401520388,16.519511770953528,13.5,28.0,0.908695652173913,55.79948883531162,58.5,48.0
2023,11,regular,,401540344,9.87667217577474,7.0,2.0,0.7773913043478261,54.26279705077565,50.5,48.0
2023,11,regular,,401540055,1.3574720760084777,-2.0,-3.0,0.5365217391304348,54.854353555666236,51.5,97.0
2023,11,regular,,401540596,17.654285752150614,17.0,51.0,0.922608695652174,61.8686031338772,60.5,65.0
2023,11,regular,,401540577,-26.457179506328465,-23.5,-18.0,0.023478260869565216,48.62430742299691,50.5,58.0
2023,11,regular,,401540568,9.108673210856907,7.5,3.0,0.7565217391304347,54.429086835648945,53.5,43.0
2023,11,regular,,401540547,17.378132337041798,17.0,7.0,0.9217391304347826,50.4373200340231,51.5,55.0
2023,11,regular,,401540512,-0.2803824981246348,1.5,29.0,0.48782608695652174,45.60995386632763,45.5,41.0
2023,11,regular,,401540482,2.2705685734361927,4.0,13.0,0.571304347826087,46.13225426413763,45.5,47.0
2023,11,regular,,401540421,-7.577933044818378,-11.5,-21.0,0.2565217391304348,49.01342651159389,51.5,41.0
2023,11,regular,,401540405,-18.42105782307985,-14.0,30.0,0.07304347826086957,62.47023983248846,64.5,64.0
2023,11,regular,,401540084,4.184377746653318,3.5,16.0,0.628695652173913,53.253556363198484,51.5,58.0
2023,11,regular,,401540305,11.536792002227603,14.5,21.0,0.811304347826087,55.622862517564144,49.5,33.0
2023,11,regular,,401540332,7.057140498448378,7.5,16.0,0.7095652173913043,42.54057857238902,43.5,44.0
2023,11,regular,,401540603,20.451607940808277,21.5,34.0,0.9443478260869566,41.995697127525474,44.5,40.0
2023,11,regular,,401540428,-12.101835734942412,-10.0,-35.0,0.18,56.943211190224545,61.5,41.0
2023,11,regular,,401525551,-1.5837926860698543,-2.0,-20.0,0.4469565217391304,46.794259872338586,43.0,32.0
2023,11,regular,,401520385,24.218371464734826,25.0,38.0,0.9747826086956521,49.02588827546114,47.5,50.0
2023,11,regular,,401524052,-10.727196075195044,-8.0,-3.0,0.20173913043478262,59.90060060719724,55.5,65.0
2023,11,regular,,401540519,18.704666426187785,14.5,2.0,0.931304347826087,46.31625257009145,43.5,30.0
2023,11,regular,,401540621,-2.1460997328551796,-3.5,-8.0,0.4339130434782609,44.42988114466651,42.5,14.0
2023,11,regular,,401531408,-15.945645933599376,-10.0,-6.0,0.10956521739130434,57.03343846824848,51.5,82.0
2023,11,regular,,401531913,1.079031297187029,2.5,-28.0,0.528695652173913,64.68423792895608,62.5,56.0
2023,11,regular,,401531915,-23.657498978667206,-21.5,-31.0,0.034782608695652174,41.981808928926625,46.75,59.0
2023,11,regular,,401540415,1.4219372408173243,3.0,14.0,0.5373913043478261,45.31899487318347,45.5,62.0
2023,11,regular,,401540249,-11.280605448150204,-10.5,2.0,0.19391304347826088,48.04412029124033,50.5,60.0
2023,11,regular,,401540122,-15.06069939618827,-14.0,-17.0,0.11652173913043479,36.7715273767229,35.5,23.0
2023,11,regular,,401540169,8.221693459644007,9.5,-6.0,0.7382608695652174,48.359135629070494,49.5,48.0
2023,11,regular,,401532615,12.122364774965018,14.5,17.0,0.8208695652173913,58.14459567469372,54.25,65.0
2023,11,regular,,401525889,26.056289110195596,20.5,34.0,0.9826086956521739,52.593918024890264,55.5,84.0
2023,11,regular,,401520387,9.701574855172481,8.5,-15.0,0.7730434782608696,52.85985895275391,49.25,69.0
2023,11,regular,,401540502,3.679856241517583,3.0,27.0,0.6086956521739131,60.71540898205582,61.5,55.0
2023,11,regular,,401540218,-3.1327073933039435,-6.0,-1.0,0.4017391304347826,56.88148136280805,54.5,61.0
2023,11,regular,,401540352,-5.577484096389672,-6.5,19.0,0.31565217391304345,56.20291460049454,56.5,51.0
2023,11,regular,,401540242,19.341840566033916,19.5,43.0,0.9373913043478261,66.22798474999652,65.5,71.0
2023,11,regular,,401540615,5.720030037675923,2.5,7.0,0.6721739130434783,54.188428960947114,55.5,49.0
2023,11,regular,,401534857,-8.702886499781277,-7.5,30.0,0.23565217391304347,59.72519600480586,59.5,70.0
2023,11,regular,,401525892,-2.3391175714298935,-2.5,42.0,0.42434782608695654,60.150144690100326,64.0,48.0
2023,11,regular,,401525552,0.8409733355471236,-3.0,15.0,0.5182608695652174,44.77505385158122,37.75,41.0
2023,11,regular,,401520390,7.558496414506511,10.5,34.0,0.7252173913043478,50.29381254220267,51.0,46.0
2023,11,regular,,401520391,-2.518479103605603,-2.0,29.0,0.4156521739130435,55.378355412428775,58.75,43.0
2023,11,regular,,401524056,10.342336019507174,9.5,7.0,0.7860869565217391,51.98437460528813,49.0,63.0
2023,11,regular,,401520384,5.319291988837877,1.0,22.0,0.6573913043478261,31.912922742546733,27.5,22.0
2023,11,regular,,401540387,7.106379195878556,8.0,24.0,0.711304347826087,46.010600701260586,46.5,44.0
2023,11,regular,,401520399,7.123023238852521,5.0,-9.0,0.7130434782608696,51.975362109834805,54.5,67.0
2023,11,regular,,401520395,-3.331705750537636,-1.5,19.0,0.39043478260869563,53.018794877745954,48.5,79.0
2023,11,regular,,401525550,15.53692207115956,14.5,7.0,0.8965217391304348,55.683439744051036,50.5,47.0
2023,11,regular,,401520398,13.685227094370651,12.0,-14.0,0.8556521739130435,42.117754851712704,43.5,34.0
2023,11,regular,,401531384,-0.9826440262193719,-3.5,25.0,0.46869565217391307,49.6865736888564,52.0,37.0
2023,11,regular,,401531912,3.4983605147014805,-2.75,8.0,0.6026086956521739,59.050196958083795,55.5,54.0
2023,11,regular,,401531416,4.551050774603798,7.5,-15.0,0.6365217391304347,44.71520497462768,44.75,29.0
2023,11,regular,,401520380,2.382776643516761,2.5,-38.0,0.5739130434782609,48.70148350669584,47.0,58.0
2023,11,regular,,401524051,-0.28503476555682095,1.5,3.0,0.48782608695652174,61.7904872795242,59.0,81.0
2023,11,regular,,401540381,10.134088115607609,14.5,13.0,0.78,48.935787590255266,49.5,61.0
2023,11,regular,,401540436,-6.9879721772443935,-10.0,-38.0,0.27304347826086955,52.63335495590409,52.5,66.0
2023,11,regular,,401540191,5.719595860326052,9.5,3.0,0.6721739130434783,60.20119171569951,62.5,51.0
2023,11,regular,,401540211,0.22070686175756937,-2.0,-28.0,0.5026086956521739,63.22959760852644,60.5,62.0
2023,11,regular,,401531916,13.77629916616055,14.5,7.0,0.8565217391304348,55.84164354387018,55.0,35.0
2023,11,regular,,401524054,24.099738423943716,21.5,45.0,0.9747826086956521,52.23918150510897,52.5,79.0
2023,11,regular,,401540257,-11.18728145506225,-11.5,-7.0,0.1956521739130435,61.01967573791018,58.5,35.0
2023,11,regular,,401532617,3.329191825810553,3.5,3.0,0.6,47.4360840562578,46.5,41.0
2023,11,regular,,401531914,1.1414797610287153,-1.5,5.0,0.528695652173913,56.072684112796324,56.5,71.0
2023,11,regular,,401525890,13.58307618313606,13.0,39.0,0.8547826086956521,58.150126218122296,59.5,79.0
2023,11,regular,,401520382,9.501420287774852,11.0,35.0,0.7695652173913043,61.74591547833407,58.75,69.0
2023,11,regular,,401525887,2.503495477706732,3.0,-10.0,0.577391304347826,56.583213909327284,53.75,38.0
2023,11,regular,,401520389,13.63827793462212,16.0,17.0,0.8556521739130435,68.97643173540891,68.0,87.0
2023,11,regular,,401525891,-11.806616198840581,-12.5,-3.0,0.18521739130434783,52.84757726800737,56.25,55.0
2023,11,regular,,401520393,33.19817354342369,32.0,35.0,0.9956521739130435,45.86513883073769,48.25,41.0
2023,11,regular,,401520397,15.887668296914178,16.5,41.0,0.9026086956521739,46.78647312138056,40.5,61.0
2023,11,regular,,401531400,10.32964851471404,13.5,20.0,0.7852173913043479,59.67924120492201,54.25,48.0
2023,11,regular,,401525549,3.147809185056882,10.0,2.0,0.5956521739130435,55.590138309830905,53.0,92.0
2023,11,regular,,401540264,-8.734329142423334,-10.5,-24.0,0.23565217391304347,57.79495501222614,58.5,44.0
2023,11,regular,,401524055,20.519091048574357,14.0,-10.0,0.9452173913043478,45.75163934677691,45.5,24.0
2023,11,regular,,401532616,21.892813933570572,27.5,28.0,0.9591304347826087,59.91092643270005,59.0,56.0
2023,11,regular,,401525886,-3.9081264047761497,-7.5,-32.0,0.36782608695652175,43.587749876096815,41.5,58.0
2023,11,regular,,401524053,12.07654191853688,16.5,9.0,0.8208695652173913,81.14175717976906,78.0,63.0
2023,11,regular,,401532614,-1.6515827321732748,2.5,24.0,0.4443478260869565,54.5291968589281,51.5,60.0
2023,11,regular,,401532613,-18.374643946987725,-20.5,14.0,0.07304347826086957,48.02425586908416,47.5,40.0
2023,11,regular,,401540131,-3.7645808785531294,-5.5,34.0,0.3739130434782609,52.905807936442294,51.5,54.0
2023,12,regular,,401532445,7.128237378968077,3.5,3.0,0.7127158555729984,41.93883000623639,39.5,57.0
2023,12,regular,,401532443,-10.407127901847652,-10.0,-1.0,0.20565149136577707,53.73979165326281,49.5,63.0
2023,12,regular,,401532444,2.6111552624134204,4.0,24.0,0.5737833594976453,59.82868444153031,55.5,24.0
2023,12,regular,,401532447,11.344188832167251,7.5,13.0,0.8037676609105181,45.971105924282284,37.0,33.0
2023,12,regular,,401532446,14.722787974460338,10.5,14.0,0.8759811616954474,45.436562331886805,48.5,54.0
2023,12,regular,,401540114,11.603353899454365,14.0,9.0,0.8069073783359497,49.274008528171976,47.5,51.0
2023,12,regular,,401540437,-0.5583558401292695,2.5,-5.0,0.47566718995290425,56.08183814633337,58.5,37.0
2023,12,regular,,401525553,3.2882177894886873,1.75,8.0,0.5934065934065934,50.63013966598167,46.75,40.0
2023,12,regular,,401531401,16.351392013542718,14.5,28.0,0.8979591836734694,65.19915440547062,66.5,70.0
2023,12,regular,,401524057,6.036341103491013,4.5,42.0,0.6766091051805337,66.53853738832747,59.5,70.0
2023,12,regular,,401540077,-13.67279827440712,-10.5,-28.0,0.1546310832025118,48.86823767786591,44.5,70.0
2023,12,regular,,401520412,9.316007222280268,18.5,21.0,0.7574568288854003,52.69287795315479,47.5,61.0
2023,12,regular,,401520414,-0.8894265232155596,2.5,8.0,0.46467817896389324,53.068845442539036,47.5,38.0
2023,12,regular,,401520410,-21.640556130412882,-17.5,-7.0,0.058084772370486655,51.36316005108522,50.5,55.0
2023,12,regular,,401525893,-20.375519247662098,-24.5,-7.0,0.06593406593406594,58.211292234768294,58.5,55.0
2023,12,regular,,401525558,-1.4427182522946902,1.0,-7.0,0.4466248037676609,49.245961242880654,46.5,69.0
2023,12,regular,,401520403,-6.589496840859634,-1.5,7.0,0.29591836734693877,41.768401521784696,40.5,49.0
2023,12,regular,,401520401,39.91278633341201,44.5,56.0,0.9984301412872841,52.570833694851686,54.5,76.0
2023,12,regular,,401520405,2.828332827900018,3.5,-3.0,0.5824175824175825,50.3572576185482,47.0,45.0
2023,12,regular,,401540483,-9.291415070209826,-10.5,-14.0,0.21978021978021978,48.035592935211355,43.5,42.0
2023,12,regular,,401540624,-15.153903868736187,-16.5,3.0,0.12794348508634223,56.11552547609188,54.5,51.0
2023,12,regular,,401520421,25.134982587253823,25.5,28.0,0.9740973312401884,41.08552923563305,40.5,34.0
2023,12,regular,,401520420,36.487150275744746,40.5,28.0,0.9984301412872841,52.243435568747735,54.5,48.0
2023,12,regular,,401540345,-3.2389205936579017,3.0,5.0,0.3963893249607535,58.80169763679126,54.5,41.0
2023,12,regular,,401531375,-8.447681521638126,-9.0,-16.0,0.23390894819466249,45.412035728735674,47.0,32.0
2023,12,regular,,401540011,-9.612310054625599,-7.0,-35.0,0.2150706436420722,58.34869816426492,57.5,63.0
2023,12,regular,,401540520,9.205187956485105,5.5,-4.0,0.7543171114599686,46.60847337111309,42.5,22.0
2023,12,regular,,401540064,22.002525074220937,21.0,21.0,0.956828885400314,63.88299721243206,64.5,41.0
2023,12,regular,,401531431,-4.854773030053362,-9.5,-4.0,0.3453689167974882,67.65077983098566,64.5,72.0
2023,12,regular,,401531417,-2.736559694686126,2.5,10.0,0.41208791208791207,33.057795704464624,30.5,10.0
2023,12,regular,,401520417,24.671855382072298,19.5,21.0,0.9717425431711146,47.61384639076532,40.0,33.0
2023,12,regular,,401520416,31.281048337736493,36.0,32.0,0.9921507064364207,60.78980531440624,60.5,38.0
2023,12,regular,,401540604,-23.588969344826037,-20.0,6.0,0.041601255886970175,44.156554403326524,42.5,32.0
2023,12,regular,,401540561,-5.366121768627437,-6.0,-27.0,0.3304552590266876,54.96021215250987,50.5,67.0
2023,12,regular,,401540019,0.10530517700358466,2.5,-12.0,0.49843014128728413,59.37753316605004,55.5,40.0
2023,12,regular,,401540493,14.423890189897081,18.0,19.0,0.8712715855572999,66.17682562415739,71.5,69.0
2023,12,regular,,401540478,16.345063305846967,14.0,24.0,0.8979591836734694,55.65731151064978,50.5,44.0
2023,12,regular,,401540416,10.322855194891991,14.5,37.0,0.7778649921507065,54.1373019037359,54.5,65.0
2023,12,regular,,401541635,-8.17306890520709,-6.0,7.0,0.23861852433281006,61.53854640481464,63.5,35.0
2023,12,regular,,401540319,-9.565434333489856,-3.0,-14.0,0.21585557299843014,56.75449145016344,53.5,42.0
2023,12,regular,,401534858,8.474213173100274,7.5,7.0,0.7386185243328101,44.78342823055118,40.5,21.0
2023,12,regular,,401540329,3.7095852511720677,1.5,-28.0,0.6106750392464678,52.55732488566494,47.5,42.0
2023,12,regular,,401540597,10.749488704714194,9.5,12.0,0.7872841444270016,46.722407916941364,39.5,58.0
2023,12,regular,,401540574,2.3306397127433414,3.5,-1.0,0.5620094191522763,42.697363516448675,39.5,53.0
2023,12,regular,,401540572,-4.3926580627650615,-3.5,1.0,0.35949764521193095,59.34755754055149,59.5,61.0
2023,12,regular,,401540507,6.861151078066126,3.5,41.0,0.7056514913657771,56.80924847185093,56.5,41.0
2023,12,regular,,401540333,-1.9418834165617223,2.0,-15.0,0.43328100470957615,37.03581285223326,32.5,43.0
2023,12,regular,,401520408,24.37895661404865,26.5,24.0,0.9701726844583988,64.3261108244524,63.5,74.0
2023,12,regular,,401540543,-6.664956604376574,-5.5,10.0,0.29120879120879123,58.147458763714674,57.5,44.0
2023,12,regular,,401540429,0.3238388231722842,1.0,24.0,0.5023547880690737,60.46310471080086,58.5,66.0
2023,12,regular,,401540552,-6.615240196747356,-1.5,4.0,0.2943485086342229,47.06671245578583,46.5,58.0
2023,12,regular,,401552541,3.884619118073397,3.0,-7.0,0.6169544740973313,41.306259114344726,36.5,55.0
2023,12,regular,,401532620,10.58949507663132,13.5,33.0,0.7849293563579278,48.861077028308486,45.0,51.0
2023,12,regular,,401531918,8.77550088604559,10.75,-3.0,0.7480376766091051,59.28878967495416,56.25,49.0
2023,12,regular,,401520411,5.829433032112087,8.0,4.0,0.6718995290423861,46.03606905757346,48.5,64.0
2023,12,regular,,401520407,11.417964763014101,9.0,39.0,0.804552590266876,57.01818593614201,54.5,73.0
2023,12,regular,,401539992,4.022429268308576,4.5,-27.0,0.6232339089481946,51.13435984698572,46.5,61.0
2023,12,regular,,401539977,25.932315462525228,25.0,41.0,0.978806907378336,67.20171983900894,64.5,69.0
2023,12,regular,,401540282,-13.798555049666676,-11.5,-4.0,0.15149136577708006,57.38999868410254,55.5,50.0
2023,12,regular,,401531409,-6.276248021452613,-1.0,-21.0,0.3029827315541601,54.04407545277918,46.5,35.0
2023,12,regular,,401540306,22.597112837964573,24.0,29.0,0.9599686028257457,40.748758177309035,37.5,47.0
2023,12,regular,,401540265,-5.987401087815854,-6.5,30.0,0.3092621664050236,55.24492029997856,52.5,44.0
2023,12,regular,,401532448,10.462724656942216,10.5,31.0,0.7817896389324961,45.74509057516749,42.0,37.0
2023,12,regular,,401540198,5.6290525349262115,7.0,12.0,0.6624803767660911,65.65712163368732,65.5,60.0
2023,12,regular,,401540182,5.420291921618635,6.0,2.0,0.6593406593406593,60.80083833955352,61.5,26.0
2023,12,regular,,401524058,-0.9331374570933055,2.5,24.0,0.4638932496075353,43.45207541028249,45.5,60.0
2023,12,regular,,401525899,7.919562694245881,5.0,21.0,0.7276295133437991,54.157692750065735,52.5,63.0
2023,12,regular,,401531919,-6.303904518277236,-3.25,46.0,0.3029827315541601,60.7548449059955,59.5,108.0
2023,12,regular,,401540287,-0.47839346018867634,2.0,10.0,0.4764521193092622,53.574720281343055,53.5,52.0
2023,12,regular,,401532621,8.190802669740888,12.5,10.0,0.7323390894819466,47.56063301811876,45.5,50.0
2023,12,regular,,401531345,-0.051136147262692555,-2.0,-7.0,0.4921507064364207,67.77247566299934,69.5,63.0
2023,12,regular,,401540140,21.28293803397097,20.0,-1.0,0.9497645211930926,56.05563739674861,52.5,69.0
2023,12,regular,,401540123,-4.8668421230158945,-6.0,7.0,0.34301412872841447,45.43631573661186,43.5,35.0
2023,12,regular,,401525555,-12.19604862520379,-3.5,3.0,0.1836734693877551,50.454260644917085,47.0,57.0
2023,12,regular,,401531385,6.128266806816888,8.0,10.0,0.6781789638932496,60.3972421544281,61.5,58.0
2023,12,regular,,401540537,8.694374095242578,8.0,-35.0,0.7448979591836735,45.810047476837624,40.5,35.0
2023,12,regular,,401531921,14.283447720728788,15.5,7.0,0.8681318681318682,48.56236704294269,47.5,55.0
2023,12,regular,,401525554,2.760505907552406,7.5,11.0,0.5816326530612245,62.827897752652525,59.5,51.0
2023,12,regular,,401525442,20.715130241550256,23.5,38.0,0.9427001569858713,50.73054551260586,47.5,52.0
2023,12,regular,,401524062,6.883377266949904,5.0,-18.0,0.7056514913657771,69.20967784088842,62.5,58.0
2023,12,regular,,401520419,-8.025886982600122,-9.0,-28.0,0.24411302982731553,55.29326383828567,59.0,48.0
2023,12,regular,,401540147,19.298562352293445,-16.5,17.0,0.9285714285714286,49.188701931712316,44.5,31.0
2023,12,regular,,401532624,4.320072600018664,3.0,-4.0,0.6326530612244898,52.40466388833014,46.5,58.0
2023,12,regular,,401520423,16.832445944218236,11.0,5.0,0.9042386185243328,53.282695889220136,52.25,51.0
2023,12,regular,,401520406,10.692609413683055,3.0,2.0,0.7864992150706437,33.472085804658406,33.5,28.0
2023,12,regular,,401525897,14.454961514053885,13.0,25.0,0.8712715855572999,56.90032732055455,61.5,59.0
2023,12,regular,,401525559,-0.07903259803570795,2.5,-7.0,0.4913657770800628,45.83058480556561,41.0,63.0
2023,12,regular,,401540382,11.74851823582164,10.0,25.0,0.8092621664050236,52.673581444810495,50.5,79.0
2023,12,regular,,401520415,27.12970789175475,27.5,34.0,0.9819466248037677,47.43938062866551,51.5,40.0
2023,12,regular,,401525894,-7.275767750706813,-6.5,-13.0,0.2668759811616955,55.91078280411094,57.5,73.0
2023,12,regular,,401520404,13.454478425632452,25.0,-21.0,0.8469387755102041,45.880663654318454,48.5,41.0
2023,12,regular,,401524059,-26.642729869446338,-22.0,-36.0,0.02511773940345369,51.65787029521809,53.5,62.0
2023,12,regular,,401540243,3.279449272609954,3.5,-7.0,0.5934065934065934,63.429516546882056,64.5,91.0
2023,12,regular,,401531920,5.145185035312815,10.0,28.0,0.6507064364207221,49.74257344826335,45.0,28.0
2023,12,regular,,401540388,-8.678835249312717,-8.5,-21.0,0.22919937205651492,52.932152122397255,50.5,75.0
2023,12,regular,,401525898,2.613777149193459,2.5,1.0,0.5737833594976453,58.50377731009897,59.5,47.0
2023,12,regular,,401531917,8.150443297276992,5.5,-3.0,0.7315541601255887,55.82786999715108,61.5,37.0
2023,12,regular,,401524061,-7.068121642537709,-6.5,-12.0,0.2770800627943485,59.18628620675263,53.5,42.0
2023,12,regular,,401540212,-11.198987487367868,-12.0,-8.0,0.1946624803767661,62.97364846861686,62.5,40.0
2023,12,regular,,401540250,22.796702369703862,22.0,42.0,0.9607535321821036,61.28894982832724,60.5,84.0
2023,12,regular,,401525896,-10.046864915817473,-7.5,-4.0,0.2087912087912088,61.25352059615957,59.5,58.0
2023,12,regular,,401532619,-8.036178174710605,-5.0,-35.0,0.24411302982731553,65.8298317821769,63.5,55.0
2023,12,regular,,401520413,12.32171720938807,12.5,2.0,0.8249607535321821,54.15536500763815,56.5,64.0
2023,12,regular,,401520402,21.07435847950945,27.5,24.0,0.945839874411303,49.67242154477433,49.5,64.0
2023,12,regular,,401520422,5.329159343152894,7.0,7.0,0.6546310832025117,33.656937293586694,36.5,41.0
2023,12,regular,,401524060,-2.8235501626332633,1.0,-2.0,0.4089481946624804,64.97552735348029,62.5,42.0
2023,12,regular,,401520418,0.6027733149263743,2.5,3.0,0.5086342229199372,55.30416640501909,52.5,31.0
2023,12,regular,,401540234,-12.387818804328909,-16.5,-27.0,0.18210361067503925,53.05962886452713,53.5,69.0
2023,12,regular,,401525557,0.7031232474987119,6.0,9.0,0.5125588697017268,52.52272797685061,51.5,53.0
2023,12,regular,,401520409,21.838721366153294,32.0,42.0,0.956828885400314,71.54567139476973,73.5,70.0
2023,12,regular,,401525895,-11.204297163059827,-7.5,-10.0,0.1946624803767661,44.74381451347493,44.5,42.0
2023,12,regular,,401532622,18.65802408161943,22.5,-8.0,0.9270015698587127,58.436123295272154,58.5,42.0
2023,12,regular,,401532623,15.300283330714663,16.5,11.0,0.8869701726844584,48.660262989531645,48.5,37.0
2023,13,regular,,401532450,-1.6510813337312729,-2.5,-24.0,0.44142857142857145,57.04885982264386,51.5,44.0
2023,13,regular,,401532449,6.736648961467747,6.5,-13.0,0.6971428571428572,46.99452636861314,38.0,35.0
2023,13,regular,,401520424,-12.390155466175516,-10.5,-10.0,0.175,57.82283841932704,55.0,24.0
2023,13,regular,,401525560,-10.164130427609653,-10.0,-25.0,0.21071428571428572,52.9357685971316,50.25,65.0
2023,13,regular,,401531394,-16.95716093068873,-13.5,-24.0,0.11,64.88492808355153,64.25,66.0
2023,13,regular,,401520425,-4.2226209410657685,3.0,-3.0,0.36428571428571427,24.303317105862465,25.75,23.0
2023,13,regular,,401532451,-15.274197031397453,-10.0,-15.0,0.13714285714285715,57.70792266533136,54.5,49.0
2023,13,regular,,401532452,-16.993362265505578,-14.5,-11.0,0.11,41.048546704435616,41.75,39.0
2023,13,regular,,401525900,12.582924164608663,11.5,24.0,0.8364285714285714,59.86513158547875,66.0,114.0
2023,13,regular,,401532629,-2.8616268234922906,-4.5,-3.0,0.40785714285714286,67.86946077170707,58.5,85.0
2023,13,regular,,401531376,1.9122698191300413,3.5,13.0,0.545,49.39224457656992,52.5,45.0
2023,13,regular,,401520426,-9.111033350623913,-9.5,-34.0,0.23357142857142857,53.29565143962191,53.5,62.0
2023,13,regular,,401532625,5.812408343007368,6.5,8.0,0.675,47.697507949595405,44.75,46.0
2023,13,regular,,401520435,-29.195102694514542,-21.75,-42.0,0.020714285714285713,47.64020232780577,42.5,42.0
2023,13,regular,,401525901,15.479187118797968,16.0,50.0,0.8871428571428571,50.86383056656267,53.5,64.0
2023,13,regular,,401524063,10.909052242518955,14.0,24.0,0.7935714285714286,61.52531180484449,61.25,38.0
2023,13,regular,,401520432,9.638790733596576,7.5,-7.0,0.7678571428571429,49.26537762202682,47.5,69.0
2023,13,regular,,401520433,6.454086159313624,10.5,12.0,0.6907142857142857,66.55323883528582,67.75,72.0
2023,13,regular,,401520434,3.928202194838741,3.0,6.0,0.6078571428571429,47.26613650613023,47.0,54.0
2023,13,regular,,401520438,6.041581738225874,6.5,4.0,0.6807142857142857,57.75403028169219,55.5,66.0
2023,13,regular,,401520440,-5.080659979727656,-3.5,3.0,0.3314285714285714,48.9470137650762,50.0,43.0
2023,13,regular,,401532453,-15.441088843145607,-20.5,-10.0,0.135,49.0005809595299,44.75,64.0
2023,13,regular,,401525561,13.663738502415887,4.5,11.0,0.8535714285714285,45.847047663316964,40.75,49.0
2023,13,regular,,401531435,20.673011061682104,20.25,45.0,0.9421428571428572,43.67819810690166,46.0,73.0
2023,13,regular,,401531927,-16.812431497886433,-17.0,-18.0,0.11285714285714285,48.595024967044964,48.5,52.0
2023,13,regular,,401525906,11.925850421254427,15.5,14.0,0.825,60.7435867396813,61.25,40.0
2023,13,regular,,401520443,1.9683554001985044,2.5,-13.0,0.5464285714285714,55.88901991956202,50.75,49.0
2023,13,regular,,401532454,-10.312219506254207,-4.0,-2.0,0.21,38.73127800339789,34.25,32.0
2023,13,regular,,401531421,4.849186502644096,3.5,3.0,0.6457142857142857,52.96086573574777,46.75,45.0
2023,13,regular,,401525563,3.6431094844888614,2.0,4.0,0.6014285714285714,44.870247850715515,43.5,66.0
2023,13,regular,,401540159,-0.7378952721627683,1.5,-5.0,0.4614285714285714,48.979533557882206,49.5,49.0
2023,13,regular,,401531346,8.09311731868437,3.0,-2.0,0.7321428571428571,45.788259794183766,44.25,56.0
2023,13,regular,,401531925,-1.1541185704738637,2.0,1.0,0.4492857142857143,50.67282663397365,50.0,49.0
2023,13,regular,,401531386,3.3445915821719487,2.5,3.0,0.5914285714285714,72.32977632125493,73.0,87.0
2023,13,regular,,401524067,17.468129046056976,21.5,6.0,0.9107142857142857,55.04983006560733,43.5,40.0
2023,13,regular,,401520428,-13.372305756337642,-11.5,-13.0,0.16071428571428573,54.42335201659763,54.25,69.0
2023,13,regular,,401531926,14.828835354557082,12.5,31.0,0.8771428571428571,54.192402254841944,53.25,73.0
2023,13,regular,,401532628,1.204418040107382,1.5,-6.0,0.5221428571428571,60.355977346375894,58.25,68.0
2023,13,regular,,401524064,-15.268275914483624,-12.5,-36.0,0.13714285714285715,46.51703744357099,49.25,82.0
2023,13,regular,,401525905,10.31689277116985,16.5,6.0,0.7814285714285715,53.89872894407002,55.0,74.0
2023,13,regular,,401520439,-3.568646692236074,-2.0,-18.0,0.38642857142857145,47.904955076527315,45.5,66.0
2023,13,regular,,401520444,-18.298845943914163,-17.5,-14.0,0.08785714285714286,53.378232178804495,54.5,70.0
2023,13,regular,,401520427,-13.988908954942614,-14.5,-3.0,0.15428571428571428,48.362729439576164,48.0,51.0
2023,13,regular,,401520431,4.2760183438562445,5.5,-2.0,0.6178571428571429,44.99830173294102,46.75,88.0
2023,13,regular,,401520436,-1.8653895843389146,-2.25,-14.0,0.43642857142857144,43.98565229996113,44.0,42.0
2023,13,regular,,401520442,25.34953513626723,27.0,24.0,0.9707142857142858,56.4600239464993,57.25,72.0
2023,13,regular,,401531922,9.038379687098669,10.5,28.0,0.7564285714285715,65.62455839680246,63.0,82.0
2023,13,regular,,401525564,-4.011738594500609,-1.75,-38.0,0.37214285714285716,53.75485230325582,53.0,72.0
2023,13,regular,,401531923,-5.832529312726603,-4.0,-42.0,0.30714285714285716,50.4746885165855,50.5,70.0
2023,13,regular,,401531924,5.047487112715521,1.5,14.0,0.6535714285714286,54.29318599146541,52.5,56.0
2023,13,regular,,401524068,17.180681467635655,15.5,3.0,0.9092857142857143,65.03649186340797,65.5,45.0
2023,13,regular,,401520437,1.3093713806471388,-0.25,3.0,0.525,47.688870885111776,48.5,37.0
2023,13,regular,,401531928,-4.4245835993660885,-5.5,8.0,0.3578571428571429,59.33043088261833,56.75,96.0
2023,13,regular,,401524065,-25.298654174586783,-26.0,-33.0,0.03214285714285714,51.956963717550025,50.0,79.0
2023,13,regular,,401525902,-10.483160470072189,-8.5,-3.0,0.20714285714285716,58.8289638483853,54.0,65.0
2023,13,regular,,401520429,-13.247747389484534,-6.5,-9.0,0.16071428571428573,59.49489084073122,48.5,39.0
2023,13,regular,,401525903,-7.477714829270174,-7.5,-33.0,0.26285714285714284,58.64233504621869,59.25,65.0
2023,13,regular,,401520430,-23.654913276662487,-24.5,-8.0,0.04214285714285714,59.01610982706962,59.5,54.0
2023,13,regular,,401520441,-6.976940115665207,-7.5,-9.0,0.2742857142857143,53.10296650176963,48.25,23.0
2023,13,regular,,401531410,6.021771872566665,7.0,34.0,0.68,59.59039158669229,56.75,62.0
2023,13,regular,,401525562,-2.2827105947685795,-2.5,19.0,0.42428571428571427,58.26483220987675,55.5,59.0
2023,13,regular,,401525904,13.893731718312166,9.5,-7.0,0.8592857142857143,47.24048574199549,46.25,77.0
2023,13,regular,,401532630,-12.94911867915269,-11.0,-36.0,0.1657142857142857,43.35364577325202,41.75,48.0
2023,13,regular,,401524066,11.519096717706873,9.5,-26.0,0.8135714285714286,54.466329871480454,51.0,40.0
2023,13,regular,,401532627,-8.311654881498168,-5.5,15.0,0.24928571428571428,46.0194491511818,47.25,51.0
2023,13,regular,,401532626,-2.724845690937933,-5.5,3.0,0.41214285714285714,53.87727478780177,53.75,51.0
2023,14,regular,,401539476,12.038209924581551,10.5,14.0,0.8256445047489823,55.521508327894665,58.0,84.0
2023,14,regular,,401539475,-6.274564961609958,-9.5,3.0,0.3005427408412483,64.1820893903435,65.5,65.0
2023,14,regular,,401539479,15.108311545217417,14.5,28.0,0.8778833107191316,53.86408275258266,56.5,70.0
2023,14,regular,,401539481,5.346440569404606,7.0,-9.0,0.6594301221166893,47.67932511620499,43.5,37.0
2023,14,regular,,401539482,-4.3205716607485485,-2.5,-24.0,0.36092265943012214,60.765971802981,62.0,64.0
2023,14,regular,,401539477,-3.15076696689517,2.5,-12.0,0.3894165535956581,52.317726346485095,47.5,40.0
2023,14,regular,,401539484,6.114183036433619,5.5,26.0,0.6791044776119403,53.03372603535843,52.5,72.0
2023,14,regular,,401539483,-3.7172902781819364,-5.0,3.0,0.37449118046132973,53.01019089533851,53.5,51.0
2023,14,regular,,401539480,-21.521993989396243,-21.0,-26.0,0.059023066485753055,33.784711868846486,35.5,26.0
2023,14,regular,,401539478,7.735838315576187,-1.5,10.0,0.7259158751696065,55.26700719882191,45.5,22.0
2023,15,regular,,401520445,3.8341094844028887,2.0,6.0,0.6149732620320856,31.874265473361135,28.0,28.0
2023,15,postseason,FCS playoff,401618179,17.88806746520929,17.5,59.0,0.9157754010695187,46.96618917580746,48.5,59.0
2023,15,postseason,Other bowl,401551733,6.222078630025505,-1.5,20.0,0.6844919786096256,51.561307964505275,48.5,62.0
2023,15,postseason,Other bowl,401551470,9.30791510280309,7.5,4.0,0.7647058823529411,48.981529979276786,48.5,56.0
2023,15,postseason,Other bowl,401551751,-1.9968302983807342,-3.5,-3.0,0.42379679144385024,55.38710897654053,58.0,65.0
2023,16,postseason,Other bowl,401551731,1.761450619190693,6.5,4.0,0.5359520639147803,53.611270039952466,40.75,22.0
2023,16,postseason,FCS playoff,401618099,-1.7633796806240474,-1.5,2.0,0.43009320905459386,56.24223425574843,51.5,60.0
2023,16,postseason,Other bowl,401551732,-0.2249059945955183,-3.0,27.0,0.47470039946737685,49.18799741280113,53.0,47.0
2023,16,postseason,Other bowl,401551752,0.6797687090046716,-6.5,-13.0,0.503994673768309,48.68294570674775,45.25,57.0
2023,16,postseason,Other bowl,401551753,3.3844342559762026,3.5,20.0,0.5945406125166445,58.61851946556064,55.5,48.0
2023,16,postseason,Other bowl,401551469,-7.0911310497177205,4.0,-3.0,0.2769640479360852,51.59983933238554,48.75,73.0
2023,16,postseason,Other bowl,401551735,-7.340173632148951,-7.5,-18.0,0.2729693741677763,51.901705348264926,46.75,52.0
2023,16,postseason,Other bowl,401551737,8.719199442134617,4.25,-45.0,0.7476697736351531,59.929882110747684,55.75,45.0
2023,16,postseason,Other bowl,401551754,6.451119710872054,6.25,-13.0,0.6910785619174434,60.62388415226768,66.0,47.0
2023,16,postseason,Other bowl,401551741,1.9516936559608804,-2.5,2.0,0.547936085219707,54.76174281879243,53.75,40.0
2023,16,postseason,Other bowl,401551739,-0.6411333256128764,-6.75,7.0,0.4613848202396804,43.51801750913607,44.25,27.0
2023,17,postseason,Other bowl,401551742,-8.467992697467254,2.5,10.0,0.24719101123595505,45.95044357151738,44.0,52.0
2023,17,postseason,Other bowl,401551743,-1.9125380824367604,1.75,-23.0,0.42564441506939854,67.25247572255408,57.75,67.0
2023,17,postseason,Other bowl,401551755,-12.328031154575335,-17.75,-49.0,0.17448777263714474,46.82257014969581,42.75,69.0
2023,17,postseason,Other bowl,401551744,-12.897601763699663,-6.5,7.0,0.16523463317911435,41.91100169596513,44.0,21.0
2023,17,postseason,Other bowl,401551746,4.8593633906091105,7.5,-10.0,0.6490416391275612,54.240514543000145,48.5,38.0
2023,17,postseason,Other bowl,401551756,3.3746185020863178,2.5,6.0,0.5955056179775281,48.96085433498466,44.75,54.0
2023,17,postseason,Other bowl,401551748,-0.16841678600110643,-3.5,-24.0,0.48182419035029744,66.91777169735205,59.0,66.0
2023,17,postseason,Other bowl,401551757,-9.645492066316157,-8.5,-13.0,0.21877065432914738,66.46064322361127,64.5,85.0
2023,17,postseason,Other bowl,401551758,1.4382345857591052,-13.0,-21.0,0.5320555188367482,47.18422205419569,44.0,61.0
2023,17,postseason,Other bowl,401551761,-3.3490201671922453,4.0,20.0,0.38664904163912756,66.97885578880864,61.75,40.0
2023,17,postseason,Other bowl,401581109,-0.04571821959986877,-4.5,14.0,0.48446794448116326,70.2639464110737,57.25,70.0
2023,17,postseason,Other bowl,401551749,-6.43808495568227,4.0,8.0,0.29477858559153997,54.78763125158967,55.5,54.0
2023,17,postseason,Other bowl,401551750,-17.47585384922993,-13.5,9.0,0.10442828816920026,58.86661276482696,48.75,37.0
2023,17,postseason,Other bowl,401551762,8.77235057361958,-2.75,-7.0,0.7495042961004627,48.70112607841587,40.75,55.0
2023,17,postseason,Other bowl,401551764,10.473494769517643,3.5,9.0,0.7884996695307337,50.832599508913304,48.5,47.0
2023,17,postseason,Other bowl,401551765,7.602474731875061,-2.5,-14.0,0.7204230006609386,63.34673122015809,59.5,62.0
2023,17,postseason,Other bowl,401551766,-7.423599931452256,-3.5,-3.0,0.2709847984137475,48.24271539716542,44.5,73.0
2023,17,postseason,Other bowl,401551798,4.792528109738231,5.5,32.0,0.6470588235294118,56.047034349131216,40.5,48.0
2023,17,postseason,Other bowl,401551767,5.3630910273075925,10.5,-10.0,0.6629213483146067,58.55435222089943,58.0,62.0
2023,17,postseason,NY6,401551768,11.5121646336177,4.0,-11.0,0.8109715796430932,49.27486847287695,51.0,17.0
2023,17,postseason,NY6,401551769,11.667497255272332,5.5,-13.0,0.8142762723066754,56.43114870999712,52.5,63.0
2023,17,postseason,Other bowl,401551770,1.5277778274524294,-4.0,18.0,0.5333773959021811,51.15436854091139,48.5,44.0
2023,18,postseason,NY6,401551773,-4.35835382219239,-23.5,-60.0,0.35960912052117266,53.99708609778577,47.0,66.0
2023,18,postseason,Other bowl,401554566,-4.593887567165453,4.5,1.0,0.3537459283387622,50.29104908143,44.0,31.0
2023,18,postseason,Other bowl,401551778,12.980642584762986,9.5,4.0,0.8384364820846906,62.39486987512164,58.5,66.0
2023,18,postseason,NY6,401551782,15.657756311393534,18.5,39.0,0.8859934853420195,66.85465907386572,71.5,51.0
2023,18,postseason,Other bowl,401551780,6.414223878549503,4.5,35.0,0.6885993485342019,36.701805587665916,36.5,35.0
2023,18,postseason,CFP,401551786,7.287201840639993,2.0,7.0,0.7133550488599348,50.39618491828659,46.0,47.0
2023,18,postseason,CFP,401551788,-3.2042254071981024,-3.5,6.0,0.39283387622149835,58.32989058183692,61.5,68.0
2023,19,postseason,FCS playoff,401555031,12.343208925330941,13.5,20.0,0.8274967574578469,48.99442196111652,49.0,26.0
2023,19,postseason,CFP,401551789,7.886036825232143,5.0,21.0,0.72568093385214,57.584989915787844,55.5,47.0
2024,4,regular,,401643790,7.83418393683911,7.5,-34.0,0.7183908045977011,64.71351117964784,62.5,62.0
2024,4,regular,,401634766,7.674053533160454,9.5,-2.0,0.7183908045977011,52.083265605029,56.5,50.0
2024,4,regular,,401628485,7.111362280702277,9.0,-7.0,0.6925287356321839,38.709304236891974,42.0,55.0
2024,4,regular,,401643714,9.836596271787698,13.0,2.0,0.7873563218390804,53.953143443883846,55.5,106.0
2024,4,regular,,401628486,24.138743924568782,28.5,38.0,0.985632183908046,56.549940942327396,50.5,66.0
2024,4,regular,,401645328,14.100511255646555,7.5,23.0,0.8994252873563219,48.50654726063274,43.5,51.0
2024,4,regular,,401628367,-3.00113761447973,-6.5,-17.0,0.3390804597701149,55.715840462876386,58.0,73.0
2024,4,regular,,401643791,5.624415062306815,-1.5,-8.0,0.6551724137931034,50.719805439463734,53.5,74.0
2024,4,regular,,401635552,11.620245001091607,17.5,24.0,0.8505747126436781,51.63186484352789,44.0,94.0
2024,4,regular,,401628627,-7.289230560606158,-10.5,-7.0,0.25287356321839083,44.26452110785594,47.5,49.0
2024,4,regular,,401635556,9.10853540828689,11.0,-20.0,0.75,49.16074841739882,48.5,120.0
2024,4,regular,,401636873,-1.1064510625466657,4.0,34.0,0.3936781609195402,47.31959561351932,47.5,34.0
2024,4,regular,,401628488,24.344128038197713,22.25,18.0,0.985632183908046,44.62322652999561,47.0,58.0
2024,4,regular,,401628492,26.154758449707458,39.0,35.0,0.9885057471264368,47.78424520791749,55.5,63.0
2024,4,regular,,401636879,-0.3593505395186849,1.5,4.0,0.4166666666666667,55.575497512869184,56.0,60.0
2024,4,regular,,401628364,10.968741645196463,21.5,35.0,0.8304597701149425,38.74062348412477,42.0,47.0
2024,4,regular,,401628624,8.97904851625424,0.5,-11.0,0.7442528735632183,54.500022888570335,48.5,41.0
2024,4,regular,,401654634,-5.834012175048246,-6.5,14.0,0.27011494252873564,49.46391140439832,43.5,56.0
2024,4,regular,,401644735,3.297384542784338,6.5,3.0,0.5632183908045977,57.07835505136964,50.5,71.0
2024,4,regular,,401654550,-0.36197940557691133,6.5,-22.0,0.4166666666666667,52.520155829740844,47.5,42.0
2024,4,regular,,401643715,-8.070245808168275,-6.5,16.0,0.2442528735632184,55.19822689249682,53.5,74.0
2024,4,regular,,401628629,16.873434624022835,25.0,17.0,0.9425287356321839,50.22273878439948,53.5,65.0
2024,4,regular,,401636875,15.058889524697769,20.5,45.0,0.9224137931034483,48.0225071310453,52.0,59.0
2024,4,regular,,401655634,-8.011260135398235,4.5,64.0,0.2471264367816092,46.33320260908225,47.5,64.0
2024,4,regular,,401644737,23.489563777720477,25.5,36.0,0.985632183908046,44.71003679081218,45.5,36.0
2024,4,regular,,401635558,7.550764144473591,-3.5,-19.0,0.7126436781609196,56.30892539547966,52.0,67.0
2024,4,regular,,401633980,9.80126840589471,6.5,10.0,0.7758620689655172,55.77562881153024,54.5,38.0
2024,4,regular,,401655626,11.028083823997395,18.5,11.0,0.8304597701149425,51.71668068033617,57.5,81.0
2024,4,regular,,401641000,5.6965385991683135,6.0,37.0,0.6551724137931034,57.424464639110525,59.5,51.0
2024,4,regular,,401643713,17.72398646258504,13.5,33.0,0.9511494252873564,49.90553631278268,55.0,65.0
2024,4,regular,,401677764,23.183257546921467,49.5,39.0,0.985632183908046,57.44842031104743,59.5,65.0
2024,4,regular,,401628489,-0.5851792441770514,-4.0,3.0,0.4051724137931034,50.703667585597174,44.0,51.0
2024,4,regular,,401628494,4.961952688139864,3.25,-3.0,0.6350574712643678,51.961069030962705,44.75,49.0
2024,4,regular,,401634247,27.067021913864576,28.25,56.0,0.9942528735632183,60.063990199000685,60.0,90.0
2024,4,regular,,401628493,43.73650871136479,49.0,56.0,1.0,53.28592725969078,57.5,56.0
2024,4,regular,,401644736,11.707003259145647,13.0,-3.0,0.8563218390804598,43.19146414894729,42.5,43.0
2024,4,regular,,401628365,13.722798027618717,21.5,17.0,0.896551724137931,54.35737178630338,56.5,51.0
2024,4,regular,,401629042,16.252022708444354,19.5,4.0,0.9396551724137931,54.69221966841238,51.75,66.0
2024,4,regular,,401645330,34.19382151734917,36.0,38.0,0.9971264367816092,54.78874693764437,55.0,52.0
2024,4,regular,,401636877,1.9919616529546629,4.5,8.0,0.5,59.64085656319606,58.5,52.0
2024,4,regular,,401628979,23.69525054742654,27.5,25.0,0.985632183908046,40.75654244132819,44.0,31.0
2024,4,regular,,401635554,6.676604597346639,8.5,12.0,0.6867816091954023,56.11388033495906,56.0,50.0
2024,4,regular,,401628363,5.149720564879892,2.5,-10.0,0.6350574712643678,56.90568920198009,53.5,38.0
2024,4,regular,,401645329,-6.117823234681151,-8.5,12.0,0.2614942528735632,49.534945291210036,47.0,100.0
2024,4,regular,,401636876,3.388987212220247,-1.0,-3.0,0.5660919540229885,50.96399789407261,53.5,41.0
2024,4,regular,,401654586,20.953888526610253,30.0,66.0,0.9798850574712644,51.42086271463326,48.5,66.0
2024,4,regular,,401635553,-16.57488426901685,-14.5,-28.0,0.11494252873563218,49.24630581907205,51.0,62.0
2024,4,regular,,401654606,-6.155068508639612,-6.5,-7.0,0.2614942528735632,54.725021094224935,51.5,35.0
2024,4,regular,,401628623,1.8280584217487346,4.0,7.0,0.49712643678160917,53.48302618244304,55.5,47.0
2024,4,regular,,401628368,18.079174126070395,18.0,3.0,0.9540229885057471,58.17829710644523,52.0,57.0
2024,4,regular,,401641028,6.1017494590265,8.5,10.0,0.6666666666666666,48.23122028597784,49.0,44.0
2024,4,regular,,401628620,9.548587859437458,7.5,-7.0,0.7729885057471264,48.690190467075105,50.5,41.0
2024,4,regular,,401635557,1.8864849564501114,-1.5,24.0,0.49712643678160917,58.589144941078786,58.5,108.0
2024,4,regular,,401640991,9.056732267352476,7.5,11.0,0.7471264367816092,47.542012819751754,54.5,59.0
2024,4,regular,,401634145,31.858005342841306,20.5,17.0,0.9971264367816092,45.65462945562774,46.5,59.0
2024,4,regular,,401632078,15.656942250014053,28.0,29.0,0.9367816091954023,48.88238743016352,52.5,55.0
2024,4,regular,,401628622,6.93209000220619,7.5,-20.0,0.6925287356321839,50.44472800596751,48.5,48.0
2024,4,regular,,401628630,5.418164066623827,10.0,10.0,0.6408045977011494,53.99618645303147,47.5,58.0
2024,4,regular,,401628628,-16.6406821394342,-23.5,-14.0,0.11206896551724138,45.25564948462184,47.5,62.0
2024,4,regular,,401632102,-9.541514624512162,-2.5,10.0,0.20977011494252873,56.35394949716073,58.5,66.0
2024,4,regular,,401654650,14.397034200351543,17.0,16.0,0.9109195402298851,56.34304445355836,55.5,52.0
2024,4,regular,,401628625,17.742809361062854,12.5,-3.0,0.9540229885057471,58.409227271779855,59.5,87.0
2024,4,regular,,401629031,0.9989233145404061,1.0,34.0,0.46551724137931033,51.484711628905444,45.5,62.0
2024,4,regular,,401641008,-1.7586976356816066,2.5,-3.0,0.3706896551724138,58.777926704071874,56.5,43.0
2024,4,regular,,401636374,15.863926127606296,21.5,22.0,0.9367816091954023,50.27590442552193,49.0,46.0
2024,4,regular,,401632100,7.0824407687591915,13.5,43.0,0.6925287356321839,57.65360584612624,56.5,75.0
2024,4,regular,,401635555,-13.290163666714724,-16.5,-35.0,0.13793103448275862,65.16970643208302,64.5,65.0
2024,4,regular,,401654851,-18.41568947444748,-19.5,-34.0,0.09482758620689655,59.80435223527721,58.5,34.0
2024,4,regular,,401628491,7.068083578643388,12.0,19.0,0.6925287356321839,41.75325535353108,42.5,29.0
2024,4,regular,,401635551,-2.7352359286225942,3.0,5.0,0.34195402298850575,45.34170846032536,44.5,23.0
2024,4,regular,,401634242,6.841120202673143,6.5,-17.0,0.6896551724137931,56.03535389681491,54.5,59.0
2024,4,regular,,401641034,15.187184169612001,15.0,20.0,0.9281609195402298,43.5727330052984,44.5,42.0
2024,4,regular,,401641037,-3.920493006349091,-2.5,5.0,0.3218390804597701,58.53477318875541,60.5,47.0
2024,4,regular,,401643716,6.133918987870161,7.0,27.0,0.6695402298850575,58.93270168892775,55.0,61.0
2024,4,regular,,401654559,1.819536887823402,-3.0,-7.0,0.49712643678160917,45.98844413481076,46.5,55.0
2024,4,regular,,401632099,-27.105187307004503,-33.0,-39.0,0.034482758620689655,58.08795217860271,57.5,73.0
2024,4,regular,,401655619,-17.227940858641936,-31.5,-39.0,0.10632183908045977,60.13073030936084,55.5,39.0
2024,4,regular,,401628487,3.767562007071167,-3.0,-17.0,0.5775862068965517,36.397205649973316,34.5,45.0
2024,4,regular,,401628369,2.394131675857108,-6.0,-10.0,0.5201149425287356,61.83993882959443,57.0,40.0
2024,4,regular,,401628372,10.835585098794372,21.0,6.0,0.8189655172413793,55.10298577065935,50.5,46.0
2024,4,regular,,401628370,23.98523830661498,25.0,43.0,0.985632183908046,54.942694983867824,41.5,57.0
2024,4,regular,,401628366,30.561376371513965,35.0,39.0,0.9971264367816092,64.93451318466342,68.5,65.0
2024,4,regular,,401628371,34.56958074319847,43.5,48.0,0.9971264367816092,50.08741239306593,53.5,54.0
2024,4,regular,,401636874,-4.578239171337069,2.5,7.0,0.3045977011494253,52.31160645586402,52.5,69.0
2024,4,regular,,401628490,8.053161021236317,4.5,4.0,0.7270114942528736,47.53694201840834,45.5,42.0
2024,4,regular,,401643717,5.84357355992738,1.5,17.0,0.6666666666666666,53.4781643505844,50.5,59.0
2024,4,regular,,401643711,-19.825208837638577,-12.0,-17.0,0.07758620689655173,63.96400279734663,61.0,59.0
2024,4,regular,,401637162,37.847675052457824,42.75,42.0,1.0,67.40689895240689,69.5,70.0
2024,4,regular,,401636872,-5.457771403513259,-7.5,29.0,0.27586206896551724,47.38023175012384,49.5,47.0
2024,4,regular,,401643712,12.26058488526265,10.25,29.0,0.8764367816091954,44.84922471944886,46.25,43.0
2024,5,regular,,401645331,-17.600122353695685,-11.0,-28.0,0.10173160173160173,45.66924409165337,47.0,56.0
2024,5,regular,,401634767,14.839398994981744,17.5,4.0,0.9069264069264069,57.523575357385724,55.5,72.0
2024,5,regular,,401628501,0.944337664113892,1.25,3.0,0.49783549783549785,46.48057795452895,45.0,39.0
2024,5,regular,,401645337,1.9017943584571881,4.0,35.0,0.5346320346320347,61.56631725573366,60.5,55.0
2024,5,regular,,401635565,23.167299927092692,30.75,28.0,0.9783549783549783,53.33678974271935,59.5,56.0
2024,5,regular,,401635564,-1.3417105959329252,7.0,7.0,0.41125541125541126,53.43520013214878,46.5,41.0
2024,5,regular,,401628497,9.167221875922543,10.5,3.0,0.7662337662337663,39.56104203299485,34.5,51.0
2024,5,regular,,401638660,-9.113588778034314,-9.5,-33.0,0.22077922077922077,49.124624943209085,46.5,61.0
2024,5,regular,,401654617,6.852243127013751,6.0,-3.0,0.683982683982684,57.17549295619615,53.5,73.0
2024,5,regular,,401644597,-6.355081750612904,-7.0,3.0,0.2662337662337662,48.98214911035426,53.5,59.0
2024,5,regular,,401629032,3.319990952892771,6.0,44.0,0.5800865800865801,50.45832552405846,44.5,50.0
2024,5,regular,,401628496,1.1543539677496861,7.5,14.0,0.5108225108225108,58.478769926309894,49.5,70.0
2024,5,regular,,401628377,17.454057694798106,15.0,-3.0,0.9437229437229437,52.3835951270533,51.5,37.0
2024,5,regular,,401628499,-13.25769294292974,-10.0,-18.0,0.15151515151515152,51.49218184755428,47.0,38.0
2024,5,regular,,401645332,-10.755433348920963,-4.5,-23.0,0.19047619047619047,54.44213232726448,56.5,59.0
2024,5,regular,,401635560,7.2810445768657,7.5,1.0,0.696969696969697,55.92052861618728,48.0,41.0
2024,5,regular,,401636880,-3.8204900972869575,3.0,-6.0,0.3225108225108225,49.74551952156962,46.5,62.0
2024,5,regular,,401636883,-1.6863270808015698,6.0,22.0,0.3939393939393939,53.48715415084932,58.0,62.0
2024,5,regular,,401654488,-5.564645302976045,-7.5,3.0,0.2857142857142857,52.279356409010376,45.5,37.0
2024,5,regular,,401656601,10.047825913139011,10.5,10.0,0.7878787878787878,49.828943099898694,49.5,44.0
2024,5,regular,,401638661,2.2779299827849995,3.5,2.0,0.5476190476190477,55.41742634966563,44.5,58.0
2024,5,regular,,401634172,1.5248624959705597,9.5,-3.0,0.5216450216450217,51.65041188959314,47.5,51.0
2024,5,regular,,401628636,13.6083122180294,16.0,42.0,0.8831168831168831,61.607766178149404,54.5,84.0
2024,5,regular,,401638662,0.7609598367885453,1.0,12.0,0.487012987012987,58.22386586700095,49.5,22.0
2024,5,regular,,401643793,17.10503411851609,22.0,56.0,0.9415584415584416,57.339589602749825,56.5,70.0
2024,5,regular,,401628632,-2.6817087893235207,-0.0,-10.0,0.36796536796536794,48.294334227981075,46.5,44.0
2024,5,regular,,401634243,5.86226920991607,13.5,29.0,0.6428571428571429,52.65709010483433,47.5,55.0
2024,5,regular,,401634192,15.467234983045378,21.0,37.0,0.9177489177489178,53.48712664178279,52.5,107.0
2024,5,regular,,401632106,2.4980264707136577,1.0,-11.0,0.551948051948052,57.14273600907397,51.5,45.0
2024,5,regular,,401632105,9.141598384212841,-3.0,-9.0,0.7662337662337663,51.04070553789123,55.5,41.0
2024,5,regular,,401628634,20.073312747547156,18.0,3.0,0.9632034632034632,47.195686170434634,51.5,85.0
2024,5,regular,,401632110,6.5232687275268315,14.0,24.0,0.6688311688311688,49.32477410112102,50.5,38.0
2024,5,regular,,401634146,-13.241548455807047,-6.5,-19.0,0.15151515151515152,47.520900799885865,46.5,25.0
2024,5,regular,,401654464,0.8426259919312888,13.5,17.0,0.49134199134199136,53.54993619829293,48.5,43.0
2024,5,regular,,401654553,-7.827557839865676,-10.0,-27.0,0.24458874458874458,55.64985992160429,53.5,47.0
2024,5,regular,,401633982,5.4810760844285324,3.0,-3.0,0.6320346320346321,49.52209453968623,46.5,53.0
2024,5,regular,,401636346,-8.212307518329737,-6.5,-5.0,0.24242424242424243,49.47665589414087,41.5,47.0
2024,5,regular,,401634161,-10.412574848100187,-10.0,-32.0,0.19913419913419914,57.80814694596691,50.5,52.0
2024,5,regular,,401634184,3.5083759064754836,10.0,7.0,0.5909090909090909,59.865328888746696,54.5,69.0
2024,5,regular,,401634046,-1.005811462615433,-2.5,-21.0,0.4264069264069264,49.74005693817726,47.5,35.0
2024,5,regular,,401641041,-2.0694447790262913,-11.0,1.0,0.3852813852813853,57.39063843496069,55.0,79.0
2024,5,regular,,401643721,5.6127720353780735,2.5,1.0,0.6320346320346321,52.14883092846583,47.5,43.0
2024,5,regular,,401628638,-0.1734464833818951,2.5,19.0,0.44372294372294374,46.0996321199187,41.5,25.0
2024,5,regular,,401644739,-14.239780790896678,-14.0,-19.0,0.13636363636363635,53.138913330245984,46.0,85.0
2024,5,regular,,401636882,1.0951652122110906,1.5,-11.0,0.5043290043290043,61.90761672763169,58.5,65.0
2024,5,regular,,401643794,5.991997020512902,3.5,7.0,0.6493506493506493,58.745038015106864,53.5,47.0
2024,5,regular,,401644738,12.046144523060722,8.0,20.0,0.8354978354978355,49.18012160354368,46.0,40.0
2024,5,regular,,401629043,13.665564508318207,15.5,3.0,0.8831168831168831,44.79274693741146,44.5,43.0
2024,5,regular,,401628502,12.56947642256822,13.5,17.0,0.8441558441558441,50.588266741156936,50.0,59.0
2024,5,regular,,401636885,13.976066673310903,12.5,-27.0,0.8939393939393939,60.94616860000084,60.5,69.0
2024,5,regular,,401628980,7.973368783129653,6.5,7.0,0.7251082251082251,50.851383554479895,45.0,55.0
2024,5,regular,,401643720,4.599379393878564,2.5,45.0,0.6125541125541125,59.88251804711466,50.5,73.0
2024,5,regular,,401628373,4.603259728661611,6.5,4.0,0.6125541125541125,55.07225045370673,50.5,38.0
2024,5,regular,,401635659,-3.0649040227990487,3.0,-3.0,0.3484848484848485,54.162769515871624,59.5,79.0
2024,5,regular,,401643792,3.255123486340723,3.5,-17.0,0.5757575757575758,59.31005700321377,57.0,59.0
2024,5,regular,,401628635,22.71272159381661,31.0,49.0,0.974025974025974,52.56279982077868,47.5,49.0
2024,5,regular,,401628631,9.42934567255901,10.0,-14.0,0.7727272727272727,54.416468158110455,51.5,54.0
2024,5,regular,,401628375,-4.506450888637172,2.0,-6.0,0.30735930735930733,50.52321234972381,43.0,48.0
2024,5,regular,,401635562,3.496765666392349,-1.5,1.0,0.5909090909090909,59.0161351251069,55.5,41.0
2024,5,regular,,401654846,27.832507684795925,33.5,19.0,0.9935064935064936,65.60629601821668,54.5,19.0
2024,5,regular,,401645334,1.9628732370812652,2.0,10.0,0.538961038961039,46.15969892623898,53.5,50.0
2024,5,regular,,401634050,-4.945316858980261,-7.5,18.0,0.29653679653679654,51.44778806013367,56.5,50.0
2024,5,regular,,401633983,11.374650359182416,4.0,-31.0,0.8203463203463204,47.98798773934189,55.5,73.0
2024,5,regular,,401628378,33.36014707173968,37.0,22.0,0.9978354978354979,59.08597775504591,58.5,48.0
2024,5,regular,,401643795,10.284094611350442,11.0,-3.0,0.7943722943722944,49.549495267270885,51.5,57.0
2024,5,regular,,401634136,-13.004168283793597,-13.0,-17.0,0.15800865800865802,54.0825682602175,51.5,51.0
2024,5,regular,,401628633,6.953458858926574,14.0,42.0,0.6883116883116883,53.53293263673985,52.5,56.0
2024,5,regular,,401641018,0.18158885010397285,-1.75,-11.0,0.4588744588744589,54.40585010165766,45.5,37.0
2024,5,regular,,401645335,27.585957651092798,34.75,31.0,0.9913419913419913,46.907826782959276,52.25,51.0
2024,5,regular,,401628637,10.845362871512172,3.5,20.0,0.8138528138528138,55.70251223321793,46.5,70.0
2024,5,regular,,401633981,2.7765035172803514,4.0,4.0,0.5606060606060606,49.427693355380924,47.5,22.0
2024,5,regular,,401628639,22.84731515278786,24.0,14.0,0.9761904761904762,43.33063884459099,48.5,34.0
2024,5,regular,,401640981,0.47324355982643473,-2.0,7.0,0.47186147186147187,54.61000745134363,49.0,27.0
2024,5,regular,,401634048,-20.415454847801023,-17.5,-20.0,0.0670995670995671,59.63803072409135,59.5,54.0
2024,5,regular,,401643796,5.786300744638403,6.0,-4.0,0.6363636363636364,46.23823279817552,46.0,22.0
2024,5,regular,,401636881,-12.721310415802368,-16.5,-20.0,0.16017316017316016,39.45045359770975,43.0,20.0
2024,5,regular,,401645336,7.160562062212612,7.0,32.0,0.6926406926406926,67.80806051371245,65.5,72.0
2024,5,regular,,401654587,-8.775863576907254,-14.5,-21.0,0.22727272727272727,56.10520765381105,46.5,63.0
2024,5,regular,,401645333,6.4134279997851245,4.0,-1.0,0.6645021645021645,55.533402696273285,48.0,41.0
2024,5,regular,,401636390,-0.3606938025789684,-6.5,-29.0,0.44372294372294374,52.7635236144781,49.5,57.0
2024,5,regular,,401654666,15.056696425964544,8.5,3.0,0.9069264069264069,48.87063491295501,55.5,69.0
2024,5,regular,,401632107,16.04096512410056,17.5,20.0,0.922077922077922,51.50001211239632,51.5,48.0
2024,5,regular,,401635561,18.286081006661703,24.0,26.0,0.948051948051948,56.94284050518948,58.0,54.0
2024,5,regular,,401636383,-9.689975083528388,7.0,2.0,0.2077922077922078,53.91603655404241,53.5,70.0
2024,5,regular,,401632461,11.41064604950968,11.5,15.0,0.8203463203463204,57.34879071626479,56.5,75.0
2024,5,regular,,401628498,-18.73079831055265,-23.5,-31.0,0.08874458874458875,46.467687209049075,48.5,45.0
2024,5,regular,,401641025,25.557473234688477,27.0,17.0,0.987012987012987,63.53599922736794,61.5,31.0
2024,5,regular,,401628495,17.264993873267272,19.5,14.0,0.9415584415584416,47.29760084482193,48.5,28.0
2024,5,regular,,401628374,1.7035679746261891,-2.0,7.0,0.525974025974026,48.21981460465922,50.0,75.0
2024,5,regular,,401628376,13.20837984188478,21.0,32.0,0.8701298701298701,66.16300511675813,64.5,52.0
2024,5,regular,,401655617,8.33170237075528,13.5,-2.0,0.7380952380952381,47.40962305056594,49.5,54.0
2024,5,regular,,401635563,11.114113016751709,6.0,26.0,0.816017316017316,50.91180447544108,46.5,58.0
2024,5,regular,,401641035,4.563955009973356,-9.5,-10.0,0.6125541125541125,57.22121608666866,54.0,90.0
2024,5,regular,,401643718,-5.836692833261048,-4.0,12.0,0.2727272727272727,35.38236124447377,33.5,50.0
2024,5,regular,,401634049,-14.597231361568157,-16.5,-3.0,0.13636363636363635,61.50156639173062,58.5,101.0
2024,5,regular,,401636884,1.7549192386362906,3.0,3.0,0.525974025974026,60.09737210678503,60.0,85.0
2024,5,regular,,401643719,2.175075245817421,6.5,21.0,0.5432900432900433,70.53485709849303,66.0,69.0
2024,5,regular,,401634047,-11.087468494791793,-4.0,2.0,0.18181818181818182,46.74330208732846,48.5,54.0
2024,5,regular,,401636886,15.376843948565774,7.5,-13.0,0.9155844155844156,49.06916418472858,47.0,33.0
2024,5,regular,,401628500,-22.093444238053433,-23.5,-21.0,0.06277056277056277,49.9560333481586,54.0,47.0
2024,5,regular,,401638659,-11.836905120553114,12.5,-11.0,0.17316017316017315,62.12475382561442,55.5,85.0
2024,6,regular,,401643797,-7.3441504513605445,-14.5,-21.0,0.24558303886925795,59.72591689375339,56.0,55.0
2024,6,regular,,401641029,-13.746037052048198,-10.0,-20.0,0.14664310954063603,47.67934924294623,49.5,62.0
2024,6,regular,,401644598,0.8909315487709668,-1.5,5.0,0.4929328621908127,50.56322301508497,50.5,51.0
2024,6,regular,,401641001,-18.697604935734343,-17.5,-39.0,0.08833922261484099,51.279504467910854,49.5,87.0
2024,6,regular,,401636891,12.121855992526005,16.5,-11.0,0.8480565371024735,52.48532685940124,52.0,49.0
2024,6,regular,,401634779,11.42752967358884,5.5,-3.0,0.8321554770318021,60.02681030869138,55.5,85.0
2024,6,regular,,401628506,21.131019040677753,22.5,21.0,0.9681978798586572,49.41328165701628,53.0,41.0
2024,6,regular,,401635572,0.4925739774480942,-2.5,-10.0,0.4787985865724382,67.65201569449259,62.5,58.0
2024,6,regular,,401628646,8.67455910277281,13.0,-7.0,0.7508833922261484,56.45039072088849,58.5,77.0
2024,6,regular,,401654489,4.232308710123845,-1.5,17.0,0.6166077738515902,49.60562489395535,43.5,51.0
2024,6,regular,,401635638,5.320774737827904,4.0,-4.0,0.6554770318021201,56.483758197449056,52.5,64.0
2024,6,regular,,401635571,-0.6301997315459641,6.5,-7.0,0.42226148409893993,61.09061322948051,55.0,61.0
2024,6,regular,,401628383,-2.268570840198298,2.5,31.0,0.36395759717314485,49.511569443537304,47.5,51.0
2024,6,regular,,401628509,13.45672090357679,12.0,46.0,0.8710247349823321,50.566563912639566,44.5,58.0
2024,6,regular,,401628510,27.03062949521413,29.5,16.0,0.9858657243816255,42.2722180948451,47.5,38.0
2024,6,regular,,401629044,16.277756204975482,14.0,14.0,0.9257950530035336,51.63565791027185,41.0,54.0
2024,6,regular,,401635567,-3.2883884367715974,2.0,10.0,0.33568904593639576,52.49706595187757,52.5,38.0
2024,6,regular,,401643722,-13.69147688695209,-10.0,-27.0,0.14840989399293286,43.194144664472844,37.0,41.0
2024,6,regular,,401645339,-16.478660050585184,-13.5,-42.0,0.11307420494699646,50.28110696144937,50.5,56.0
2024,6,regular,,401654575,4.927543265844822,14.0,1.0,0.6413427561837456,58.955260585924485,50.5,45.0
2024,6,regular,,401628645,2.523202910848676,2.0,-21.0,0.5353356890459364,59.12598013436559,51.5,41.0
2024,6,regular,,401628640,-4.248283919691381,-5.5,-7.0,0.30918727915194344,64.99561081484408,63.5,77.0
2024,6,regular,,401638664,19.252282107278514,20.5,23.0,0.9575971731448764,60.87211338037905,58.5,61.0
2024,6,regular,,401654637,-7.2847553739177044,-3.0,-31.0,0.24734982332155478,49.67551897151405,55.5,45.0
2024,6,regular,,401638663,-13.80262580573582,-11.5,-24.0,0.14487632508833923,52.77203619610502,43.5,30.0
2024,6,regular,,401654509,-7.260599579871149,-2.5,-11.0,0.24734982332155478,47.161588384762254,45.5,45.0
2024,6,regular,,401654551,3.004724999278786,-3.5,7.0,0.5600706713780919,47.55618408620482,45.5,13.0
2024,6,regular,,401654625,-15.272151232316384,-17.5,-5.0,0.127208480565371,57.268827822601246,56.5,51.0
2024,6,regular,,401654654,0.22900467299443172,3.0,-21.0,0.4664310954063604,51.07746984684728,51.5,35.0
2024,6,regular,,401638665,17.03700302325229,14.5,34.0,0.9381625441696113,47.02237739246147,47.5,46.0
2024,6,regular,,401654589,10.33377315997485,4.5,26.0,0.8074204946996466,48.47367081679524,48.5,68.0
2024,6,regular,,401654472,0.8492905209361834,-3.0,3.0,0.48939929328621906,50.131297596115246,44.5,37.0
2024,6,regular,,401645338,-11.541526280342845,-19.5,-51.0,0.1855123674911661,54.642881533189495,52.0,91.0
2024,6,regular,,401628642,19.86218426294389,22.5,3.0,0.9593639575971732,58.347432774895026,50.5,37.0
2024,6,regular,,401628641,-2.7067909948526654,-7.5,-2.0,0.3480565371024735,49.935603809449624,50.5,90.0
2024,6,regular,,401634173,17.39988957744015,14.0,7.0,0.941696113074205,57.73207122416515,51.5,35.0
2024,6,regular,,401644741,-3.0645170594450732,-10.0,-3.0,0.3409893992932862,61.331065149933096,57.5,87.0
2024,6,regular,,401633986,3.6661246823486993,10.5,18.0,0.5954063604240283,55.77808586357355,53.5,52.0
2024,6,regular,,401633987,-0.5738027509520652,7.5,-4.0,0.42579505300353354,49.991166464327435,50.5,44.0
2024,6,regular,,401632109,-1.360437247505893,-9.5,-4.0,0.392226148409894,54.34606285884418,53.5,36.0
2024,6,regular,,401638667,10.713108174555638,10.5,10.0,0.8144876325088339,49.71236968385454,45.5,58.0
2024,6,regular,,401638343,-14.194055938903059,-12.5,-1.0,0.13780918727915195,56.20615976671513,45.5,33.0
2024,6,regular,,401654539,9.147596682218214,8.0,-2.0,0.7632508833922261,53.51503047369213,49.5,42.0
2024,6,regular,,401634153,7.867487911353616,13.0,4.0,0.7173144876325088,49.23383322015106,51.5,38.0
2024,6,regular,,401634193,-20.14962087277842,-27.5,-59.0,0.07597173144876325,56.530792719563536,51.5,59.0
2024,6,regular,,401633985,-11.314454153585007,-10.5,-11.0,0.19257950530035337,49.44379249491325,50.5,65.0
2024,6,regular,,401636356,7.139939499176518,14.5,10.0,0.7067137809187279,59.44083376046525,54.5,66.0
2024,6,regular,,401634053,12.110026496260604,13.0,-7.0,0.8480565371024735,56.312043693922206,53.5,103.0
2024,6,regular,,401638342,17.248896539749182,17.0,24.0,0.9399293286219081,51.59900961626488,50.5,30.0
2024,6,regular,,401636347,-3.6397135383092385,-7.5,-15.0,0.3339222614840989,47.293471294156,42.5,41.0
2024,6,regular,,401628381,20.7853912713946,21.0,18.0,0.9628975265017667,47.2123692997706,50.0,44.0
2024,6,regular,,401628503,-13.917957965938982,-12.5,-17.0,0.1431095406360424,52.17791473304506,40.5,65.0
2024,6,regular,,401628504,15.129575292378947,17.0,28.0,0.9045936395759717,44.7426929998735,46.0,42.0
2024,6,regular,,401628643,-12.351370227321175,-16.5,-18.0,0.16784452296819788,41.71527778577596,45.5,66.0
2024,6,regular,,401629033,19.03007766003446,17.5,9.0,0.9558303886925795,58.48607972033554,49.0,49.0
2024,6,regular,,401634201,11.791132582185293,14.5,24.0,0.842756183745583,62.78044449109261,60.5,58.0
2024,6,regular,,401635573,-9.620152532816558,-9.5,-24.0,0.21201413427561838,52.73928445743397,49.5,38.0
2024,6,regular,,401628382,-10.343276539879227,-10.0,-24.0,0.21024734982332155,58.841436798781174,53.0,30.0
2024,6,regular,,401644684,13.18425051607606,4.5,10.0,0.8657243816254417,41.44865553930566,43.5,50.0
2024,6,regular,,401644740,-15.458061866879568,-16.5,-7.0,0.12190812720848057,56.214518170273855,48.5,47.0
2024,6,regular,,401643799,4.97615207249613,3.0,15.0,0.6413427561837456,56.418020563247225,56.5,89.0
2024,6,regular,,401632462,0.9864663546895227,1.5,-7.0,0.49646643109540634,52.454901672342146,50.5,27.0
2024,6,regular,,401645340,-8.360783126064645,-9.5,31.0,0.2314487632508834,43.16047069063006,47.5,79.0
2024,6,regular,,401628647,-0.8791477701335257,-4.5,-31.0,0.4045936395759717,57.58584310201788,58.5,59.0
2024,6,regular,,401634054,38.11226666577008,37.5,38.0,1.0,48.95120713594741,53.5,72.0
2024,6,regular,,401632117,-2.8630095111632596,-3.0,7.0,0.3462897526501767,63.84768854361995,58.5,75.0
2024,6,regular,,401633984,5.364143948497461,14.0,-11.0,0.657243816254417,55.525956484701524,51.5,51.0
2024,6,regular,,401634055,-9.426193000951383,-10.5,-1.0,0.2137809187279152,60.98013050065309,60.5,53.0
2024,6,regular,,401638666,17.19828407320346,18.0,6.0,0.9381625441696113,62.69587422915668,54.5,48.0
2024,6,regular,,401628508,4.558756765054387,6.25,7.0,0.6307420494699647,43.14515374134679,40.0,21.0
2024,6,regular,,401636890,7.171181789788159,2.5,-24.0,0.7084805653710248,60.86566840592891,64.5,52.0
2024,6,regular,,401628384,-20.634215159740435,-23.0,5.0,0.07597173144876325,61.73194757520011,53.5,75.0
2024,6,regular,,401632108,5.403692105869617,10.0,46.0,0.6590106007067138,54.37127507127734,55.5,74.0
2024,6,regular,,401634052,9.523707128427928,10.5,6.0,0.7791519434628975,46.60285028113,52.5,40.0
2024,6,regular,,401634216,-20.964116728349897,-24.5,-38.0,0.07243816254416961,49.41576110927819,48.5,44.0
2024,6,regular,,401634253,18.28433957552279,15.0,7.0,0.9540636042402827,60.812379671175336,55.5,83.0
2024,6,regular,,401628644,-5.346154641735659,-4.5,7.0,0.284452296819788,50.414988731580365,51.5,61.0
2024,6,regular,,401643724,12.052223113912634,10.5,8.0,0.8480565371024735,47.27655094510012,47.0,70.0
2024,6,regular,,401643801,-15.199668565016102,-16.5,2.0,0.127208480565371,50.03571746821921,48.0,40.0
2024,6,regular,,401643723,24.464979446454393,28.0,32.0,0.9770318021201413,66.93853037697349,66.5,92.0
2024,6,regular,,401643798,7.564851978039851,4.0,8.0,0.7137809187279152,52.62527600947169,51.5,82.0
2024,6,regular,,401643802,-15.41949889488076,-17.5,-10.0,0.1254416961130742,56.85206351695739,57.5,36.0
2024,6,regular,,401634162,2.1348632989086007,2.5,-35.0,0.5282685512367491,54.45167001048078,50.5,55.0
2024,6,regular,,401654560,-4.566387333367795,-18.5,-44.0,0.2968197879858657,49.42563309381501,49.5,58.0
2024,6,regular,,401638361,15.228801606819976,23.5,28.0,0.9081272084805654,55.419496013325755,55.5,84.0
2024,6,regular,,401634031,-7.754791226727644,-10.5,21.0,0.23674911660777384,53.60230102396203,53.5,65.0
2024,6,regular,,401643800,-3.1029242818565477,-2.5,2.0,0.3392226148409894,61.58395092451212,62.5,34.0
2024,6,regular,,401635569,-11.241172810730731,-16.5,-16.0,0.19257950530035337,50.25675220611532,47.0,42.0
2024,6,regular,,401628379,-7.774124984554476,-14.0,5.0,0.23674911660777384,57.61614605129496,57.5,33.0
2024,6,regular,,401628505,-1.3244093247378286,1.5,10.0,0.39399293286219084,40.92427462878521,39.5,44.0
2024,6,regular,,401636889,12.039354349478785,13.0,22.0,0.8480565371024735,46.406217649891474,45.0,64.0
2024,6,regular,,401628507,-5.383622438444358,-8.5,7.0,0.2826855123674912,53.01930401406746,45.5,41.0
2024,6,regular,,401643726,7.071539867887841,7.0,4.0,0.7031802120141343,51.13599259305039,51.5,66.0
2024,6,regular,,401628380,-4.588855555221645,-1.0,11.0,0.2968197879858657,62.19474469301779,62.0,37.0
2024,6,regular,,401643725,-3.417928893118313,1.5,3.0,0.3339222614840989,43.07503174551497,47.5,51.0
2024,6,regular,,401632112,-1.5455135486939517,1.5,-1.0,0.3869257950530035,53.17761916495337,54.5,75.0
2024,6,regular,,401634051,-1.085272980389218,-3.5,-3.0,0.39752650176678445,54.94812652252773,53.5,79.0
2024,6,regular,,401675117,24.112697946790835,35.0,42.0,0.9770318021201413,57.302664853303575,52.5,76.0
2024,6,regular,,401635570,0.562665820473365,10.0,10.0,0.48056537102473496,50.593454931735515,52.5,38.0
2024,6,regular,,401636888,0.6597507455791827,2.5,4.0,0.4840989399293286,49.99473529436479,50.0,66.0
2024,6,regular,,401635568,-11.383430743041455,-10.0,-1.0,0.19257950530035337,55.68670234443303,54.0,77.0
2024,6,regular,,401636887,1.415427985560762,6.0,-6.0,0.5070671378091873,62.92839161319052,63.5,50.0
2024,7,regular,,401640982,15.42579520533017,15.5,7.0,0.9043348281016442,55.73100060582989,55.5,55.0
2024,7,regular,,401641002,14.302765067689315,21.0,41.0,0.8849028400597907,59.42437232088642,58.5,67.0
2024,7,regular,,401643803,7.208437489979454,7.0,32.0,0.7144992526158446,61.82671864785184,59.0,46.0
2024,7,regular,,401641030,23.628517660017785,19.0,27.0,0.9715994020926756,53.504061817282775,55.5,61.0
2024,7,regular,,401641009,4.566556678763144,5.0,27.0,0.6263079222720478,50.24357457327612,47.5,69.0
2024,7,regular,,401644599,-11.857781454051288,-8.5,-18.0,0.16143497757847533,54.372728732719835,51.5,58.0
2024,7,regular,,401628513,14.03704454910341,11.0,-27.0,0.8834080717488789,47.22787560744787,45.0,47.0
2024,7,regular,,401643733,-22.641835846165343,-18.5,-16.0,0.052316890881913304,70.68021305696233,67.0,84.0
2024,7,regular,,401636357,-2.0758480064445988,-8.5,4.0,0.3976083707025411,64.28280967305741,58.5,38.0
2024,7,regular,,401636892,-2.062200214386463,-5.5,8.0,0.3976083707025411,43.27662316731553,46.5,46.0
2024,7,regular,,401628517,2.4310812002248126,1.25,-35.0,0.5485799701046338,43.60718523307776,43.5,49.0
2024,7,regular,,401628389,-24.071573505612477,-27.0,-42.0,0.04484304932735426,55.22104506886245,53.5,48.0
2024,7,regular,,401644743,-7.969062535180519,-3.0,-2.0,0.23318385650224216,65.98064435070617,58.0,72.0
2024,7,regular,,401628512,1.7471374384067098,2.5,24.0,0.5186846038863976,38.46835800842825,41.5,56.0
2024,7,regular,,401628385,15.636013041492774,21.0,2.0,0.9133034379671151,55.716396080750954,50.0,52.0
2024,7,regular,,401644745,-14.339935741531932,-10.5,15.0,0.13153961136023917,47.32295311432564,44.5,45.0
2024,7,regular,,401638669,-1.2742636487585792,1.5,2.0,0.4170403587443946,57.59319015190816,57.5,30.0
2024,7,regular,,401654490,-6.8711065596484175,-14.5,-18.0,0.2645739910313901,47.1440893326853,45.5,30.0
2024,7,regular,,401638671,-9.637638511466285,-7.0,-7.0,0.21076233183856502,54.83987670202094,48.5,71.0
2024,7,regular,,401654576,11.122409542961433,16.5,18.0,0.8116591928251121,60.66870839244855,57.5,58.0
2024,7,regular,,401654590,-4.813300879014375,-3.0,-31.0,0.3094170403587444,49.10871041927127,49.5,45.0
2024,7,regular,,401645342,25.71071765400081,27.0,34.0,0.976083707025411,52.76326107906778,55.5,54.0
2024,7,regular,,401635577,0.20384010810367587,-3.5,-7.0,0.4633781763826607,61.009393197401934,60.5,75.0
2024,7,regular,,401654473,-2.155844349343054,-3.0,-1.0,0.39461883408071746,53.073448250182395,47.5,87.0
2024,7,regular,,401654596,6.190569436520524,9.5,24.0,0.6816143497757847,48.54785327167645,47.5,38.0
2024,7,regular,,401635576,-17.299919224152394,-21.0,-35.0,0.09865470852017937,59.7568126906789,63.0,63.0
2024,7,regular,,401654626,10.693182223984607,13.5,-17.0,0.8011958146487295,53.22236519473394,50.5,17.0
2024,7,regular,,401673031,6.282289090919788,7.5,7.0,0.6846038863976084,46.793600241664606,45.5,35.0
2024,7,regular,,401654651,9.747143086723305,19.0,10.0,0.7742899850523169,55.639179536894254,53.5,52.0
2024,7,regular,,401634174,-1.0882299211679434,6.5,4.0,0.42301943198804187,53.61358927084444,46.5,58.0
2024,7,regular,,401628649,-4.0859976038914185,-7.0,-7.0,0.32585949177877427,59.088908289223895,54.5,41.0
2024,7,regular,,401634163,2.77329463344379,2.5,-34.0,0.5635276532137519,53.45607205398983,53.5,48.0
2024,7,regular,,401654638,19.011048170845655,16.5,3.0,0.953662182361734,53.48615908887086,56.5,35.0
2024,7,regular,,401628653,6.275562532200172,3.5,10.0,0.6831091180866966,55.44495198006646,57.5,52.0
2024,7,regular,,401628650,18.518360266467536,19.5,23.0,0.9476831091180867,54.80128183617701,55.5,65.0
2024,7,regular,,401634154,16.871791094002074,17.5,15.0,0.9342301943198804,47.025906063691316,43.5,47.0
2024,7,regular,,401638670,2.330091314868497,-2.5,7.0,0.5426008968609866,57.196461540179925,51.5,21.0
2024,7,regular,,401633988,5.828438348581488,8.5,15.0,0.6711509715994021,45.324227790035025,47.5,43.0
2024,7,regular,,401632463,-5.695607801501689,-6.5,-31.0,0.2944693572496263,51.115561311204374,47.5,51.0
2024,7,regular,,401628651,-6.735078900156444,1.0,-7.0,0.26756352765321373,49.00043312275407,51.5,27.0
2024,7,regular,,401638668,-3.8790494560988344,2.5,10.0,0.3303437967115097,48.441176181886526,44.5,44.0
2024,7,regular,,401628652,-13.131205680285152,-18.0,-5.0,0.14349775784753363,44.13600747933471,48.5,51.0
2024,7,regular,,401644685,1.7001180589290252,-3.0,-24.0,0.5171898355754858,41.49807470527143,45.5,52.0
2024,7,regular,,401638344,16.701641712572343,17.5,14.0,0.929745889387145,50.68022259624894,56.5,46.0
2024,7,regular,,401654564,23.095166192158906,21.5,25.0,0.968609865470852,46.711795898874556,49.5,59.0
2024,7,regular,,401654499,12.415040149300875,7.5,23.0,0.8565022421524664,53.701223552150665,49.5,23.0
2024,7,regular,,401636384,11.519034602420245,4.5,-2.0,0.828101644245142,56.09455996925442,53.5,32.0
2024,7,regular,,401634208,-22.975148893373305,-22.5,-21.0,0.04932735426008968,59.316703038543494,55.5,27.0
2024,7,regular,,401634217,23.686993895615682,33.0,50.0,0.9715994020926756,59.890164529278564,55.5,76.0
2024,7,regular,,401654513,0.7481750947558882,2.5,-8.0,0.484304932735426,42.98143954375822,41.5,56.0
2024,7,regular,,401634254,-0.29666583852728456,3.5,44.0,0.452914798206278,64.1326456791553,56.5,68.0
2024,7,regular,,401634030,-5.446871567920854,-11.5,-21.0,0.3004484304932735,58.05410568116821,51.5,63.0
2024,7,regular,,401644744,1.4145310650462322,3.0,-10.0,0.5037369207772795,50.52899310559263,46.5,24.0
2024,7,regular,,401636895,3.610818336728731,2.5,-6.0,0.5979073243647235,59.15947345439528,58.0,32.0
2024,7,regular,,401628511,16.71451284751133,22.5,1.0,0.929745889387145,52.59652843410636,47.0,99.0
2024,7,regular,,401628981,25.326072026384143,22.5,42.0,0.9745889387144993,48.04623863842586,45.5,56.0
2024,7,regular,,401628390,-12.169303339281644,-17.0,-31.0,0.15844544095665172,55.090632852195775,49.0,37.0
2024,7,regular,,401643805,-2.20149541589569,3.0,-7.0,0.3931240657698057,52.0479176699225,53.5,35.0
2024,7,regular,,401643732,0.9593184871348459,1.5,-3.0,0.49177877428998507,42.944826023825705,43.0,51.0
2024,7,regular,,401628516,-7.238271379314353,-3.5,-3.0,0.25112107623318386,52.40926941370063,52.0,63.0
2024,7,regular,,401635578,-6.52966037657377,-7.0,-4.0,0.27204783258594917,53.416795498633526,54.0,44.0
2024,7,regular,,401634147,19.79984991488373,13.0,27.0,0.9581464872944694,46.92492112320905,45.5,41.0
2024,7,regular,,401645341,-9.302003223413072,-10.0,-18.0,0.21823617339312407,63.87546538149597,61.0,24.0
2024,7,regular,,401643729,-6.336477811321156,2.5,7.0,0.28101644245142005,56.069551270181876,55.5,55.0
2024,7,regular,,401634137,4.579752142538841,9.5,3.0,0.6278026905829597,47.67875405336788,52.5,59.0
2024,7,regular,,401644742,12.42277956042191,9.5,10.0,0.8565022421524664,60.756019838860894,48.5,58.0
2024,7,regular,,401635575,5.48012056013873,3.5,2.0,0.6621823617339312,58.307794040529615,57.5,32.0
2024,7,regular,,401634099,3.7166627294857006,12.5,11.0,0.6038863976083707,61.74162377458812,57.5,51.0
2024,7,regular,,401675118,-6.9745298536947145,-7.5,-7.0,0.2645739910313901,48.93276942081545,50.5,47.0
2024,7,regular,,401633990,5.384244731398656,13.0,31.0,0.6576980568011959,54.074872714205874,56.5,37.0
2024,7,regular,,401678917,-0.7376881470318625,3.5,21.0,0.4334828101644245,51.16796236622355,55.5,63.0
2024,7,regular,,401636893,10.107296634443784,2.5,22.0,0.7802690582959642,49.86989084318316,48.5,60.0
2024,7,regular,,401633991,-16.783341627771673,-21.5,-28.0,0.1031390134529148,65.82711410596616,60.5,62.0
2024,7,regular,,401644746,-4.9474300680496075,-3.0,-2.0,0.3094170403587444,51.59851025840612,50.5,52.0
2024,7,regular,,401628386,31.040427356061663,34.0,10.0,0.9895366218236173,53.043787121237706,53.5,72.0
2024,7,regular,,401632136,19.17008090979729,23.5,1.0,0.9551569506726457,55.35256065575908,57.5,67.0
2024,7,regular,,401643807,9.742969969089259,4.5,17.0,0.7742899850523169,41.72930827078283,41.0,59.0
2024,7,regular,,401634058,1.954662778236376,7.0,-4.0,0.5216741405082213,67.74935277195215,65.5,80.0
2024,7,regular,,401633989,3.358700981477318,-2.5,24.0,0.5844544095665172,49.52120355340332,48.5,58.0
2024,7,regular,,401634056,14.134840485228803,17.0,46.0,0.8834080717488789,51.25466877436254,50.5,66.0
2024,7,regular,,401645344,-3.5995592432954684,-3.5,2.0,0.3393124065769806,55.425321698999,51.0,56.0
2024,7,regular,,401632114,23.859688484889602,24.0,42.0,0.9715994020926756,60.97673008006275,58.5,42.0
2024,7,regular,,401628391,10.169716689675447,14.0,6.0,0.7832585949177877,55.110824179408525,55.5,40.0
2024,7,regular,,401645343,-4.787756528671069,-5.5,-4.0,0.3094170403587444,62.76857638388347,58.5,78.0
2024,7,regular,,401632113,-13.94796373132602,-7.5,13.0,0.13901345291479822,60.75979477577239,58.5,81.0
2024,7,regular,,401643727,-1.7426750009984748,7.0,15.0,0.40657698056801195,54.23019524210643,56.0,89.0
2024,7,regular,,401643730,-3.4729045399422858,-3.5,-8.0,0.34379671150971597,64.25354780142209,60.5,42.0
2024,7,regular,,401634019,3.5682984047094477,3.5,45.0,0.5964125560538116,58.024427055996114,58.5,65.0
2024,7,regular,,401643808,13.309969496640692,13.5,32.0,0.8699551569506726,63.887848484480045,66.0,50.0
2024,7,regular,,401654547,6.443442417643761,-1.5,-3.0,0.6920777279521674,49.68478041273231,45.5,41.0
2024,7,regular,,401628388,-8.551727085731788,-4.0,3.0,0.22720478325859492,61.495120506793086,64.5,55.0
2024,7,regular,,401643806,10.395325622342169,10.0,10.0,0.7907324364723468,63.94802938731358,64.0,58.0
2024,7,regular,,401643731,-4.785528789511208,-3.0,5.0,0.3094170403587444,48.72735838025868,47.0,79.0
2024,7,regular,,401628515,-3.647346733886626,-3.5,1.0,0.33781763826606875,53.730009638322954,54.5,63.0
2024,7,regular,,401628387,9.999688110688677,12.5,-7.0,0.7802690582959642,52.391046657195616,44.5,33.0
2024,7,regular,,401643804,0.913128141491981,1.0,1.0,0.4872944693572496,60.25764347620502,58.0,47.0
2024,7,regular,,401634101,21.691578373026996,27.0,-4.0,0.9671150971599403,50.331990524439604,51.5,38.0
2024,7,regular,,401635574,-3.6459746990697246,-1.0,-7.0,0.33781763826606875,59.56614590585422,51.5,41.0
2024,7,regular,,401636896,-4.056026034929989,-3.0,-12.0,0.32585949177877427,50.496870370384855,54.0,44.0
2024,7,regular,,401628514,-9.24818688383048,-3.5,-4.0,0.21973094170403587,39.387101866212866,39.0,38.0
2024,7,regular,,401634057,10.949729052199093,11.5,-7.0,0.8071748878923767,61.167088046491806,65.5,63.0
2024,7,regular,,401636894,-4.761809763249863,-3.5,-3.0,0.3094170403587444,55.377157522896844,55.0,59.0
2024,7,regular,,401634100,3.6125565133449964,9.5,31.0,0.5979073243647235,50.448837912633216,54.5,45.0
2024,7,regular,,401643728,-18.266278022173033,-21.0,-21.0,0.09417040358744394,60.558100984619955,60.0,35.0
2024,8,regular,,401643809,6.485243850615124,10.0,16.0,0.7006451612903226,50.785294063145024,53.0,34.0
2024,8,regular,,401641019,13.801626577436267,8.5,9.0,0.8670967741935484,52.69059493738388,50.0,19.0
2024,8,regular,,401641010,-7.349610989712689,-12.5,3.0,0.25161290322580643,50.247957763457066,48.5,63.0
2024,8,regular,,401641038,-1.20964198586599,1.5,-17.0,0.432258064516129,54.13669990609042,55.0,45.0
2024,8,regular,,401640983,-7.487427000329597,-7.0,9.0,0.24903225806451612,51.03573266050022,47.0,51.0
2024,8,regular,,401643810,8.566090994402627,9.5,15.0,0.7612903225806451,51.84316138125256,51.5,55.0
2024,8,regular,,401634768,6.430835891327243,8.5,21.0,0.6941935483870968,49.92514468452404,47.5,63.0
2024,8,regular,,401654457,2.1268192687309413,2.5,12.0,0.5367741935483871,54.64762902907516,49.5,46.0
2024,8,regular,,401634769,4.272826780432444,2.5,7.0,0.632258064516129,39.13304827895466,43.0,39.0
2024,8,regular,,401628523,-28.37222039216921,-29.5,-35.0,0.027096774193548386,64.02233710827922,61.0,35.0
2024,8,regular,,401636898,7.193076260016373,8.5,3.0,0.7212903225806452,54.61452564436438,53.0,73.0
2024,8,regular,,401643735,-1.972701207769911,-3.0,-3.0,0.40903225806451615,51.663727063344496,50.0,45.0
2024,8,regular,,401629034,7.622711507706388,-2.5,-3.0,0.7316129032258064,59.80997191952498,55.5,43.0
2024,8,regular,,401628395,9.1413029018645,3.5,4.0,0.7729032258064517,47.850045607299506,49.5,38.0
2024,8,regular,,401636899,3.120690088498757,5.0,10.0,0.5806451612903226,52.49766796888217,51.0,38.0
2024,8,regular,,401644600,4.88220913963732,6.5,1.0,0.6503225806451612,50.60607724284347,53.5,69.0
2024,8,regular,,401628522,-9.852663508751684,-9.5,-20.0,0.2064516129032258,39.864748462778536,42.5,26.0
2024,8,regular,,401628519,5.73168352784245,6.5,49.0,0.6709677419354839,50.0736404496151,48.0,63.0
2024,8,regular,,401635588,16.702495251528784,20.0,17.0,0.92,55.93585789067359,57.5,79.0
2024,8,regular,,401628524,6.809499105883976,4.25,-3.0,0.7083870967741935,43.20779491731946,42.5,67.0
2024,8,regular,,401635589,-5.165765896336137,-4.5,-7.0,0.3006451612903226,61.306274277357886,61.0,97.0
2024,8,regular,,401654647,0.5553029607573863,-3.5,14.0,0.49032258064516127,41.22356938980632,44.5,14.0
2024,8,regular,,401654597,4.533209327077765,2.5,14.0,0.64,44.65491279271568,46.5,76.0
2024,8,regular,,401645346,19.312305279739043,17.5,17.0,0.9483870967741935,43.36407573536964,54.5,73.0
2024,8,regular,,401654618,0.7395430480992888,7.0,15.0,0.49548387096774194,62.943965544017516,54.5,61.0
2024,8,regular,,401634034,24.86487730261649,30.0,20.0,0.9703225806451613,60.967507587932104,54.5,20.0
2024,8,regular,,401643811,-0.09052926257641519,-6.5,-10.0,0.4670967741935484,60.29897971658864,57.0,58.0
2024,8,regular,,401654627,13.995378960048173,17.0,14.0,0.8709677419354839,46.925317511653034,44.5,48.0
2024,8,regular,,401628396,3.858159398414146,-1.0,-26.0,0.6206451612903225,50.363221758118684,40.5,44.0
2024,8,regular,,401628656,-6.077282920581721,-1.5,-42.0,0.27483870967741936,62.29961328199275,58.5,76.0
2024,8,regular,,401628655,-14.31109704841938,-13.5,28.0,0.1393548387096774,49.05730051100173,50.5,42.0
2024,8,regular,,401628659,6.86197143706897,5.0,-17.0,0.7083870967741935,51.103523079479885,51.5,35.0
2024,8,regular,,401654643,-5.866058861765405,-1.5,10.0,0.28,44.697784027008375,48.5,66.0
2024,8,regular,,401654507,5.177643355379662,-1.5,-13.0,0.6606451612903226,60.39490786879567,58.5,55.0
2024,8,regular,,401654612,16.078675482728745,17.5,20.0,0.9083870967741936,50.050464758341874,49.5,76.0
2024,8,regular,,401628657,7.5453319255189015,10.0,-28.0,0.7290322580645161,49.76120834426228,52.5,76.0
2024,8,regular,,401638673,9.656211175650368,5.5,-7.0,0.7858064516129032,44.49478070184588,44.5,35.0
2024,8,regular,,401638674,-16.04116088759019,-11.5,-3.0,0.11870967741935484,55.25608076449143,48.5,35.0
2024,8,regular,,401638676,20.638778170655137,18.5,22.0,0.9574193548387097,56.597620875930275,58.5,118.0
2024,8,regular,,401654474,8.731259790217372,12.5,4.0,0.7625806451612903,53.730838007744694,50.5,36.0
2024,8,regular,,401654491,0.6312382083121669,3.5,-6.0,0.4916129032258065,47.17411586229929,45.5,40.0
2024,8,regular,,401632464,14.287348655143925,15.5,32.0,0.8774193548387097,44.95679843496222,44.5,42.0
2024,8,regular,,401633993,11.829732871472261,2.5,7.0,0.8374193548387097,50.32424919084964,50.5,77.0
2024,8,regular,,401638346,-1.939109630422967,-4.0,-3.0,0.4103225806451613,50.114879572228816,47.5,23.0
2024,8,regular,,401638345,-3.1496340579241857,-6.5,-32.0,0.3664516129032258,53.80298683099733,55.5,72.0
2024,8,regular,,401645351,-0.4190109155672093,3.0,10.0,0.4567741935483871,57.09266304909619,51.5,30.0
2024,8,regular,,401634202,14.505250098243547,16.0,24.0,0.88,53.780318264635426,55.5,38.0
2024,8,regular,,401644750,4.583115103603739,3.5,4.0,0.6412903225806451,57.02113822007381,52.5,72.0
2024,8,regular,,401636366,-10.127313368194738,-8.5,-10.0,0.20516129032258065,60.962074843766324,52.5,30.0
2024,8,regular,,401636358,12.487139732509402,13.0,10.0,0.8451612903225807,59.66352649326202,58.5,52.0
2024,8,regular,,401634148,-13.644342552306632,-9.0,20.0,0.14967741935483872,44.964533546062036,49.5,90.0
2024,8,regular,,401634175,21.233424509292842,27.0,25.0,0.9612903225806452,48.855941081398214,50.5,67.0
2024,8,regular,,401634164,-11.486656330745141,-19.5,-8.0,0.17806451612903226,58.25641093364493,54.5,72.0
2024,8,regular,,401628654,11.096206957535687,17.0,7.0,0.8232258064516129,54.97426238510265,57.5,63.0
2024,8,regular,,401628397,-4.4896634262697,-3.5,7.0,0.3135483870967742,57.36182181319839,57.5,41.0
2024,8,regular,,401643736,15.588581824169843,18.5,32.0,0.9019354838709678,55.71242718733315,55.5,52.0
2024,8,regular,,401655635,-0.3679704397726231,-2.5,-13.0,0.4567741935483871,49.267303761443316,51.5,41.0
2024,8,regular,,401644686,4.884845910749305,3.5,10.0,0.6503225806451612,37.643956315691284,43.5,50.0
2024,8,regular,,401644749,2.863429802446099,-1.5,-7.0,0.567741935483871,53.69011264860269,49.5,89.0
2024,8,regular,,401644751,-0.3791462707495883,3.0,-7.0,0.4567741935483871,47.41792036205955,42.5,19.0
2024,8,regular,,401645345,10.103629585235481,14.0,10.0,0.8,61.11404274202003,55.5,60.0
2024,8,regular,,401643813,-8.529945896304952,-10.5,10.0,0.22580645161290322,60.01179772116902,60.0,38.0
2024,8,regular,,401645347,19.27689586267889,16.5,34.0,0.9483870967741935,53.678585833587704,57.5,68.0
2024,8,regular,,401628661,4.792027466656155,2.5,-16.0,0.6477419354838709,46.91519122346685,45.5,44.0
2024,8,regular,,401645348,4.7724180844800035,4.0,14.0,0.6477419354838709,52.221385915626996,52.5,62.0
2024,8,regular,,401628982,-13.381409354999242,-14.0,-18.0,0.15354838709677418,54.39767039874792,49.5,44.0
2024,8,regular,,401636375,1.2530050473858712,4.0,14.0,0.512258064516129,55.0622901320295,51.5,56.0
2024,8,regular,,401628518,-5.434134850930969,-6.0,14.0,0.2903225806451613,47.14814148366386,44.0,28.0
2024,8,regular,,401644748,25.119453691367813,24.0,21.0,0.9716129032258064,59.99547849353189,54.5,33.0
2024,8,regular,,401645350,19.29160058163627,21.5,14.0,0.9483870967741935,59.17884675134897,53.0,34.0
2024,8,regular,,401628658,-8.952374202901343,-10.5,19.0,0.22193548387096773,54.31013769166589,54.5,37.0
2024,8,regular,,401635587,9.767692647169966,9.5,-1.0,0.7870967741935484,51.400402012352465,46.0,47.0
2024,8,regular,,401636901,3.5638924242099757,4.5,28.0,0.6025806451612903,43.10150035171901,45.5,56.0
2024,8,regular,,401634102,23.751206365370273,22.0,5.0,0.9703225806451613,49.97534234400683,53.5,63.0
2024,8,regular,,401634104,11.122435346293186,7.5,4.0,0.8232258064516129,56.5220823978223,59.5,56.0
2024,8,regular,,401643738,12.556969839239887,13.0,10.0,0.8464516129032258,52.815804444104174,53.0,38.0
2024,8,regular,,401633994,-11.764908111072272,-10.0,16.0,0.17290322580645162,61.043959135567164,60.5,58.0
2024,8,regular,,401632134,-16.25929890635323,-15.5,-6.0,0.1135483870967742,57.31122911791253,56.5,20.0
2024,8,regular,,401628521,-5.815154666842646,-6.5,1.0,0.2812903225806452,59.02992543343248,56.0,57.0
2024,8,regular,,401636897,-5.559233942961677,2.5,-27.0,0.28774193548387095,57.93676819813449,57.5,41.0
2024,8,regular,,401643737,0.46457755379775434,-1.0,-5.0,0.48774193548387096,78.932196115676,78.5,95.0
2024,8,regular,,401643812,-10.132117100873247,-9.5,14.0,0.20516129032258065,58.512107918376245,58.5,42.0
2024,8,regular,,401632137,4.566345896843134,7.5,14.0,0.64,61.63943745890701,58.5,54.0
2024,8,regular,,401633992,-22.911129262780168,-19.0,-13.0,0.05161290322580645,45.35988245301242,45.5,39.0
2024,8,regular,,401636902,4.079411516480283,4.5,-24.0,0.6258064516129033,63.2627078493029,56.0,94.0
2024,8,regular,,401634105,-23.465722534113457,-21.5,-30.0,0.05032258064516129,64.15494709879782,63.5,58.0
2024,8,regular,,401628394,-17.24441088709034,-21.0,-10.0,0.09935483870967741,55.62973303406113,55.5,58.0
2024,8,regular,,401634033,-5.658620290270163,-6.5,-9.0,0.28516129032258064,47.00728350265405,46.5,49.0
2024,8,regular,,401675119,-5.197223418046853,-3.0,1.0,0.29935483870967744,50.74226635485264,55.5,47.0
2024,8,regular,,401634022,13.969991650440102,14.5,13.0,0.8683870967741936,59.14344598883913,59.5,47.0
2024,8,regular,,401638675,17.771090493960585,16.5,28.0,0.9316129032258065,57.633582238378565,50.5,40.0
2024,8,regular,,401634248,-16.84016321895353,-23.5,-10.0,0.1032258064516129,60.86902572873015,57.5,44.0
2024,8,regular,,401643814,-6.160967101892837,-7.0,-16.0,0.27483870967741936,50.50919866980246,56.5,72.0
2024,8,regular,,401654561,1.7756760270911915,2.5,10.0,0.5277419354838709,47.85161554017671,44.5,38.0
2024,8,regular,,401628392,-5.74568026401095,-3.0,-24.0,0.28258064516129033,57.82809506331191,57.0,44.0
2024,8,regular,,401628399,20.1608900789115,27.5,10.0,0.952258064516129,64.99192342059891,57.5,38.0
2024,8,regular,,401634103,-3.5416006251540955,-4.0,-10.0,0.3470967741935484,60.39983273899753,61.5,86.0
2024,8,regular,,401628398,5.698425928997395,4.0,-15.0,0.6709677419354839,51.68282266159875,57.0,45.0
2024,8,regular,,401636900,11.067830752753759,13.0,3.0,0.8232258064516129,47.834623796862004,49.5,73.0
2024,8,regular,,401645349,10.903623285947027,10.5,8.0,0.8180645161290323,67.5247948439799,67.5,96.0
2024,8,regular,,401636904,-4.337139110839209,-2.5,-27.0,0.32,54.615836200643855,56.0,63.0
2024,8,regular,,401628520,-9.174588936657042,-6.5,12.0,0.21548387096774194,39.18495101398494,39.5,52.0
2024,8,regular,,401628393,-0.2721205409374088,-2.5,28.0,0.46064516129032257,43.115124963651205,42.5,68.0
2024,8,regular,,401635590,-19.5604108060023,-16.5,-30.0,0.0696774193548387,57.17833164380846,52.5,50.0
2024,8,regular,,401643734,-5.471581561851787,-6.0,-8.0,0.28903225806451616,43.47828782677738,44.0,34.0
2024,8,regular,,401634209,-1.2996728675657472,-1.5,4.0,0.4296774193548387,57.31243104764584,52.5,22.0
2024,8,regular,,401634106,4.82364389173812,5.0,3.0,0.6477419354838709,52.941164835506896,56.5,99.0
2024,8,regular,,401643739,-6.214325491445941,-6.5,-8.0,0.27225806451612905,64.29672823914976,61.5,58.0
2024,8,regular,,401636903,3.9898348145193534,3.0,-6.0,0.6245161290322581,54.15930737290872,51.5,20.0
2024,9,regular,,401640984,-9.713401068341945,-5.0,-3.0,0.20316027088036118,49.6559665428864,47.0,17.0
2024,9,regular,,401641011,6.194462758345993,6.5,4.0,0.6873589164785553,52.662213737639604,49.0,24.0
2024,9,regular,,401640993,-31.487624251057568,-27.0,3.0,0.02144469525959368,50.26451985154314,48.0,51.0
2024,9,regular,,401641003,15.98746462358865,20.5,22.0,0.909706546275395,61.06301284263158,64.5,62.0
2024,9,regular,,401643815,-0.17416550145144027,-1.0,28.0,0.4616252821670429,52.289052842371504,51.5,66.0
2024,9,regular,,401634770,5.190155186713858,5.0,28.0,0.6489841986455982,58.958204229991935,62.5,54.0
2024,9,regular,,401673036,2.0490331155117056,3.0,-21.0,0.5406320541760722,56.59921737066743,51.5,41.0
2024,9,regular,,401634771,-5.144715968957095,-7.0,-4.0,0.31038374717832956,53.961077784311456,54.0,58.0
2024,9,regular,,401643740,-1.6582613872013265,-4.0,-5.0,0.4040632054176072,70.89100825308219,64.0,53.0
2024,9,regular,,401628532,12.320810991707589,13.75,22.0,0.8521444695259593,56.641747832959226,56.25,62.0
2024,9,regular,,401654577,-6.133588924105218,-2.5,3.0,0.2799097065462754,50.09512066067663,49.5,45.0
2024,9,regular,,401656951,1.9712076087779844,7.5,17.0,0.5372460496613995,54.902954534437114,48.5,45.0
2024,9,regular,,401654613,5.692240352439532,2.5,34.0,0.6693002257336343,52.11673201329799,48.5,68.0
2024,9,regular,,401644755,3.0907810102084143,4.0,31.0,0.5756207674943566,45.59618354248825,46.5,63.0
2024,9,regular,,401654458,3.8880156934752916,3.5,2.0,0.6038374717832957,56.67910201441552,56.5,44.0
2024,9,regular,,401638679,14.320249521065342,14.5,-8.0,0.8781038374717833,40.816418307703536,44.5,20.0
2024,9,regular,,401628983,-13.436021042390498,-14.0,-37.0,0.154627539503386,53.154875827450596,50.5,65.0
2024,9,regular,,401645353,19.636178579307746,17.0,5.0,0.945823927765237,57.22225703532659,56.0,61.0
2024,9,regular,,401635597,8.81699986247001,11.0,15.0,0.7708803611738149,55.387331106094194,52.0,27.0
2024,9,regular,,401628402,14.78479121998821,19.5,12.0,0.8860045146726863,54.20658170022686,50.0,40.0
2024,9,regular,,401654619,8.089027780045223,8.5,14.0,0.7494356659142212,55.500521514255425,51.5,52.0
2024,9,regular,,401635598,1.6654831563658283,3.5,-27.0,0.5214446952595937,61.81370850378737,58.5,55.0
2024,9,regular,,401628526,11.288958376376138,5.5,14.0,0.837471783295711,56.626109297616466,54.0,48.0
2024,9,regular,,401645354,-7.842374031649273,-7.5,-8.0,0.2381489841986456,70.9558047829524,70.5,82.0
2024,9,regular,,401628663,-13.271037810083222,-16.0,-27.0,0.15688487584650113,54.078519637241364,52.5,55.0
2024,9,regular,,401638682,1.864493889547337,-1.0,-3.0,0.5316027088036117,53.40038491311458,47.5,31.0
2024,9,regular,,401628530,22.824616889653683,25.0,4.0,0.9661399548532731,42.9938883369138,48.5,38.0
2024,9,regular,,401628403,-6.819928770321346,-7.5,-33.0,0.26297968397291194,56.259987428114265,55.0,83.0
2024,9,regular,,401643816,3.7097141054172162,7.5,7.0,0.6027088036117382,60.17733186534697,59.0,59.0
2024,9,regular,,401638678,-1.055540587970427,-1.0,-10.0,0.4198645598194131,59.42465613833165,58.5,86.0
2024,9,regular,,401638680,-2.9713347287500245,-4.5,-28.0,0.36794582392776526,58.926345709344275,55.5,56.0
2024,9,regular,,401628667,11.878515895172256,9.5,-12.0,0.8442437923250564,67.69811524897409,62.5,40.0
2024,9,regular,,401628666,5.261991250957621,4.5,10.0,0.6512415349887133,51.44154526967009,49.5,38.0
2024,9,regular,,401634176,-8.578362700850947,-9.5,3.0,0.22460496613995484,49.81720674180802,47.5,37.0
2024,9,regular,,401654591,-21.994086372687164,-21.0,-14.0,0.05417607223476298,56.86011814394409,51.5,82.0
2024,9,regular,,401654628,-1.881382054040309,-2.5,-6.0,0.4018058690744921,51.73007258520041,52.5,62.0
2024,9,regular,,401654492,1.6204175763420794,3.5,-3.0,0.5169300225733634,48.236315934812396,,45.0
2024,9,regular,,401644687,11.171325785040512,10.5,39.0,0.8340857787810384,49.969520959582454,48.5,53.0
2024,9,regular,,401632116,9.369117596504832,-10.5,11.0,0.7799097065462754,54.726269415691604,55.5,45.0
2024,9,regular,,401654552,-3.167182381802563,1.0,1.0,0.36343115124153497,43.4310435657828,47.5,41.0
2024,9,regular,,401628665,0.5850823825934428,-7.0,20.0,0.4796839729119639,54.17113880374389,51.5,62.0
2024,9,regular,,401638347,-18.084564706108704,-8.5,17.0,0.08916478555304741,49.4909697413359,49.5,39.0
2024,9,regular,,401654644,6.653920245808146,5.5,1.0,0.6952595936794582,53.648252946939465,52.5,41.0
2024,9,regular,,401634138,-5.8328701313355715,-9.5,-17.0,0.28442437923250563,47.19989231937923,49.5,31.0
2024,9,regular,,401634194,-33.24875170977372,-35.0,-53.0,0.014672686230248307,59.31496339208028,56.5,65.0
2024,9,regular,,401654608,7.536554201362364,6.5,17.0,0.7212189616252822,43.026413345262675,46.5,17.0
2024,9,regular,,401645352,9.951702737492315,8.5,22.0,0.8024830699774267,49.009448782541526,48.5,90.0
2024,9,regular,,401633995,13.264454822468775,7.0,5.0,0.8645598194130926,45.034683951562656,44.5,51.0
2024,9,regular,,401632120,20.859335192181653,20.0,11.0,0.9548532731376975,51.242312851566766,55.5,45.0
2024,9,regular,,401634017,-17.985398147822004,-17.5,-32.0,0.09029345372460497,51.308357695388025,48.5,52.0
2024,9,regular,,401634109,-22.71113828128437,-24.0,-24.0,0.05191873589164785,59.485417491296005,53.5,24.0
2024,9,regular,,401628662,14.311633231641784,14.0,14.0,0.8781038374717833,53.48538886955128,54.5,42.0
2024,9,regular,,401636367,-17.857132187393574,-17.5,-20.0,0.09255079006772009,54.93661547327784,53.5,54.0
2024,9,regular,,401654570,0.8352678363920569,-3.0,7.0,0.48758465011286684,54.62333631823382,50.5,61.0
2024,9,regular,,401633996,19.734739905619904,17.0,35.0,0.945823927765237,56.20466189577118,54.5,69.0
2024,9,regular,,401636359,14.41607899182404,11.0,14.0,0.8792325056433409,61.73584754994735,54.5,56.0
2024,9,regular,,401633997,8.78009652083936,18.0,6.0,0.7708803611738149,52.851974835444295,53.5,54.0
2024,9,regular,,401644601,11.371170102382814,9.5,32.0,0.8386004514672686,51.889648223923196,47.5,58.0
2024,9,regular,,401633998,4.1655960895011175,8.5,11.0,0.6128668171557562,61.818754342572994,,87.0
2024,9,regular,,401645355,-8.488192537453578,-9.5,1.0,0.22686230248307,56.09252034566418,52.5,91.0
2024,9,regular,,401645308,17.764498116813275,23.25,28.0,0.9345372460496614,47.92743395240932,48.75,42.0
2024,9,regular,,401654514,14.072511472849293,11.0,9.0,0.8747178329571106,50.47149778786401,49.5,23.0
2024,9,regular,,401636911,-2.4316179912521587,2.5,-13.0,0.38487584650112866,56.4251724841333,53.5,61.0
2024,9,regular,,401636910,4.347359030142319,5.0,1.0,0.6173814898419865,70.07751024652299,66.0,69.0
2024,9,regular,,401636906,0.7960638250738384,7.0,10.0,0.48758465011286684,63.48166758854982,64.5,66.0
2024,9,regular,,401635599,0.6688077103723219,-3.0,-3.0,0.4853273137697517,51.240000652768174,53.0,51.0
2024,9,regular,,401628528,3.5737899597826472,6.0,25.0,0.600451467268623,46.508709491191325,45.0,71.0
2024,9,regular,,401628669,-4.08813160870047,-7.5,22.0,0.34085778781038373,54.788985348147875,52.5,48.0
2024,9,regular,,401643817,26.781323714706662,24.0,17.0,0.9774266365688488,52.21327268266349,54.0,47.0
2024,9,regular,,401644754,7.303986290473127,2.0,-15.0,0.7167042889390519,47.97512677625623,48.0,67.0
2024,9,regular,,401628525,19.559753922280894,22.5,29.0,0.9435665914221218,49.82101133906026,54.0,47.0
2024,9,regular,,401628400,9.879951132801343,16.0,34.0,0.8002257336343115,54.21781041204014,51.5,34.0
2024,9,regular,,401634255,-6.335833606893943,-2.0,-8.0,0.27539503386004516,60.807375482228096,51.5,46.0
2024,9,regular,,401629035,10.560488363192661,6.5,7.0,0.8182844243792325,54.74543866590443,47.0,27.0
2024,9,regular,,401628527,13.03703947064965,16.5,26.0,0.8611738148984198,38.87400676743725,38.0,54.0
2024,9,regular,,401634149,9.846264413826342,3.5,10.0,0.8002257336343115,52.883862794934004,55.5,78.0
2024,9,regular,,401644752,-6.9467821467682445,-2.5,4.0,0.2584650112866817,54.44994151460924,50.5,46.0
2024,9,regular,,401654500,16.35213635290335,14.5,34.0,0.9153498871331829,51.883095174760825,47.5,104.0
2024,9,regular,,401644756,20.399169002189147,19.0,31.0,0.9525959367945824,69.131403505308,61.0,73.0
2024,9,regular,,401628668,4.891844696847904,8.5,8.0,0.6388261851015802,43.24679715278176,46.5,20.0
2024,9,regular,,401644753,-11.664212571112511,-13.5,2.0,0.18058690744920994,48.791206490552206,47.5,48.0
2024,9,regular,,401632465,30.40832417466679,30.5,21.0,0.9864559819413092,46.36272519191783,46.5,41.0
2024,9,regular,,401628664,15.583250135754918,10.0,14.0,0.90744920993228,59.61965042132925,57.5,28.0
2024,9,regular,,401634026,5.058765311253865,6.5,5.0,0.6433408577878104,50.27988348698211,48.5,43.0
2024,9,regular,,401632122,-11.380255717971647,-7.5,-10.0,0.18397291196388263,50.292348159049666,52.5,44.0
2024,9,regular,,401635594,6.9636631292789195,13.0,37.0,0.7065462753950339,49.682736489349935,51.0,51.0
2024,9,regular,,401628405,-18.592065096894544,-17.0,-3.0,0.08577878103837472,55.45075731898713,51.0,51.0
2024,9,regular,,401643819,6.450048335536815,7.0,29.0,0.6918735891647856,48.296480586275436,45.0,63.0
2024,9,regular,,401632123,13.850650073200804,10.0,5.0,0.8690744920993227,59.28031316042485,59.5,43.0
2024,9,regular,,401634185,-12.84808320977064,-10.5,-7.0,0.1636568848758465,49.86269506226146,53.5,91.0
2024,9,regular,,401643741,8.099178381530587,3.5,11.0,0.7494356659142212,68.4857860346396,61.5,23.0
2024,9,regular,,401634108,-7.28216994779326,-7.5,3.0,0.24830699774266365,65.02784038413087,61.5,57.0
2024,9,regular,,401634203,-9.833239008741833,-9.5,1.0,0.20090293453724606,62.78541764068203,60.5,81.0
2024,9,regular,,401636376,12.891424151126788,10.5,18.0,0.8611738148984198,47.71372425190775,47.5,30.0
2024,9,regular,,401636908,-6.289529300020131,-4.5,3.0,0.27539503386004516,32.471521421352215,36.0,31.0
2024,9,regular,,401634032,-8.094393646153428,-6.5,-3.0,0.23137697516930023,54.07978944738019,56.5,65.0
2024,9,regular,,401643818,2.7580611779098394,8.5,3.0,0.5609480812641083,47.696489084367144,50.0,65.0
2024,9,regular,,401643745,2.227443245444435,-2.0,-2.0,0.54627539503386,59.73208034175762,56.5,52.0
2024,9,regular,,401675120,14.511891243228437,14.5,49.0,0.8803611738148984,55.92300799856748,55.5,61.0
2024,9,regular,,401635596,21.030467964290363,22.5,22.0,0.9548532731376975,56.11429648623304,55.0,50.0
2024,9,regular,,401636385,0.15616002755038494,1.0,7.0,0.4683972911963883,52.69792616894212,49.5,41.0
2024,9,regular,,401636905,-6.417675223090851,5.5,-5.0,0.27539503386004516,54.913698313217964,51.5,57.0
2024,9,regular,,401628529,6.529084921661213,3.5,7.0,0.6941309255079007,40.93397507890515,39.0,41.0
2024,9,regular,,401634218,8.274988577246054,8.5,3.0,0.7562076749435666,52.107560951064194,49.5,37.0
2024,9,regular,,401628531,-8.419248670801377,-6.5,-15.0,0.22686230248307,42.24423427826605,47.0,41.0
2024,9,regular,,401628404,0.5883674168959097,2.0,15.0,0.4796839729119639,56.33849200004596,54.5,61.0
2024,9,regular,,401628401,1.7872752562443939,2.0,-14.0,0.5270880361173815,40.9148283451671,43.5,34.0
2024,9,regular,,401636909,12.463691429451032,10.0,2.0,0.8521444695259593,54.4612804656944,56.0,56.0
2024,9,regular,,401643742,3.9287082138296627,6.5,23.0,0.6060948081264108,54.17195964370396,55.0,43.0
2024,9,regular,,401635595,-12.19843084222168,-11.5,-1.0,0.17494356659142213,53.93068504783573,49.5,55.0
2024,9,regular,,401634107,10.805533547566187,9.0,10.0,0.8250564334085779,59.19178784245321,61.5,66.0
2024,9,regular,,401636907,5.092831641510119,6.0,11.0,0.6467268623024831,54.35366744410638,57.0,57.0
2024,9,regular,,401643744,-16.88400915906144,-17.0,-3.0,0.10496613995485328,55.042177842614734,56.5,55.0
2024,9,regular,,401643743,-3.0589447455938585,2.5,21.0,0.36455981941309257,46.81503552768747,42.0,47.0
2024,10,regular,,401640985,7.401513870579774,7.0,21.0,0.7252747252747253,49.88847403758074,43.5,47.0
2024,10,regular,,401643820,4.603400185812311,4.0,-6.0,0.6363636363636364,62.71399057518015,60.5,40.0
2024,10,regular,,401641012,12.875907344195733,10.5,6.0,0.8561438561438561,47.0845093886551,45.5,12.0
2024,10,regular,,401640994,4.655523699808057,2.5,-10.0,0.6383616383616384,64.77904335404455,64.0,52.0
2024,10,regular,,401641020,33.630918109273864,23.5,17.0,0.997002997002997,49.16294448759177,49.0,45.0
2024,10,regular,,401645356,-15.099229357166472,-14.5,-31.0,0.13286713286713286,57.09068881482836,55.0,37.0
2024,10,regular,,401654541,-3.352251964149618,-3.5,3.0,0.3646353646353646,60.29505216111494,56.5,45.0
2024,10,regular,,401629036,9.585457442296745,7.0,7.0,0.7842157842157842,51.81012282190944,48.0,61.0
2024,10,regular,,401654493,0.8441786914637256,1.5,3.0,0.4985014985014985,55.642364915047224,51.5,23.0
2024,10,regular,,401645357,-4.1226862480540385,-1.5,-23.0,0.34565434565434566,55.10516032302924,48.0,65.0
2024,10,regular,,401643747,24.845308843465048,24.5,32.0,0.975024975024975,54.50281639588604,55.5,80.0
2024,10,regular,,401654609,1.2950435027639347,-1.5,6.0,0.5194805194805194,52.04624756733621,48.5,6.0
2024,10,regular,,401654578,6.241027588959483,8.0,10.0,0.6833166833166833,44.0913546699702,46.5,38.0
2024,10,regular,,401645359,-9.14012081224172,-7.0,8.0,0.21578421578421578,60.61891174363802,61.5,80.0
2024,10,regular,,401635601,18.67125309181704,21.0,22.0,0.9310689310689311,59.10133231060988,55.5,84.0
2024,10,regular,,401643746,26.34203827636059,18.0,17.0,0.98001998001998,40.32295776578462,38.5,23.0
2024,10,regular,,401635604,-10.260828386143485,-3.5,7.0,0.1958041958041958,52.57097423256485,53.5,69.0
2024,10,regular,,401644757,-5.047306408610651,-1.0,-11.0,0.3146853146853147,50.53576851035621,48.0,71.0
2024,10,regular,,401628406,-11.158900612174065,-8.0,-32.0,0.1798201798201798,54.14390798704217,54.0,94.0
2024,10,regular,,401635516,7.265540185511549,9.5,31.0,0.7212787212787213,51.3320675108958,46.5,87.0
2024,10,regular,,401644758,-10.098197810269944,-10.0,-1.0,0.1978021978021978,52.71525737544221,54.5,57.0
2024,10,regular,,401654592,19.881806405621415,26.5,7.0,0.9470529470529471,64.97069675967293,58.5,55.0
2024,10,regular,,401654459,0.272263076024856,-1.5,-10.0,0.4805194805194805,48.95895986116972,49.5,66.0
2024,10,regular,,401628410,34.907744177556204,37.5,45.0,0.997002997002997,49.909044448078674,48.0,73.0
2024,10,regular,,401628533,-4.441277843422892,-2.5,-8.0,0.33466533466533466,43.886401851626516,47.0,42.0
2024,10,regular,,401628538,-3.738874104900037,3.0,-6.0,0.3516483516483517,51.92052413943095,44.5,46.0
2024,10,regular,,401628539,-1.5784239337030581,-3.0,-7.0,0.4145854145854146,48.27510527085602,47.5,33.0
2024,10,regular,,401654620,0.5216700471065562,0.5,-37.0,0.4885114885114885,51.26104345910083,46.5,49.0
2024,10,regular,,401628407,4.948131092204662,7.5,-10.0,0.6473526473526473,51.80920078213637,48.0,24.0
2024,10,regular,,401638686,27.0247789689442,26.5,33.0,0.98001998001998,55.952907672248784,49.5,59.0
2024,10,regular,,401638684,-4.842853129803054,-5.5,21.0,0.3196803196803197,45.60728438319827,47.5,35.0
2024,10,regular,,401628674,2.1143943994253203,-2.0,9.0,0.5494505494505495,62.26125750396149,60.5,65.0
2024,10,regular,,401654515,7.009737845626767,6.5,1.0,0.7132867132867133,36.88630297051188,40.5,75.0
2024,10,regular,,401638687,-3.523053849721743,-6.0,14.0,0.35764235764235763,47.26277407510874,45.5,28.0
2024,10,regular,,401628671,-4.762418113276388,-8.5,-6.0,0.32367632367632365,53.129939961051605,51.5,34.0
2024,10,regular,,401654501,12.007306198670339,11.5,38.0,0.8441558441558441,54.13408222693222,51.5,38.0
2024,10,regular,,401634177,-19.68628315095706,-17.0,4.0,0.07192807192807193,54.02585670435445,52.5,66.0
2024,10,regular,,401654466,4.73049994156178,3.5,-14.0,0.6403596403596403,52.75412386308679,47.5,84.0
2024,10,regular,,401628675,-5.298032703693025,0.5,-17.0,0.3106893106893107,44.89199559601521,45.5,45.0
2024,10,regular,,401628673,-11.487614281522472,-14.0,-1.0,0.17482517482517482,58.32125093869471,54.5,61.0
2024,10,regular,,401654648,8.643467362502868,10.0,34.0,0.7632367632367633,45.38783876950956,47.5,34.0
2024,10,regular,,401656602,0.4729094580306562,1.5,6.0,0.4865134865134865,52.77849362812131,53.5,34.0
2024,10,regular,,401654629,-6.364943620309246,-6.0,7.0,0.2777222777222777,56.92349446474852,54.5,35.0
2024,10,regular,,401628670,-17.046183437768,-16.5,-38.0,0.1028971028971029,58.11855848132355,55.5,52.0
2024,10,regular,,401644602,-2.3269733860837545,-3.0,-4.0,0.3926073926073926,53.38491281882439,49.5,58.0
2024,10,regular,,401638348,-9.55140226987642,-10.0,4.0,0.2087912087912088,52.7818974209236,44.5,38.0
2024,10,regular,,401634001,5.76347800851609,2.5,42.0,0.6743256743256744,53.67694569046411,53.5,62.0
2024,10,regular,,401645358,2.5602670732286654,2.5,38.0,0.5604395604395604,61.72262318090341,57.5,80.0
2024,10,regular,,401643821,-5.79145617013669,-2.5,8.0,0.2947052947052947,56.650954297878165,58.0,48.0
2024,10,regular,,401632466,-3.36489823590749,-2.0,4.0,0.3626373626373626,52.786413325960886,56.5,72.0
2024,10,regular,,401634139,10.344314513382738,6.0,6.0,0.8071928071928072,52.98833985492469,50.5,68.0
2024,10,regular,,401634256,1.4902977704332938,2.5,-5.0,0.5254745254745254,57.76661803009114,51.5,45.0
2024,10,regular,,401634035,20.41976389199189,23.5,25.0,0.951048951048951,61.37657361645785,58.5,65.0
2024,10,regular,,401636360,22.387697132931724,24.5,38.0,0.962037962037962,61.427194527789304,58.5,44.0
2024,10,regular,,401654571,-12.55536538244235,-14.0,-1.0,0.16183816183816183,59.369408939739685,52.5,33.0
2024,10,regular,,401636368,-8.033944177724106,-5.5,3.0,0.23376623376623376,51.18210817986117,49.5,45.0
2024,10,regular,,401634195,37.885959178157776,42.0,46.0,0.999000999000999,59.14444442090601,54.5,58.0
2024,10,regular,,401634186,14.426597478084114,14.5,21.0,0.8811188811188811,57.31159028478129,55.5,55.0
2024,10,regular,,401634165,4.360128509629164,7.5,7.0,0.6303696303696303,60.39402046775133,57.5,39.0
2024,10,regular,,401634155,9.171470825679823,9.0,-4.0,0.7762237762237763,46.47768973342223,47.5,30.0
2024,10,regular,,401634000,3.9118266713769794,4.0,7.0,0.6103896103896104,64.72210773935089,62.5,83.0
2024,10,regular,,401628408,14.654738486334258,14.5,14.0,0.8831168831168831,52.01534340449571,52.5,54.0
2024,10,regular,,401628534,-11.068787265865936,-7.5,-37.0,0.18281718281718282,54.71147724450536,53.5,57.0
2024,10,regular,,401628536,-13.794346352579291,-14.5,-21.0,0.14785214785214784,46.6871699696973,45.5,55.0
2024,10,regular,,401628537,9.137801260815918,7.5,-7.0,0.7762237762237763,37.99736082408544,38.5,47.0
2024,10,regular,,401636916,10.02014234475316,6.5,44.0,0.7962037962037962,56.588100445343244,55.0,68.0
2024,10,regular,,401636913,-16.171430181571253,-12.5,5.0,0.11588411588411589,43.581048742949775,45.5,43.0
2024,10,regular,,401635602,-3.56289064351016,-2.5,-24.0,0.35664335664335667,52.35969633661882,50.5,46.0
2024,10,regular,,401634210,32.021822408507106,30.0,23.0,0.9920079920079921,51.0492218900891,52.5,61.0
2024,10,regular,,401636915,3.5693507047597413,-5.0,-21.0,0.5954045954045954,56.48035804479494,57.0,63.0
2024,10,regular,,401643822,12.147585063871176,10.5,5.0,0.8461538461538461,48.11838619456742,48.0,51.0
2024,10,regular,,401636914,13.892455211557664,13.5,-1.0,0.8691308691308691,57.79803942084248,55.5,45.0
2024,10,regular,,401641026,4.716456859959818,2.0,-7.0,0.6403596403596403,50.870612446225934,48.5,33.0
2024,10,regular,,401634112,4.447039954264959,1.5,21.0,0.6313686313686314,52.78699729898954,54.5,33.0
2024,10,regular,,401643824,-5.478916957751892,-4.0,14.0,0.3026973026973027,52.95917315536788,51.5,62.0
2024,10,regular,,401638683,-1.4028886232871076,3.0,27.0,0.4205794205794206,65.40246213950772,60.5,53.0
2024,10,regular,,401634025,1.3630039583160443,-2.0,-3.0,0.5214785214785215,44.52373493982512,48.5,57.0
2024,10,regular,,401675121,-4.992874272375721,-2.0,-16.0,0.3176823176823177,52.725924476405396,53.5,40.0
2024,10,regular,,401634111,-19.72532553920816,-17.0,-14.0,0.06993006993006994,65.42800022760838,63.5,70.0
2024,10,regular,,401632128,3.2301953608732736,3.5,3.0,0.5824175824175825,66.8134435958358,58.5,53.0
2024,10,regular,,401636377,10.682699627967244,14.5,24.0,0.8191808191808192,48.465061125298064,47.5,80.0
2024,10,regular,,401645360,-13.63789958362664,-12.5,14.0,0.14985014985014986,53.59486131498144,49.0,34.0
2024,10,regular,,401643750,4.422003793275051,7.5,-4.0,0.6303696303696303,60.784765678278916,60.5,94.0
2024,10,regular,,401634113,23.290873228729893,23.5,52.0,0.9690309690309691,47.75393861816676,49.5,66.0
2024,10,regular,,401632125,-23.788793301199526,-24.5,13.0,0.04295704295704296,58.73150518560783,57.5,55.0
2024,10,regular,,401628409,12.04532845080846,19.5,25.0,0.8451548451548452,61.91852144200362,59.0,65.0
2024,10,regular,,401632126,2.832320895859813,7.5,-14.0,0.5714285714285714,49.575175659256644,53.5,48.0
2024,10,regular,,401634110,-19.33705585208284,-20.5,-35.0,0.07592407592407592,63.787536848061535,56.5,49.0
2024,10,regular,,401636349,6.625006933493797,4.0,4.0,0.6993006993006993,47.37089671928385,42.5,38.0
2024,10,regular,,401634002,-11.20829126141354,-14.5,-7.0,0.1798201798201798,55.29565347578659,51.5,49.0
2024,10,regular,,401643749,9.678372127156159,12.5,-1.0,0.7852147852147852,45.73812882467742,45.5,41.0
2024,10,regular,,401632124,11.654934121512413,13.0,-4.0,0.8381618381618382,49.78336743798846,53.5,30.0
2024,10,regular,,401635600,7.220670097564015,11.0,-12.0,0.7202797202797203,62.57581673578779,62.5,54.0
2024,10,regular,,401643823,4.044838342369318,5.5,-4.0,0.6173826173826173,59.52790703764275,60.0,64.0
2024,10,regular,,401628540,-6.211964896085799,-2.0,5.0,0.2817182817182817,51.66046177172077,55.0,47.0
2024,10,regular,,401628411,-2.729851272164653,-3.0,24.0,0.3826173826173826,49.859906293362016,43.5,64.0
2024,10,regular,,401628535,2.7963882051968545,2.5,32.0,0.5694305694305695,41.259574937905995,40.5,52.0
2024,10,regular,,401628412,13.833177549063098,17.5,10.0,0.8671328671328671,43.91747355258675,45.5,46.0
2024,10,regular,,401643748,0.7800939829223938,-2.0,-17.0,0.4955044955044955,47.12250992245666,45.5,59.0
2024,10,regular,,401636912,3.297449795833899,2.5,3.0,0.5854145854145855,64.56860295151114,64.0,71.0
2024,10,regular,,401634020,10.513706384624554,12.0,28.0,0.8151848151848152,52.32239409085909,50.5,34.0
2024,10,regular,,401635627,7.521354309444253,7.0,23.0,0.7282717282717283,63.30331781615027,55.5,73.0
2024,10,regular,,401634114,12.235300568743167,12.5,-20.0,0.8471528471528471,66.31270644051156,68.5,96.0
2024,11,regular,,401644760,-12.061706881963548,-15.5,-10.0,0.17148014440433212,57.474614423726365,48.5,36.0
2024,11,regular,,401644688,-8.88360033835366,-13.0,-6.0,0.22472924187725632,48.05942445678944,48.0,48.0
2024,11,regular,,401644761,-17.519820396146038,-20.5,-41.0,0.1092057761732852,55.7668423667753,53.0,41.0
2024,11,regular,,401644762,-2.760847624414043,-2.0,-14.0,0.3844765342960289,54.05206502657168,52.0,70.0
2024,11,regular,,401643825,3.171071522441426,-2.5,14.0,0.5830324909747292,65.62032004329023,62.5,62.0
2024,11,regular,,401645361,8.495940120283398,7.5,35.0,0.7527075812274369,54.44953126670745,58.5,63.0
2024,11,regular,,401654467,-8.103146947181193,-9.5,-9.0,0.23826714801444043,54.29869172480036,48.5,43.0
2024,11,regular,,401634773,-10.882249539292712,-7.0,-10.0,0.18411552346570398,50.071960276438595,55.0,82.0
2024,11,regular,,401628542,-9.465724733683736,-6.5,3.0,0.21028880866425992,45.40474959422019,45.0,37.0
2024,11,regular,,401645362,13.3861670185244,7.0,7.0,0.8583032490974729,54.714282201474276,50.5,47.0
2024,11,regular,,401643754,4.714408063590307,1.5,-5.0,0.6290613718411552,65.71352221073978,65.0,37.0
2024,11,regular,,401635606,1.8116564535930466,3.0,6.0,0.5361010830324909,53.415189594130155,52.0,68.0
2024,11,regular,,401636918,3.935440104650496,5.5,-7.0,0.6028880866425993,55.09095858416118,54.5,55.0
2024,11,regular,,401628544,-8.226282513483977,-6.5,7.0,0.23736462093862815,46.18119566532914,44.5,45.0
2024,11,regular,,401628417,15.971245956726294,23.0,32.0,0.898014440433213,51.94227500282096,48.5,66.0
2024,11,regular,,401635609,-13.91960989295389,-9.5,5.0,0.15162454873646208,65.23269151525668,65.0,51.0
2024,11,regular,,401628545,38.095237077530946,37.5,45.0,0.9990974729241877,56.659871068737644,55.5,45.0
2024,11,regular,,401654593,5.724493209873404,4.5,25.0,0.6624548736462094,51.58814098479476,52.5,37.0
2024,11,regular,,401654502,-11.702245690960511,-14.5,-8.0,0.1796028880866426,50.681490047547854,44.5,64.0
2024,11,regular,,401654460,12.01478984139233,10.0,22.0,0.8384476534296029,57.886893860792114,57.5,90.0
2024,11,regular,,401654494,7.576770820646737,7.0,20.0,0.7184115523465704,48.803545100650666,46.5,32.0
2024,11,regular,,401638692,-1.9141440167277017,-3.5,-6.0,0.40884476534296027,43.24828109479728,41.5,26.0
2024,11,regular,,401654621,7.093627999994549,6.5,-3.0,0.7093862815884476,57.05711211946442,52.5,17.0
2024,11,regular,,401654598,-1.6929791527275608,-3.0,-21.0,0.41425992779783394,45.35122592220923,42.5,35.0
2024,11,regular,,401645363,-3.3377238242182545,-4.5,-21.0,0.36823104693140796,57.438331378239276,58.5,35.0
2024,11,regular,,401643828,-10.992740803542434,-9.5,-21.0,0.1832129963898917,54.011209821239845,50.0,55.0
2024,11,regular,,401634140,1.7985815089004964,6.5,3.0,0.5361010830324909,58.05706291289588,58.5,45.0
2024,11,regular,,401628683,3.191489009184122,-1.5,13.0,0.5839350180505415,59.21613745684271,56.5,53.0
2024,11,regular,,401628681,7.663728101991507,7.5,-4.0,0.723826714801444,52.78018771672674,49.5,76.0
2024,11,regular,,401628680,5.368021894185247,6.0,3.0,0.6561371841155235,52.69290798941056,54.5,45.0
2024,11,regular,,401654630,-7.526984490090165,-3.5,-1.0,0.2527075812274368,51.123391353827685,50.5,41.0
2024,11,regular,,401654652,5.065321715992785,3.0,1.0,0.6453068592057761,54.055373753724936,55.5,55.0
2024,11,regular,,401628678,12.027135762526857,13.5,12.0,0.8402527075812274,60.186232753705866,57.5,64.0
2024,11,regular,,401634244,-1.4643349364809288,0.5,4.0,0.42418772563176893,58.56496879592714,54.5,70.0
2024,11,regular,,401628684,26.847731554771528,25.5,28.0,0.9792418772563177,47.65177210188375,49.5,34.0
2024,11,regular,,401628682,0.820627607623376,5.5,17.0,0.5,59.34146086369894,55.5,37.0
2024,11,regular,,401634023,26.260038399003427,28.0,41.0,0.9783393501805054,55.26396443938948,53.5,41.0
2024,11,regular,,401638690,0.9309649353390732,0.5,-9.0,0.5054151624548736,57.65580314329896,53.5,71.0
2024,11,regular,,401640995,-13.774429645836335,-12.5,-20.0,0.15342960288808663,53.75154383912269,55.0,54.0
2024,11,regular,,401638691,5.6758866001225865,7.0,17.0,0.6615523465703971,57.66210354253589,55.5,45.0
2024,11,regular,,401628677,7.301133365781858,2.5,18.0,0.7138989169675091,50.58030163672031,48.5,30.0
2024,11,regular,,401654579,-15.597798012485521,-15.0,-4.0,0.13086642599277978,54.918144747800994,52.5,38.0
2024,11,regular,,401654508,-1.2718128375130004,-2.5,-18.0,0.4296028880866426,54.87190778892989,51.5,116.0
2024,11,regular,,401634150,-26.815364385337684,-21.0,-34.0,0.0315884476534296,51.48835618443796,47.5,34.0
2024,11,regular,,401634004,12.17880592524077,5.5,3.0,0.842057761732852,56.155006628182505,54.5,59.0
2024,11,regular,,401638688,-20.936621656739586,-14.5,-7.0,0.06588447653429604,49.50584846154578,45.5,41.0
2024,11,regular,,401634116,-12.957948944361632,-13.5,-28.0,0.16335740072202165,59.46396256666908,60.5,58.0
2024,11,regular,,401632467,-17.902724141044978,-14.0,-24.0,0.10288808664259928,45.07514369826167,44.5,38.0
2024,11,regular,,401638689,-7.1271242320745465,-4.5,-3.0,0.26353790613718414,47.481119675193966,42.5,41.0
2024,11,regular,,401632077,-11.394263407748403,-8.5,-17.0,0.18140794223826714,50.65339906736417,53.5,59.0
2024,11,regular,,401632140,-0.2888502675986593,-4.0,7.0,0.4602888086642599,53.15964425321819,55.5,55.0
2024,11,regular,,401634003,-20.319436487657544,-17.5,-26.0,0.07310469314079422,49.26667052673137,45.5,54.0
2024,11,regular,,401634005,-15.944684399731212,-17.0,12.0,0.12545126353790614,54.446974337202334,56.5,36.0
2024,11,regular,,401634178,30.152891092810176,31.0,49.0,0.9864620938628159,48.26353254683181,45.5,49.0
2024,11,regular,,401634187,-20.537081828073642,-24.0,-28.0,0.07129963898916968,66.58445635536425,58.5,90.0
2024,11,regular,,401634006,-6.044269849842086,-4.0,-25.0,0.29061371841155237,63.734934440473495,62.5,65.0
2024,11,regular,,401634156,-1.3043623084920992,4.5,-6.0,0.427797833935018,46.28277910361891,42.5,32.0
2024,11,regular,,401634204,-14.336543742659066,-17.0,-31.0,0.14350180505415164,57.660778428390444,55.5,45.0
2024,11,regular,,401634166,-6.729431466490455,-2.5,-22.0,0.2743682310469314,50.42746196823361,52.5,40.0
2024,11,regular,,401629037,-6.831007912247948,-7.5,-8.0,0.27075812274368233,59.160846879513166,54.0,54.0
2024,11,regular,,401634257,-3.3147614034281307,-8.0,-28.0,0.36913357400722024,66.11102678283365,60.5,76.0
2024,11,regular,,401634027,-8.657484365501531,-11.5,3.0,0.2283393501805054,52.88715436137761,49.5,45.0
2024,11,regular,,401634028,13.091582947533848,15.5,21.0,0.8574007220216606,56.09268094108464,55.5,61.0
2024,11,regular,,401634118,6.552354811216295,6.5,-8.0,0.6913357400722022,61.54317883750669,56.5,78.0
2024,11,regular,,401654568,-0.9547762941504878,5.0,21.0,0.44223826714801445,52.89934024458353,48.5,63.0
2024,11,regular,,401636350,-0.6628026113629184,-3.5,1.0,0.4503610108303249,48.53943204749129,44.5,47.0
2024,11,regular,,401636378,-15.850730858927767,-17.0,19.0,0.1263537906137184,53.626995347324744,50.5,43.0
2024,11,regular,,401655656,2.205513018207864,2.5,-20.0,0.5478339350180506,52.6548355738841,53.5,34.0
2024,11,regular,,401632135,-5.92849786353832,7.5,-12.0,0.29422382671480146,55.47631360797293,55.5,64.0
2024,11,regular,,401643829,-15.9975272916216,-13.5,-34.0,0.12545126353790614,52.707599988246116,53.5,40.0
2024,11,regular,,401634120,22.422858853390455,17.5,42.0,0.9638989169675091,61.59884661418917,62.5,56.0
2024,11,regular,,401636391,34.34856757600727,31.5,37.0,0.9963898916967509,57.83809876358596,52.5,65.0
2024,11,regular,,401636369,6.02194020759686,7.0,2.0,0.6732851985559567,45.73974109740465,44.5,48.0
2024,11,regular,,401628541,13.908068219683907,14.5,5.0,0.871841155234657,55.837281990600616,47.5,35.0
2024,11,regular,,401635607,-1.0274029304900119,-5.5,-10.0,0.4368231046931408,57.97734027473452,54.5,38.0
2024,11,regular,,401643826,18.1467379882999,14.5,31.0,0.9232851985559567,52.18424857302224,53.5,45.0
2024,11,regular,,401654542,-4.464076617105504,-4.5,-24.0,0.33303249097472926,51.37232340172997,48.5,52.0
2024,11,regular,,401628414,0.0852958053269181,-2.0,18.0,0.4720216606498195,55.45952527867718,55.0,38.0
2024,11,regular,,401643755,3.6202726539741614,3.0,-11.0,0.5947653429602888,55.93950194972774,58.5,37.0
2024,11,regular,,401635608,-1.2623155158894102,3.0,-10.0,0.4296028880866426,53.873438998749215,51.5,48.0
2024,11,regular,,401628679,-7.589555758184186,-9.5,-3.0,0.2490974729241877,51.34125371643557,52.5,51.0
2024,11,regular,,401636919,-7.150099636958569,-2.5,9.0,0.26263537906137185,48.2561768342747,52.5,81.0
2024,11,regular,,401629045,-11.186333867296062,-6.5,-11.0,0.18140794223826714,64.42999013951496,68.0,17.0
2024,11,regular,,401634117,-10.841866952356703,-11.0,-9.0,0.18411552346570398,61.42557446446362,61.5,69.0
2024,11,regular,,401636921,-4.415803896305501,-4.5,-14.0,0.3348375451263538,65.23451214722752,62.0,68.0
2024,11,regular,,401632130,-5.02825951844844,-4.0,-1.0,0.3176895306859206,60.354879301620656,54.5,69.0
2024,11,regular,,401645364,28.173926672415003,25.5,46.0,0.9864620938628159,54.91098387069978,50.5,58.0
2024,11,regular,,401641021,10.499264101329246,4.5,8.0,0.8068592057761733,44.00060752957309,42.5,78.0
2024,11,regular,,401628418,-6.229063097506036,-6.0,-21.0,0.2870036101083033,53.38368033048286,45.0,35.0
2024,11,regular,,401641004,-8.558904496430364,-10.0,-7.0,0.2292418772563177,55.82436933018482,55.5,81.0
2024,11,regular,,401675122,-19.507626491130672,-16.5,5.0,0.07942238267148015,52.926620282114314,52.5,33.0
2024,11,regular,,401643827,14.22778192543775,14.0,36.0,0.8772563176895307,56.104235882355624,60.0,74.0
2024,11,regular,,401641036,-21.8144478031155,-18.0,-13.0,0.058664259927797835,55.94696145078812,53.5,69.0
2024,11,regular,,401636917,0.555153710716003,2.5,4.0,0.4918772563176895,57.123728638347316,55.5,66.0
2024,11,regular,,401628416,22.898926764599658,26.5,19.0,0.9648014440433214,58.28241758113744,61.5,47.0
2024,11,regular,,401628543,23.443452721399737,24.0,21.0,0.9666064981949458,56.55505394140576,58.0,57.0
2024,11,regular,,401636920,3.6761853336831547,10.5,25.0,0.5947653429602888,65.15420842747815,68.5,51.0
2024,11,regular,,401628984,26.272475551149828,25.5,49.0,0.9783393501805054,42.68721567027674,44.0,55.0
2024,11,regular,,401628413,-4.764816206136922,-2.5,-29.0,0.32581227436823107,59.290571825774336,58.5,55.0
2024,11,regular,,401628415,2.6657849161857445,-3.5,7.0,0.5622743682310469,48.536806579477215,42.0,53.0
2024,11,regular,,401634115,-14.336066421650703,-13.5,-17.0,0.14350180505415164,49.94742903509954,53.5,45.0
2024,11,regular,,401643752,24.00507534710614,23.5,7.0,0.9693140794223827,60.884557310198545,61.5,49.0
2024,11,regular,,401635610,11.383400760902623,7.5,-5.0,0.8240072202166066,57.51164209829414,57.5,43.0
2024,11,regular,,401628546,16.748449662038865,13.5,29.0,0.9088447653429603,41.35364668006967,48.0,41.0
2024,11,regular,,401643753,-13.749405196942014,-12.5,-2.0,0.15342960288808663,55.43549887280952,50.5,56.0
2024,11,regular,,401643751,-10.197303751933791,-9.5,8.0,0.19223826714801445,39.8697739667285,40.5,64.0
2024,11,regular,,401636922,-6.114885788781698,-3.0,-1.0,0.2879061371841155,40.739120148449466,40.5,43.0
2024,11,regular,,401634119,6.91548052682735,5.5,-16.0,0.703971119133574,62.9080574563973,54.5,44.0
2024,11,regular,,401643756,22.628969069589267,20.5,21.0,0.9648014440433214,71.71772302448434,68.5,77.0
2024,12,regular,,401644764,9.416950602061812,9.5,18.0,0.7773212818405916,61.49064583168157,57.5,44.0
2024,12,regular,,401644763,3.865731309201486,3.5,3.0,0.5940838126540674,56.61585500876406,55.5,99.0
2024,12,regular,,401644765,16.78339738791347,15.0,27.0,0.9096138044371405,56.524711646102176,52.0,47.0
2024,12,regular,,401644689,28.277481505254684,30.5,27.0,0.9852095316351684,50.22029918330793,47.5,41.0
2024,12,regular,,401644767,7.984919712206949,10.5,25.0,0.7362366474938373,49.297571259831,51.5,45.0
2024,12,regular,,401644766,20.142511233694975,14.0,13.0,0.9498767460969597,45.84177899729352,43.5,45.0
2024,12,regular,,401645365,-11.838033857016839,-16.5,-7.0,0.17502054231717337,60.52956049703718,63.5,69.0
2024,12,regular,,401634258,0.4214796299282785,6.0,5.0,0.4815119145439606,62.79850004795283,58.5,39.0
2024,12,regular,,401645366,1.3364613828755951,1.5,21.0,0.5168447000821693,71.08440534267609,72.5,75.0
2024,12,regular,,401643759,10.738605883464082,8.5,14.0,0.8118323746918652,45.91442999483079,47.0,34.0
2024,12,regular,,401654556,15.664645704560497,15.5,23.0,0.8948233360723089,50.38731979485051,51.5,29.0
2024,12,regular,,401628553,4.783909082961398,5.0,12.0,0.6277732128184059,42.01217671095086,47.0,50.0
2024,12,regular,,401636923,-1.1568264980130565,1.0,24.0,0.4396055875102712,43.97989523373843,46.5,30.0
2024,12,regular,,401641013,18.0235478689721,11.5,-5.0,0.9260476581758422,52.6242195253997,52.5,19.0
2024,12,regular,,401628550,-29.10434155788667,-28.5,-24.0,0.02218570254724733,41.864888767542595,44.5,38.0
2024,12,regular,,401628419,-15.953957324242042,-13.0,-10.0,0.11914543960558752,55.78204812995804,57.5,30.0
2024,12,regular,,401636925,9.473456234042448,13.5,25.0,0.7789646672144618,44.44218446005489,43.5,73.0
2024,12,regular,,401645370,-4.026634240154171,-7.5,-35.0,0.34264585045193097,54.570786203822976,49.0,35.0
2024,12,regular,,401654622,13.631402244320439,10.5,28.0,0.8652423993426458,50.981495886449,47.5,62.0
2024,12,regular,,401629046,-15.459684708750615,-16.5,-1.0,0.12818405916187345,56.7899430931146,52.5,69.0
2024,12,regular,,401635582,-7.2882937335192945,-12.0,-4.0,0.2736236647493837,60.54490917668967,52.0,44.0
2024,12,regular,,401638694,-9.534047161831904,-10.0,-19.0,0.21117502054231718,54.379629321081545,52.5,65.0
2024,12,regular,,401628688,20.779725168105042,22.0,18.0,0.9564502875924404,53.98229538747718,48.5,44.0
2024,12,regular,,401654503,11.777404815657063,13.5,19.0,0.8307313064913723,54.54448887620866,51.5,57.0
2024,12,regular,,401634249,7.766834257358728,4.5,1.0,0.7214461791290058,59.04470151569036,58.5,77.0
2024,12,regular,,401634141,14.811542168236807,15.0,-3.0,0.8849630238290879,53.00820825537802,51.5,45.0
2024,12,regular,,401628686,-3.3117113045818156,-3.0,7.0,0.3722267871815941,55.5320465004246,52.5,73.0
2024,12,regular,,401638697,12.945524139409988,13.0,12.0,0.8537387017255547,39.62693660574404,39.5,40.0
2024,12,regular,,401654639,14.523537583376461,14.0,2.0,0.8800328677074774,53.56855083453685,54.5,78.0
2024,12,regular,,401654599,3.9067575409156494,3.5,-7.0,0.5973705834018077,41.09740755696821,42.5,61.0
2024,12,regular,,401654495,-5.804443403920643,-5.0,-9.0,0.30073952341824156,48.95129746590722,49.5,33.0
2024,12,regular,,401654468,14.080024214337799,12.5,14.0,0.8734593262119967,59.26906757143257,54.5,70.0
2024,12,regular,,401654580,1.754204745431772,1.0,2.0,0.5283483976992605,43.69207200383355,44.5,68.0
2024,12,regular,,401628685,-4.801449617623824,-7.0,-3.0,0.323746918652424,54.8986799957692,49.5,45.0
2024,12,regular,,401654614,13.606657714350183,15.5,-11.0,0.8652423993426458,45.39968252934041,41.5,51.0
2024,12,regular,,401654594,15.348512143882504,14.5,21.0,0.8898931799506984,49.27396300788783,47.5,63.0
2024,12,regular,,401654631,19.620417932838453,22.0,32.0,0.9441248972884141,53.99726067645964,49.5,52.0
2024,12,regular,,401628426,18.17141720817329,24.5,34.0,0.9301561216105176,41.293901170588704,46.0,62.0
2024,12,regular,,401628689,12.555661905365206,13.0,3.0,0.8471651602300739,46.44933753737013,46.5,37.0
2024,12,regular,,401638693,13.789315080387578,14.5,-9.0,0.8660640920295809,38.515700811415286,37.5,49.0
2024,12,regular,,401628692,5.613550157703544,5.5,1.0,0.6581758422350041,46.09943100919118,46.5,61.0
2024,12,regular,,401643832,7.223509304493251,7.5,12.0,0.7107641741988496,58.12507362855585,57.0,50.0
2024,12,regular,,401654476,-9.008103615206872,-9.5,17.0,0.22350041084634348,60.67226156875307,54.5,61.0
2024,12,regular,,401628691,13.661206063035221,16.5,19.0,0.8652423993426458,54.91854509523432,49.5,63.0
2024,12,regular,,401628690,17.45904755431578,21.0,10.0,0.9194741166803615,63.40485365753923,57.5,34.0
2024,12,regular,,401634205,-10.897455351500845,-14.0,-6.0,0.18570254724732949,56.839240897271786,54.5,78.0
2024,12,regular,,401638696,11.37486182536113,6.5,16.0,0.8241577649958916,51.60447713882458,44.5,56.0
2024,12,regular,,401644604,-7.191710438207885,-8.5,-3.0,0.2752670501232539,55.43909451708088,52.5,59.0
2024,12,regular,,401638349,23.76501826312852,24.5,30.0,0.9704190632703369,52.70972922898845,54.5,86.0
2024,12,regular,,401636379,29.24780045469193,31.0,-3.0,0.9868529170090387,54.205540476948414,48.5,45.0
2024,12,regular,,401634167,-14.310564381961356,-14.5,-12.0,0.14790468364831552,47.15384758545906,45.5,50.0
2024,12,regular,,401634007,6.842302292137876,5.0,3.0,0.6926869350862778,48.81526540918471,47.5,29.0
2024,12,regular,,401654645,-0.1884714830426199,3.5,28.0,0.4675431388660641,49.189587657286935,49.5,34.0
2024,12,regular,,401632468,13.614585492809411,16.5,-23.0,0.8652423993426458,49.195694208060594,49.5,49.0
2024,12,regular,,401634008,3.9155883935755647,2.0,-3.0,0.5973705834018077,52.41833120463667,51.5,43.0
2024,12,regular,,401628422,42.85638138087637,41.5,42.0,1.0,55.517394057637304,54.5,54.0
2024,12,regular,,401634157,10.028610900889312,6.5,-13.0,0.7945768282662284,38.29966035387364,38.5,47.0
2024,12,regular,,401628687,2.4474591696335395,4.0,6.0,0.5488907148726376,54.66005246330419,51.5,56.0
2024,12,regular,,401628425,38.8268519441253,42.25,45.0,0.9991783073130649,56.32946024796062,58.5,59.0
2024,12,regular,,401645369,-0.3265601610669203,2.0,3.0,0.46425636811832377,55.28285695342697,50.5,33.0
2024,12,regular,,401634036,-21.3917779608663,-25.5,-32.0,0.05834018077239113,54.721138061758616,51.5,38.0
2024,12,regular,,401634009,19.198530835271896,24.0,9.0,0.9391947411668036,63.69865064560142,63.5,99.0
2024,12,regular,,401634010,10.448453560631581,13.0,-1.0,0.80936729663106,55.946282660361774,51.5,19.0
2024,12,regular,,401634126,-20.81994699602358,-19.5,-41.0,0.062448644207066556,43.03118417118361,42.5,47.0
2024,12,regular,,401634021,1.0672724938359401,3.0,1.0,0.5086277732128184,53.12504827646706,47.5,81.0
2024,12,regular,,401640986,11.243487057386114,12.5,3.0,0.8233360723089564,58.59491645988337,58.5,65.0
2024,12,regular,,401632119,-1.9495769450826717,1.0,-3.0,0.4198849630238291,46.57752483518346,50.5,57.0
2024,12,regular,,401628547,3.6927041766684785,2.0,22.0,0.5858668857847165,43.334979056184096,47.5,54.0
2024,12,regular,,401635581,7.448415547374361,10.5,-8.0,0.7165160230073953,54.400785583135445,57.5,58.0
2024,12,regular,,401641022,-21.961915079202203,-21.0,-6.0,0.05341002465078061,42.861409896171764,43.5,40.0
2024,12,regular,,401643760,-6.341984892502292,-2.5,45.0,0.28923582580115037,59.32754890851258,62.0,65.0
2024,12,regular,,401636370,4.83158020754282,2.5,3.0,0.6277732128184059,54.16329060264967,50.5,31.0
2024,12,regular,,401654572,-1.0096887488285045,-2.5,-13.0,0.447822514379622,52.676262607069305,49.5,39.0
2024,12,regular,,401636361,11.009294827803084,14.0,22.0,0.8167625308134757,51.62897148677056,51.5,40.0
2024,12,regular,,401636351,-8.072027083228889,-7.5,-6.0,0.24979457682826622,51.76155633867369,48.5,26.0
2024,12,regular,,401634124,16.60615980666783,15.5,11.0,0.9079704190632704,70.66263711816843,63.5,45.0
2024,12,regular,,401675123,-2.1850241237068846,-8.0,-7.0,0.4108463434675431,60.650312456265446,60.5,47.0
2024,12,regular,,401634239,30.197393416973693,30.5,31.0,0.9876746096959738,50.20774487988611,49.5,51.0
2024,12,regular,,401628985,23.30709779622581,21.5,21.0,0.9704190632703369,51.62254981173275,51.0,49.0
2024,12,regular,,401628552,-29.043416069712812,-30.0,-39.0,0.02218570254724733,53.09224089743802,51.5,59.0
2024,12,regular,,401634188,15.401060581784623,13.5,38.0,0.8915365653245686,60.94192925115006,57.5,80.0
2024,12,regular,,401645368,-4.440124070106546,1.5,-35.0,0.3286770747740345,54.62600055367102,53.5,83.0
2024,12,regular,,401628420,-4.116912612351522,-3.0,11.0,0.3360723089564503,58.921395741006336,56.5,43.0
2024,12,regular,,401635517,-20.05368450881497,-21.0,3.0,0.07066557107641742,54.66172155439824,57.5,73.0
2024,12,regular,,401635580,16.261232728267284,19.0,10.0,0.903861955628595,59.55484576912299,54.0,66.0
2024,12,regular,,401643757,-5.88268209649078,-2.5,28.0,0.2999178307313065,44.61346951757294,44.5,28.0
2024,12,regular,,401636929,0.9746840263480112,-2.0,-14.0,0.5061626951520132,62.137729408013826,60.0,84.0
2024,12,regular,,401628549,8.261317788573262,6.5,8.0,0.7378800328677074,48.38997229188241,50.5,48.0
2024,12,regular,,401643833,-4.598574876278691,-1.5,-3.0,0.32621199671322926,47.35676128339779,50.5,67.0
2024,12,regular,,401643830,9.036643343867452,7.0,-8.0,0.7674609695973705,52.73157728703764,53.5,48.0
2024,12,regular,,401632129,-8.287428556795453,-4.5,-3.0,0.2407559572719803,53.75933994851326,54.5,65.0
2024,12,regular,,401634122,7.805152246293762,5.0,35.0,0.723911257189811,72.52403672379124,69.5,119.0
2024,12,regular,,401638695,23.856175699959405,27.5,39.0,0.971240755957272,57.42121035562926,54.5,51.0
2024,12,regular,,401634037,1.1910251002142143,-1.5,17.0,0.5119145439605588,46.442331456961185,45.5,31.0
2024,12,regular,,401654536,-6.338430338911877,-8.0,-47.0,0.28923582580115037,51.450985799209434,47.5,61.0
2024,12,regular,,401628423,7.609686827556901,10.5,4.0,0.7181594083812654,46.90230339578571,42.5,64.0
2024,12,regular,,401643831,2.5810155770148238,2.5,-7.0,0.5505341002465078,56.642723905714035,59.5,47.0
2024,12,regular,,401634121,-9.159159209607033,-7.5,3.0,0.21857025472473296,61.186500011337216,58.5,49.0
2024,12,regular,,401628548,3.938767571407951,4.5,-14.0,0.5973705834018077,55.786614000502915,54.5,48.0
2024,12,regular,,401643758,-13.96017341818673,-14.5,-21.0,0.15365653245686114,60.59754641238462,62.0,63.0
2024,12,regular,,401636927,8.839967409398557,7.5,-10.0,0.76253081347576,51.3537685897364,51.5,38.0
2024,12,regular,,401643835,26.09171268830393,27.5,55.0,0.9786359901396877,57.056353149200234,56.5,61.0
2024,12,regular,,401643834,7.157624064786118,6.5,-2.0,0.7074774034511093,57.504145229090014,60.0,46.0
2024,12,regular,,401632139,7.142396546562842,3.0,-4.0,0.7074774034511093,63.299886443400084,57.5,66.0
2024,12,regular,,401628551,-14.630887826718652,-13.5,-3.0,0.142974527526705,47.36459113459797,49.5,29.0
2024,12,regular,,401628421,8.957034677450679,8.5,14.0,0.7641741988496302,48.19685396903528,47.0,48.0
2024,12,regular,,401628424,34.369748317577056,38.5,35.0,0.9975349219391948,54.11904371715052,54.5,41.0
2024,12,regular,,401634125,-10.4347079110686,-7.0,-2.0,0.19309778142974526,55.777685081698976,55.5,58.0
2024,12,regular,,401634123,14.21134155728755,10.5,7.0,0.8759244042728019,53.91418537198288,55.5,55.0
2024,12,regular,,401635583,14.360690989266125,10.5,7.0,0.8775677896466721,64.94435364681041,64.5,55.0
2024,12,regular,,401645367,16.74372700090987,16.5,35.0,0.9096138044371405,64.22722603706512,62.0,71.0
2024,12,regular,,401636926,7.299951871767,7.0,17.0,0.7115858668857847,47.14874328610452,52.5,51.0
2024,12,regular,,401643761,-16.30200081690082,-10.5,3.0,0.11503697617091208,74.5258512191741,72.0,73.0
2024,12,regular,,401636924,5.4897596578360615,2.5,-4.0,0.6524239934264585,56.91701547838724,55.5,30.0
2024,12,regular,,401643762,22.218628527078888,21.5,21.0,0.9654889071487264,55.842022090290996,55.0,61.0
2024,13,regular,,401644769,-7.428419727041055,-10.5,-21.0,0.2678169542385596,58.79639815652766,49.0,55.0
2024,13,regular,,401644770,-4.7958309594418145,-6.0,2.0,0.32483120780195046,66.79370388670921,56.0,30.0
2024,13,regular,,401644690,0.7394931824277291,1.5,11.0,0.495873968492123,35.447544618341325,43.0,29.0
2024,13,regular,,401644772,0.7548999951545845,1.0,-17.0,0.4966241560390098,56.8146192532573,53.5,57.0
2024,13,regular,,401644773,5.684061587540236,1.5,-17.0,0.6556639159789948,46.11972944631722,45.5,31.0
2024,13,regular,,401634039,-2.2496342735133568,-4.5,-3.0,0.39909977494373594,46.548484720568254,47.5,35.0
2024,13,regular,,401634772,8.670728597891447,7.5,1.0,0.7501875468867217,54.98329883342865,51.0,59.0
2024,13,regular,,401645374,15.99008104767583,16.5,24.0,0.8987246811702926,57.933597450586916,56.0,78.0
2024,13,regular,,401628558,11.110220531363156,14.0,7.0,0.8237059264816204,53.45138934940877,49.0,41.0
2024,13,regular,,401643767,-10.202976957631407,-7.5,-11.0,0.1980495123780945,62.00361242156886,59.5,43.0
2024,13,regular,,401628429,-12.64299732895945,-13.0,7.0,0.16204051012753187,56.602316319700456,57.5,41.0
2024,13,regular,,401628695,4.649264062955298,5.5,27.0,0.6219054763690923,52.21634297718051,49.5,27.0
2024,13,regular,,401628555,11.490370790288342,10.5,23.0,0.8289572393098275,56.24656957042073,52.5,53.0
2024,13,regular,,401628556,-8.731540907626176,-4.0,-16.0,0.23105776444111029,51.783253045011,40.5,42.0
2024,13,regular,,401628554,0.43604188831543667,2.25,-7.0,0.4883720930232558,49.31124277819224,47.75,69.0
2024,13,regular,,401635612,-1.896600558320101,-2.0,20.0,0.41410352588147037,60.196815110557566,50.5,62.0
2024,13,regular,,401635618,25.949259238272166,23.5,28.0,0.9774943735933983,67.82551826170751,67.0,56.0
2024,13,regular,,401635619,-13.765588404312123,-10.5,-26.0,0.14928732183045762,58.9146174185404,54.5,40.0
2024,13,regular,,401654462,11.866099204635676,13.5,28.0,0.8334583645911477,54.25470019629117,52.5,84.0
2024,13,regular,,401654581,-6.4919089134775865,-5.5,7.0,0.28507126781695424,56.53957893920899,48.5,35.0
2024,13,regular,,401635518,8.078682836484456,10.0,7.0,0.7344336084021005,55.788967210730696,53.5,55.0
2024,13,regular,,401654496,8.20444703115831,7.5,8.0,0.735933983495874,52.87399827754598,45.5,26.0
2024,13,regular,,401654600,-0.6130139956048,-4.5,-7.0,0.4568642160540135,46.04999491294038,41.5,63.0
2024,13,regular,,401644605,5.930101694116443,3.5,-5.0,0.6594148537134283,59.71479892373202,49.5,63.0
2024,13,regular,,401634142,-18.835809205164086,-16.5,-7.0,0.09302325581395349,49.03613103146605,41.5,25.0
2024,13,regular,,401654623,5.6884975139705976,6.0,24.0,0.6556639159789948,52.359440835549954,52.5,52.0
2024,13,regular,,401641005,2.8793342804099393,5.5,10.0,0.568642160540135,56.382666231902284,57.5,32.0
2024,13,regular,,401654610,19.328361052110623,14.0,18.0,0.9392348087021756,48.159694511503076,47.5,44.0
2024,13,regular,,401654640,-11.142439917152732,-13.5,-34.0,0.18454613653413354,48.42724129606575,47.5,34.0
2024,13,regular,,401628430,41.426036629897034,42.5,38.0,0.9992498124531133,53.43693188815788,55.5,80.0
2024,13,regular,,401628699,-13.484414317892371,-12.0,-14.0,0.15378844711177794,54.083798717080285,45.5,56.0
2024,13,regular,,401628435,33.822895971029986,41.5,56.0,0.9969992498124531,50.07642955569132,54.0,56.0
2024,13,regular,,401640996,-1.1537129119320855,1.0,17.0,0.4441110277569392,56.06532237984626,55.5,59.0
2024,13,regular,,401654653,5.793968199249115,5.5,14.0,0.6586646661665416,54.710519654014284,48.5,82.0
2024,13,regular,,401634259,-14.157004484555364,-14.0,-14.0,0.14703675918979744,63.96994528600522,55.5,84.0
2024,13,regular,,401654537,2.573608419598924,1.5,14.0,0.5573893473368342,43.331030691546744,41.5,56.0
2024,13,regular,,401628694,0.09607177648460385,-1.5,10.0,0.4763690922730683,46.50923186138716,46.5,66.0
2024,13,regular,,401628693,-4.24497762052098,-3.0,-18.0,0.34508627156789196,50.117874223770244,45.5,36.0
2024,13,regular,,401628698,-1.6138596436769392,3.0,7.0,0.42610652663165793,51.722875535524345,44.5,75.0
2024,13,regular,,401634168,1.0714665815097475,3.5,22.0,0.5048762190547637,56.61203916054173,54.5,48.0
2024,13,regular,,401654635,-2.4381889539603194,-10.0,1.0,0.3938484621155289,50.07842661705202,48.5,41.0
2024,13,regular,,401628697,0.745810012393043,-3.0,-8.0,0.4966241560390098,65.50442339618482,59.5,102.0
2024,13,regular,,401628696,-15.791216520539834,-17.0,-10.0,0.12528132033008252,54.33212337055035,47.5,52.0
2024,13,regular,,401634011,13.065659611188078,13.0,17.0,0.8559639909977494,50.86584093735065,47.5,29.0
2024,13,regular,,401654504,-25.66083009545892,-23.5,-42.0,0.0345086271567892,57.54570107517537,52.5,62.0
2024,13,regular,,401634196,11.226312890952151,17.0,62.0,0.8259564891222806,61.81733045345669,56.5,62.0
2024,13,regular,,401638698,-9.529320262628827,-9.5,3.0,0.2108027006751688,53.798638204026425,48.5,57.0
2024,13,regular,,401654469,-5.36425931699145,-4.5,3.0,0.31357839459864967,56.67652333643951,46.5,37.0
2024,13,regular,,401638702,-4.689702297059944,-6.5,-23.0,0.3293323330832708,42.19704026892025,40.5,51.0
2024,13,regular,,401638701,-22.107883736429688,-19.5,-39.0,0.04951237809452363,53.470821731028984,51.5,59.0
2024,13,regular,,401654615,-2.0403237963967897,3.0,-16.0,0.40660165041260315,50.70265320795531,45.5,22.0
2024,13,regular,,401635616,36.553347275081904,33.25,34.0,0.9984996249062266,36.303576634979066,44.5,48.0
2024,13,regular,,401654543,16.016101820189988,18.0,32.0,0.8987246811702926,54.168144378074516,53.5,74.0
2024,13,regular,,401634211,-4.578326451381361,-3.0,1.0,0.33158289572393096,54.57904813860879,55.5,57.0
2024,13,regular,,401632142,-5.459642822716888,-4.0,-7.0,0.31207801950487624,48.51815593721152,44.5,41.0
2024,13,regular,,401634179,7.6929423112341215,8.5,7.0,0.7231807951987997,49.02472143292801,44.5,75.0
2024,13,regular,,401638700,1.7928208510798491,2.5,23.0,0.5303825956489122,42.86655686145771,40.5,41.0
2024,13,regular,,401634041,-19.71424342956213,-21.5,-14.0,0.08027006751687922,59.7179042437311,,62.0
2024,13,regular,,401628700,-3.648300934667698,-4.5,-22.0,0.36459114778694673,52.31356556194974,50.5,68.0
2024,13,regular,,401632132,9.494199450711973,4.0,6.0,0.7771942985746436,49.85497485348918,49.5,36.0
2024,13,regular,,401634130,13.469924353933889,16.5,23.0,0.859714928732183,57.8709928090375,54.5,45.0
2024,13,regular,,401638699,-12.287744393518864,-8.0,1.0,0.16429107276819205,60.71959689741951,57.5,35.0
2024,13,regular,,401634012,-8.519689802589811,-7.0,17.0,0.23630907726931732,69.31265029626519,68.5,73.0
2024,13,regular,,401645373,-2.959037494708915,-7.0,26.0,0.3825956489122281,56.40066642628724,52.25,54.0
2024,13,regular,,401644774,-11.718652210527583,-12.5,-25.0,0.17404351087771944,55.690381756872775,54.5,51.0
2024,13,regular,,401643836,-11.105386965664444,-7.0,14.0,0.18454613653413354,58.813113261977314,57.5,54.0
2024,13,regular,,401641027,3.0454585213162373,3.5,-15.0,0.5783945986496624,52.18735650977342,53.5,57.0
2024,13,regular,,401634189,-14.17790276071515,-14.5,-36.0,0.14703675918979744,58.33151882235544,58.5,54.0
2024,13,regular,,401634040,17.716419965107004,17.5,38.0,0.9227306826706677,59.192686955618115,55.5,86.0
2024,13,regular,,401636935,10.867758235696451,10.5,21.0,0.8169542385596399,57.17612414292505,60.0,77.0
2024,13,regular,,401634151,21.40587189922471,14.0,26.0,0.9609902475618904,53.85727860354374,51.5,72.0
2024,13,regular,,401636392,-10.486291759040299,-9.5,-38.0,0.19654913728432108,53.17683083285091,49.5,58.0
2024,13,regular,,401636362,-6.484591932962042,-3.5,-8.0,0.28507126781695424,58.048396893336545,58.5,54.0
2024,13,regular,,401636352,9.783742061869239,9.0,3.0,0.786946736684171,47.15699803191812,47.5,15.0
2024,13,regular,,401634013,18.620611363672264,19.5,7.0,0.9309827456864216,55.56027480749529,56.5,59.0
2024,13,regular,,401632143,20.191808334094176,19.0,3.0,0.9489872468117029,57.75118299707084,53.5,71.0
2024,13,regular,,401634127,10.708653500508143,14.0,11.0,0.8124531132783196,56.80485355110211,54.5,45.0
2024,13,regular,,401640987,-13.203157503201215,-9.0,1.0,0.15528882220555137,46.26697453400995,42.0,53.0
2024,13,regular,,401643841,-17.122382914670112,-24.0,-21.0,0.1072768192048012,53.62135682660676,54.0,49.0
2024,13,regular,,401634128,6.271598151708606,5.5,12.0,0.6699174793698425,62.19352045765579,61.5,48.0
2024,13,regular,,401638350,-1.828164458956659,-2.5,-5.0,0.4156039009752438,57.850225445342495,58.5,89.0
2024,13,regular,,401678896,1.4955205067166415,1.0,13.0,0.5176294073518379,62.670297445609975,58.5,51.0
2024,13,regular,,401645371,-0.5629936825951647,-3.0,-12.0,0.45911477869467365,54.587266860154884,49.5,66.0
2024,13,regular,,401632131,7.043507765051325,3.0,25.0,0.6999249812453113,57.26700150395258,57.5,53.0
2024,13,regular,,401643839,3.1291174603771776,3.0,7.0,0.5813953488372093,52.667169767303236,51.5,49.0
2024,13,regular,,401645375,17.072256764640176,17.0,33.0,0.90847711927982,63.0112546319527,60.0,93.0
2024,13,regular,,401643837,0.8752203168903215,2.0,-20.0,0.49962490622655664,62.347180887564896,59.5,32.0
2024,13,regular,,401643766,3.0839177755179525,5.0,21.0,0.5791447861965492,60.38559565267479,60.0,61.0
2024,13,regular,,401628560,-0.7306044620933163,1.5,19.0,0.45461365341335336,35.991380031395586,40.5,69.0
2024,13,regular,,401628559,-12.18874265441664,-11.0,-1.0,0.16579144786196548,42.40629871607501,45.0,51.0
2024,13,regular,,401628557,10.558364992069544,10.5,44.0,0.8042010502625656,37.94732185882011,35.0,56.0
2024,13,regular,,401628436,21.056722415053514,18.5,17.0,0.9564891222805701,43.53648029064499,47.0,45.0
2024,13,regular,,401645372,0.4930205877547196,2.5,-12.0,0.4898724681170293,68.94922174177947,73.5,68.0
2024,13,regular,,401636932,-3.9371206719318153,-1.5,16.0,0.3563390847711928,60.35765113391343,59.5,58.0
2024,13,regular,,401635613,15.317554847605091,15.0,3.0,0.8874718679669917,51.75993979026495,53.5,45.0
2024,13,regular,,401636934,1.2426351322914608,-5.0,-8.0,0.5131282820705176,67.08404811807867,63.5,104.0
2024,13,regular,,401636371,-11.15523658844535,-10.5,-3.0,0.18454613653413354,48.83929732212941,44.5,79.0
2024,13,regular,,401636937,-1.1744252153107233,-3.0,10.0,0.4433608402100525,64.16037794479973,60.5,52.0
2024,13,regular,,401636930,-0.15723358558462341,3.5,5.0,0.4703675918979745,49.033149540363354,48.5,51.0
2024,13,regular,,401635614,53.207969428552275,49.0,37.0,1.0,50.43339929825487,58.5,65.0
2024,13,regular,,401628434,47.07398487500287,42.5,44.0,1.0,43.18619639287508,49.5,68.0
2024,13,regular,,401628427,16.660352861186134,23.5,21.0,0.9024756189047262,49.192864294809645,48.5,49.0
2024,13,regular,,401635617,7.631521770570501,7.5,28.0,0.7186796699174793,59.05729187401798,57.5,46.0
2024,13,regular,,401634131,15.150491476682662,16.5,32.0,0.886721680420105,58.623601677454786,55.5,58.0
2024,13,regular,,401628432,-13.181190471813755,-9.5,-19.0,0.15528882220555137,56.46378390809552,57.5,59.0
2024,13,regular,,401634014,-2.606890630748744,-6.5,7.0,0.3878469617404351,51.20011852914218,50.5,49.0
2024,13,regular,,401634132,-10.668148668877333,-13.5,-3.0,0.1942985746436609,59.85409485365686,57.5,81.0
2024,13,regular,,401643840,11.970405613166724,7.5,21.0,0.8372093023255814,49.10279732683078,51.5,81.0
2024,13,regular,,401634129,-14.394510579523352,-10.5,-23.0,0.14628657164291073,62.17133270879348,57.5,57.0
2024,13,regular,,401643764,-24.563483775291253,-22.0,-4.0,0.03900975243810953,56.9703502221845,54.0,30.0
2024,13,regular,,401628572,-9.920831239273866,-11.0,3.0,0.20330082520630158,59.21071517621195,56.5,79.0
2024,13,regular,,401640959,12.739308441239357,14.5,35.0,0.8499624906226556,44.73917792709769,44.5,63.0
2024,13,regular,,401643842,20.607482505882018,23.0,-8.0,0.9519879969992499,58.34419004859504,59.5,96.0
2024,13,regular,,401636931,-8.988807453341314,-7.0,-10.0,0.2250562640660165,50.07857388403264,51.0,30.0
2024,13,regular,,401636936,-6.521904496169524,-6.5,-3.0,0.28507126781695424,39.12244635930152,42.5,59.0
2024,13,regular,,401628428,-4.748837616148809,-2.5,2.0,0.3278319579894974,46.39152489426055,47.0,84.0
2024,13,regular,,401643838,0.7852143824170246,3.0,-7.0,0.4981245311327832,49.38200695469436,51.5,77.0
2024,13,regular,,401628433,-12.108484913610807,-14.0,21.0,0.16729182295573894,55.07072818575337,46.5,27.0
2024,13,regular,,401628431,8.922763371810104,9.5,7.0,0.7629407351837959,56.340403901647164,52.5,41.0
2024,13,regular,,401635615,-5.0152545374049975,-2.5,3.0,0.3210802700675169,47.61208157216674,45.5,59.0
2024,13,regular,,401636933,9.458022833134542,7.5,26.0,0.7764441110277569,50.81635077321795,54.5,56.0
2024,13,regular,,401634042,2.7847840344318486,3.0,-2.0,0.5648912228057015,45.8350789351623,45.5,50.0
2024,13,regular,,401628561,-9.056207938952227,-4.5,-6.0,0.2250562640660165,53.90939551104877,52.5,32.0
2024,13,regular,,401643765,3.9209744775891817,3.5,6.0,0.6024006001500375,47.89439478408109,43.5,50.0
2024,13,regular,,401643763,3.805419008045413,2.5,-3.0,0.6001500375093773,42.33795518507668,44.5,41.0
2024,14,regular,,401644776,21.65904387188592,23.5,36.0,0.9588477366255144,61.05985428806164,50.5,50.0
2024,14,regular,,401644775,-13.443635673976452,-9.5,7.0,0.15569272976680384,51.04326173149945,49.5,35.0
2024,14,regular,,401645376,10.398605608617885,12.5,-10.0,0.7983539094650206,58.267632047582225,54.5,58.0
2024,14,regular,,401644691,5.172891274501211,3.0,-16.0,0.6385459533607681,39.65924346693488,38.5,40.0
2024,14,regular,,401645379,-2.675801963019804,2.75,-14.0,0.3943758573388203,52.63035621964289,54.0,54.0
2024,14,regular,,401644777,15.129948848777977,17.5,21.0,0.8806584362139918,53.56933461304766,51.5,63.0
2024,14,regular,,401643769,21.04860547019611,17.5,16.0,0.9547325102880658,59.60186963239946,58.0,52.0
2024,14,regular,,401636938,11.23496706813103,15.0,52.0,0.8141289437585734,64.11659963467775,66.5,52.0
2024,14,regular,,401628568,-0.5668604937331013,-1.5,-17.0,0.4615912208504801,42.5140154464725,40.5,31.0
2024,14,regular,,401643770,7.471260926912704,5.5,5.0,0.7146776406035665,61.23593778741002,57.0,79.0
2024,14,regular,,401628442,28.796042533795152,26.0,12.0,0.9890260631001372,61.18044425962957,63.5,40.0
2024,14,regular,,401640997,-1.8974790416965153,-2.5,2.0,0.4218106995884774,47.50094402546654,47.5,38.0
2024,14,regular,,401643843,-2.3632867706732097,-2.5,-7.0,0.40397805212620025,62.77880109508148,61.0,83.0
2024,14,regular,,401634252,6.824946344411722,5.0,8.0,0.691358024691358,63.08437611174919,57.5,48.0
2024,14,regular,,401635625,3.9174408482093908,2.5,3.0,0.6042524005486969,52.196817230692915,54.5,65.0
2024,14,regular,,401628562,7.282131697399907,3.0,3.0,0.7091906721536351,40.39196871581048,41.5,23.0
2024,14,regular,,401628439,17.993411413815096,17.5,2.0,0.9272976680384087,51.14675661052259,49.0,86.0
2024,14,regular,,401636939,5.8142526827911745,10.0,-14.0,0.6570644718792867,49.86066424865866,46.5,42.0
2024,14,regular,,401628440,-8.628978028544893,-4.0,-27.0,0.2366255144032922,48.72748471455015,49.5,55.0
2024,14,regular,,401628444,3.13128344771485,2.5,-3.0,0.5816186556927297,57.247573481316785,49.0,31.0
2024,14,regular,,401628563,-9.530745008459272,-9.0,-10.0,0.22085048010973937,44.76224523811692,43.5,66.0
2024,14,regular,,401628566,20.809193321834673,20.0,-3.0,0.9506172839506173,43.928242233606014,41.5,23.0
2024,14,regular,,401629038,-11.410538397405713,-9.5,-5.0,0.18244170096021947,56.472542373322966,49.5,89.0
2024,14,regular,,401635622,-7.760786946265673,-3.5,-6.0,0.25651577503429357,52.714982355353236,53.0,40.0
2024,14,regular,,401636941,-0.25268618934588577,-1.5,28.0,0.4718792866941015,60.85057547723109,62.0,62.0
2024,14,regular,,401643848,-12.183199232650432,-8.5,-14.0,0.17421124828532236,52.54006034122466,50.0,60.0
2024,14,regular,,401628446,-9.534724959697684,-9.5,-13.0,0.22085048010973937,50.276140116615856,47.0,59.0
2024,14,regular,,401729731,-0.5597891454759539,-3.0,-8.0,0.4615912208504801,49.92935378316973,53.5,62.0
2024,14,regular,,401645381,-9.073968441131607,-11.0,-7.0,0.22839506172839505,67.39434525234513,63.5,41.0
2024,14,regular,,401729737,9.93622293007713,15.0,4.0,0.7846364883401921,47.51629634054023,45.5,38.0
2024,14,regular,,401636945,0.4002650940149889,2.5,37.0,0.4924554183813443,68.60489656407205,62.5,67.0
2024,14,regular,,401645378,13.055814931512,6.5,5.0,0.855281207133059,52.053546696562435,53.0,53.0
2024,14,regular,,401729729,1.0657303227612505,0.5,-31.0,0.50960219478738,48.98663206157635,46.5,51.0
2024,14,regular,,401644780,6.654841069213675,6.5,8.0,0.6838134430727023,61.98513869644519,55.5,44.0
2024,14,regular,,401645382,-5.612599164385327,-5.5,7.0,0.31344307270233196,55.22136933566676,54.0,63.0
2024,14,regular,,401640988,9.428472152091825,9.5,11.0,0.7702331961591221,49.65935542214352,51.0,59.0
2024,14,regular,,401729736,7.60019228907274,9.0,5.0,0.7194787379972565,41.175603807028864,47.5,39.0
2024,14,regular,,401729730,5.8420134243289645,10.5,-4.0,0.6584362139917695,49.06791373413429,49.5,36.0
2024,14,regular,,401636386,-1.8955830312101,3.0,10.0,0.4218106995884774,45.19683408659231,45.5,38.0
2024,14,regular,,401643845,-1.7323905444321774,0.5,-21.0,0.42661179698216734,57.99913740794716,53.0,75.0
2024,14,regular,,401643849,14.477781800377688,17.5,32.0,0.8751714677640604,47.90872297624678,49.0,72.0
2024,14,regular,,401643847,-7.0968527369162775,-5.5,-8.0,0.2757201646090535,53.881560702052624,58.5,72.0
2024,14,regular,,401635620,1.4781792832765457,3.5,11.0,0.5288065843621399,54.941442696108936,50.5,57.0
2024,14,regular,,401729738,-1.5288109111216883,-2.5,24.0,0.4327846364883402,56.95585143441801,55.5,24.0
2024,14,regular,,401729732,14.594280894414965,18.5,14.0,0.8751714677640604,47.30577077950747,49.5,72.0
2024,14,regular,,401644779,15.750236741309989,13.5,8.0,0.8888888888888888,45.81357319267144,40.0,40.0
2024,14,regular,,401636940,-9.682686709000519,-7.5,-42.0,0.2187928669410151,51.108453343675706,53.5,56.0
2024,14,regular,,401635623,-13.021632630187932,-12.0,4.0,0.1598079561042524,67.11888031484892,67.5,80.0
2024,14,regular,,401628443,7.369211178039598,3.0,7.0,0.7119341563786008,51.32067609794048,51.0,49.0
2024,14,regular,,401645377,0.26236806948153385,1.0,2.0,0.49039780521262005,62.15726070556441,60.0,56.0
2024,14,regular,,401645380,-0.5724608568227477,1.0,-47.0,0.4615912208504801,60.72468630144515,57.5,79.0
2024,14,regular,,401628437,14.099580571486626,11.0,14.0,0.8717421124828533,49.916360518423176,51.0,42.0
2024,14,regular,,401628571,-9.930776842886669,-7.0,-14.0,0.2139917695473251,57.151464599287166,52.5,84.0
2024,14,regular,,401628567,-0.41959854529824536,1.5,-27.0,0.4663923182441701,47.165958617537214,46.5,55.0
2024,14,regular,,401635624,6.833028378542194,2.0,-5.0,0.6920438957475995,63.915761613867474,54.5,65.0
2024,14,regular,,401628565,24.32976943164864,26.0,37.0,0.9705075445816187,51.49672353374185,50.5,51.0
2024,14,regular,,401635621,13.899516697045438,12.5,32.0,0.8683127572016461,56.67428302595718,54.5,44.0
2024,14,regular,,401628570,5.016709250879865,7.5,7.0,0.6330589849108368,47.08020877558221,46.5,33.0
2024,14,regular,,401641014,14.92330891313388,10.5,33.0,0.8772290809327846,44.30963213242196,41.5,33.0
2024,14,regular,,401641031,1.645034052089484,3.5,-7.0,0.5363511659807956,53.37963833440676,51.5,77.0
2024,14,regular,,401641006,3.4220835419752387,-0.5,2.0,0.5925925925925926,62.448060488465785,62.5,36.0
2024,14,regular,,401636943,-2.048440484406788,-2.5,-7.0,0.4163237311385459,58.76995230576317,58.5,33.0
2024,14,regular,,401643844,5.358620933317455,2.5,9.0,0.6426611796982168,61.0474889348538,60.5,49.0
2024,14,regular,,401643773,18.74994755612085,18.5,-1.0,0.9334705075445816,56.25390215986788,55.0,29.0
2024,14,regular,,401628438,-8.68597002572716,-17.0,-20.0,0.2345679012345679,44.85609633284463,46.0,42.0
2024,14,regular,,401628441,2.50275345568222,6.0,20.0,0.5651577503429356,53.65746843659129,48.0,54.0
2024,14,regular,,401628564,26.826286434982304,28.5,66.0,0.9842249657064472,63.213190940149964,56.5,66.0
2024,14,regular,,401628445,-6.521457985239043,-4.5,-10.0,0.289437585733882,52.348674140592465,50.0,24.0
2024,14,regular,,401636944,0.4769239862154204,2.0,8.0,0.49382716049382713,49.29875641115282,51.5,50.0
2024,14,regular,,401628569,19.30549793479687,17.5,28.0,0.9389574759945131,46.45776125594505,50.5,70.0
2024,14,regular,,401635640,13.570123072002806,4.5,20.0,0.8628257887517147,49.6632843788611,44.5,54.0
2024,14,regular,,401643846,4.451266312744709,3.5,-2.0,0.6165980795610425,52.923628716693585,52.0,68.0
2024,14,regular,,401643772,19.14632058340022,17.5,24.0,0.9368998628257887,59.168193650494864,54.5,52.0
2024,14,regular,,401636942,16.019411846104127,12.0,12.0,0.8943758573388203,39.83413546075659,40.5,48.0
2024,14,regular,,401729734,11.4218323449693,18.0,14.0,0.8196159122085048,53.923646134759444,48.5,68.0
2024,14,regular,,401643768,-3.505975806021169,-6.0,-11.0,0.37448559670781895,39.30868691189296,43.5,51.0
2024,14,regular,,401643771,2.6638836541344073,-6.5,8.0,0.5685871056241426,61.341823706526014,61.5,68.0
2024,15,regular,,401673466,1.138932266701164,4.5,40.0,0.5172638436482084,59.40528022138961,58.5,64.0
2024,15,regular,,401673462,-1.081657721081283,-5.0,21.0,0.44169381107491856,46.574371545404134,46.5,49.0
2024,15,regular,,401673468,5.210918864641976,4.0,14.0,0.6397394136807818,65.93798992922936,57.5,28.0
2024,15,regular,,401673465,-1.9679248345160716,-1.5,26.0,0.41368078175895767,48.79426910576587,51.0,64.0
2024,15,regular,,401673467,1.0021075028139501,2.5,-35.0,0.5087947882736157,37.93478057066844,44.0,41.0
2024,15,regular,,401729754,4.99407260938771,11.5,7.0,0.6338762214983713,52.69856647846033,54.5,19.0
2024,15,regular,,401729750,20.454963512596198,22.5,17.0,0.949185667752443,53.96172321016143,44.5,53.0
2024,15,regular,,401673471,17.684685482677164,13.5,28.0,0.9192182410423453,48.61794761788749,47.5,54.0
2024,15,regular,,401729756,9.729546707702852,7.5,7.0,0.7791530944625407,51.17077978937836,48.5,27.0
2024,15,regular,,401729743,15.57482264428667,19.0,32.0,0.8899022801302932,55.28609116062535,54.5,66.0
2024,15,regular,,401729745,20.782984062238704,21.5,20.0,0.952442996742671,63.18958524921883,58.5,82.0
2024,15,regular,,401729752,10.724035972523232,18.5,11.0,0.8045602605863192,53.50066609274969,56.5,73.0
2024,15,regular,,401729753,5.747755042470747,10.5,32.0,0.6560260586319219,53.33430497975116,55.5,52.0
2024,15,regular,,401673469,2.202292810674903,3.0,-3.0,0.5570032573289903,51.153814630704474,51.0,41.0
2024,15,regular,,401673470,3.150798676549045,5.0,-28.0,0.5811074918566775,58.296115401984366,57.5,34.0
2024,15,regular,,401673464,1.3955424588952918,3.5,8.0,0.5250814332247556,49.91925361696764,51.5,82.0
2024,15,regular,,401673463,3.644519192101217,2.5,-3.0,0.6,60.527088997033616,56.5,65.0
2024,16,regular,,401729780,14.005728352192083,14.5,33.0,0.8699291693496458,51.74388790786675,56.0,71.0
2024,16,regular,,401729781,19.515778437953458,20.5,41.0,0.9401159047005795,55.32125989867569,54.5,69.0
2024,16,regular,,401645383,5.82808493174187,6.5,-18.0,0.6619446233097231,43.908789244598196,39.0,44.0
2024,16,regular,,401729785,15.525843082987361,23.5,24.0,0.8892466194462331,56.96474466975823,52.5,38.0
2024,16,regular,,401729783,8.511060780555283,7.0,14.0,0.7475853187379266,56.608214001843265,58.5,56.0
2024,16,postseason,Other bowl,401677076,-4.1553633571051884,3.5,-21.0,0.35157759175788794,60.88825208951944,54.5,35.0
2024,16,postseason,Other bowl,401677077,-5.867673655785051,-6.0,-7.0,0.30521571152607857,62.915724036817565,54.5,53.0
2024,16,postseason,Other bowl,401677080,-2.3061181524591636,-5.0,-5.0,0.40180296200901483,61.7305634391754,60.5,79.0
2024,16,postseason,Other bowl,401677079,5.251127553030738,7.5,10.0,0.6439150032195751,52.6473476513645,50.5,44.0
2024,16,postseason,Other bowl,401677081,4.1179341669210565,3.0,11.0,0.6123631680618158,54.80375236395007,45.0,37.0
2024,16,postseason,Other bowl,401677082,-2.0169449687061114,-3.5,5.0,0.4101738570508693,45.8100386557621,48.5,57.0
2024,16,postseason,Other bowl,401677083,-2.260269490640402,-6.5,-3.0,0.40244687701223436,54.74528792364892,57.5,57.0
2024,16,postseason,Other bowl,401677084,-1.0988500575756739,10.0,25.0,0.437862202189311,53.56420360056012,49.5,41.0
2024,16,postseason,CFP,401677179,10.638225047515162,7.0,10.0,0.8036059240180297,61.836663343447356,50.5,44.0
2024,17,postseason,FCS playoff,401729786,-1.3048640653974588,-3.5,7.0,0.4320357370772176,52.794188313174686,49.5,49.0
2024,17,postseason,CFP,401677178,5.510009591860937,7.5,28.0,0.6509253350350989,56.24634788935912,52.5,48.0
2024,17,postseason,FCS playoff,401729787,7.211003537994298,9.5,14.0,0.7096362476068921,55.71141169644614,56.5,48.0
2024,17,postseason,CFP,401677176,10.16036745143746,13.5,14.0,0.7913209955328654,51.422774746133356,49.5,62.0
2024,17,postseason,CFP,401677177,10.722329144523652,7.5,25.0,0.8091895341416719,47.22915954693039,47.0,59.0
2024,17,postseason,Other bowl,401677085,4.906205619187184,12.5,29.0,0.6349712827058073,63.53648144452757,56.5,59.0
2024,17,postseason,Other bowl,401677086,-2.753712982073796,-2.5,-8.0,0.39183152520740266,42.5693775309373,40.5,48.0
2024,17,postseason,Other bowl,401677087,-1.8436939036797213,-1.5,-2.0,0.4192724952137843,59.259581387314824,66.5,80.0
2024,17,postseason,Other bowl,401677180,-3.963703963212631,-6.5,2.0,0.3580089342693044,51.88336083207161,48.5,94.0
2024,17,postseason,Other bowl,401677088,10.257949188788974,7.25,3.0,0.7951499680918953,52.463114274862114,52.0,85.0
2024,17,postseason,Other bowl,401677089,12.023173850413968,10.5,-7.0,0.8359923420548819,52.060384510209104,54.5,69.0
2024,17,postseason,Other bowl,401677090,-4.1385395348442255,-2.5,1.0,0.35290363752393106,49.235462927299494,44.0,41.0
2024,17,postseason,Other bowl,401677091,-4.113627118975372,-3.0,8.0,0.35290363752393106,52.94696010472903,49.0,62.0
2024,17,postseason,Other bowl,401677092,-1.0938708074900954,-3.5,13.0,0.4390555201021059,66.26408322201931,52.5,65.0
2024,17,postseason,Other bowl,401729867,-2.340090006317129,-19.0,-17.0,0.40523292916400766,64.29674841068035,58.5,87.0
2024,18,postseason,Other bowl,401677093,-1.4496498450478148,-3.5,4.0,0.42604298356510745,57.28350929780582,56.5,66.0
2024,18,postseason,Other bowl,401677094,6.098054532868591,2.0,-13.0,0.6750948166877371,61.38851515018642,53.5,41.0
2024,18,postseason,Other bowl,401677095,2.68001658584442,3.5,5.0,0.5707964601769911,44.68423352886042,47.5,35.0
2024,18,postseason,Other bowl,401677096,8.032352465752826,9.5,31.0,0.7351453855878635,60.32698810206338,59.5,37.0
2024,18,postseason,Other bowl,401677097,6.140273942544577,5.0,-1.0,0.6763590391908976,62.19940731230603,61.5,83.0
2024,18,postseason,Other bowl,401677188,-4.614245447507463,-1.5,-26.0,0.33754740834386854,40.203625837052606,42.5,60.0
2024,18,postseason,Other bowl,401677098,5.143278587229659,7.5,-5.0,0.640960809102402,58.748034256484125,60.5,47.0
2024,18,postseason,Other bowl,401677099,2.7311591608752632,3.0,-22.0,0.5720606826801518,55.307100070035276,55.5,50.0
2024,18,postseason,Other bowl,401677100,16.96816747021055,14.5,21.0,0.9134007585335019,40.18912589719196,44.5,33.0
2024,18,postseason,Other bowl,401677101,-0.4544285466428408,1.5,3.0,0.45512010113780027,44.03593578007937,41.0,51.0
2024,18,postseason,Other bowl,401677102,-10.332600644384044,-16.5,6.0,0.20290771175726927,45.47476654992279,45.5,32.0
2024,18,postseason,Other bowl,401677190,-10.224908293575863,1.0,-1.0,0.2054361567635904,51.5026519938658,50.5,69.0
2024,18,postseason,Other bowl,401677103,-9.30510894497033,-9.5,4.0,0.22756005056890014,51.63959232577277,50.0,38.0
2024,18,postseason,Other bowl,401677104,0.7096773069470272,-3.0,13.0,0.5006321112515802,61.25036501342787,62.5,75.0
2024,18,postseason,CFP,401677181,-9.52101022524308,-12.0,-17.0,0.22313527180783818,54.23302966783527,54.5,45.0
2024,18,postseason,CFP,401677182,-10.487743801983875,-13.5,-8.0,0.1997471554993679,48.828830781504365,52.5,70.0
2024,18,postseason,CFP,401677183,-2.189782725143768,-2.5,-20.0,0.4102402022756005,51.863757007982954,55.5,62.0
2024,18,postseason,CFP,401677184,-3.558663984102731,-1.0,-13.0,0.3697850821744627,55.587217865588414,46.0,33.0
2024,18,postseason,Other bowl,401677105,15.474163126341098,17.0,32.0,0.888748419721871,49.56381640315192,50.5,72.0
2024,18,postseason,Other bowl,401677106,10.95908920032012,15.5,2.0,0.8135271807838179,73.53515371018037,66.5,58.0
2024,18,postseason,Other bowl,401677107,1.6212835512527248,-10.0,-14.0,0.5347661188369153,45.68224119736794,43.5,34.0
2024,19,postseason,Other bowl,401677108,6.552768254588769,-4.0,-19.0,0.6874610106051154,56.91424947775351,50.5,33.0
2024,19,postseason,FCS playoff,401680057,-0.7826789592854315,5.25,-3.0,0.45227698066126015,56.74875658209163,58.5,67.0
2024,19,postseason,CFP,401677189,-2.2466435622979652,1.5,-3.0,0.404865876481597,49.95128093888923,45.5,51.0
2024,19,postseason,CFP,401677191,-3.968590061698348,-5.5,-14.0,0.35620711166562696,47.32684436068061,51.5,42.0
2024,21,postseason,CFP,401677192,-2.3261969379811633,-8.5,-11.0,0.40261356565028,49.62491957992344,45.5,57.0
2025,4,regular,,401762468,-7.433221272553947,-1.5,-11.0,0.24649859943977592,46.948419916772465,42.0,45.0
2025,4,regular,,401756900,7.933651939937438,10.0,-7.0,0.7478991596638656,57.352757350392956,54.5,31.0
2025,4,regular,,401752844,2.8558961531368605,-2.5,-10.0,0.5714285714285714,52.68586795848275,46.5,66.0
2025,4,regular,,401760376,-2.523705058499935,-1.5,-3.0,0.36134453781512604,48.6470504602544,49.5,79.0
2025,4,regular,,401762470,28.72796522244463,36.0,49.0,0.9971988795518207,55.52583100716743,58.5,77.0
2025,4,regular,,401752708,2.375056100632197,-7.0,1.0,0.5546218487394958,59.44940317202263,59.5,63.0
2025,4,regular,,401752845,2.4252266840461445,10.5,-17.0,0.5574229691876751,44.66068666063469,44.5,37.0
2025,4,regular,,401762469,-6.102628295158393,-2.5,-7.0,0.26330532212885155,56.40300757199362,50.5,83.0
2025,4,regular,,401754617,29.11131452296415,35.0,32.0,0.9971988795518207,47.599576041947,51.5,44.0
2025,4,regular,,401754642,20.008369205553972,26.5,23.0,0.9607843137254902,49.69292839967157,50.5,57.0
2025,4,regular,,401756901,5.120722666060443,3.5,-24.0,0.6666666666666666,63.54470709716824,58.5,44.0
2025,4,regular,,401754537,10.217536573493073,17.5,-13.0,0.8179271708683473,54.224038437789325,53.5,55.0
2025,4,regular,,401754636,10.025218931714631,6.5,11.0,0.8151260504201681,61.864233585230835,63.5,59.0
2025,4,regular,,401752715,25.49025032945646,39.0,32.0,0.9943977591036415,71.13805881109438,68.5,80.0
2025,4,regular,,401767672,6.3569853773913225,7.0,23.0,0.7086834733893558,62.78259585796805,59.5,65.0
2025,4,regular,,401762822,23.237444276511656,29.5,39.0,0.9831932773109243,49.514689176242,46.5,59.0
2025,4,regular,,401767286,17.254791330167272,17.0,2.0,0.9411764705882353,53.44024030063907,58.5,74.0
2025,4,regular,,401767342,5.258481215525695,-7.5,-29.0,0.6778711484593838,49.725928809771624,47.5,49.0
2025,4,regular,,401767541,6.222842650920341,17.0,21.0,0.7058823529411765,52.65319377152392,46.5,63.0
2025,4,regular,,401767613,5.498064089406865,2.5,-3.0,0.6862745098039216,51.876483833699524,41.5,31.0
2025,4,regular,,401767589,14.428852394209862,17.0,24.0,0.8991596638655462,48.91555285120522,42.5,52.0
2025,4,regular,,401767574,-3.632478737727447,-2.5,-38.0,0.3333333333333333,43.88040554141413,42.5,38.0
2025,4,regular,,401767580,12.43604061750284,10.5,15.0,0.8683473389355743,56.239110494273774,58.5,85.0
2025,4,regular,,401767107,25.906937069470562,29.5,17.0,0.9971988795518207,56.8902996326647,60.5,17.0
2025,4,regular,,401752841,35.24120662010951,34.0,34.0,1.0,58.767170937460165,58.5,48.0
2025,4,regular,,401752848,23.343959476537,24.5,26.0,0.9831932773109243,51.888136427831896,51.5,86.0
2025,4,regular,,401762823,28.81965608660063,30.5,17.0,0.9971988795518207,52.608363342325575,55.0,87.0
2025,4,regular,,401752714,7.7702887012010855,6.5,7.0,0.742296918767507,46.00143856565076,47.5,41.0
2025,4,regular,,401752711,14.819459088932831,12.5,35.0,0.907563025210084,57.54904626634519,61.5,55.0
2025,4,regular,,401757169,21.88052950843428,21.0,6.0,0.9747899159663865,58.918034898038755,53.5,56.0
2025,4,regular,,401752846,1.6502432388703545,-1.5,-3.0,0.5350140056022409,47.239608515788674,47.5,57.0
2025,4,regular,,401761610,-6.489828556254563,-2.5,3.0,0.2605042016806723,53.33558922624935,51.5,65.0
2025,4,regular,,401754640,4.790547719795537,7.0,25.0,0.6414565826330533,52.881277960397334,46.5,43.0
2025,4,regular,,401754541,28.70368801693116,45.0,56.0,0.9971988795518207,55.23181883223752,56.5,76.0
2025,4,regular,,401762820,-18.690615632332314,-13.0,1.0,0.07282913165266107,50.32781295897321,48.5,27.0
2025,4,regular,,401757262,-9.464280773986204,-7.5,-18.0,0.19607843137254902,48.351426512741384,46.5,44.0
2025,4,regular,,401761613,6.972441422067494,5.5,-4.0,0.7170868347338936,48.523752893404065,43.5,38.0
2025,4,regular,,401767405,-0.1587250868039023,1.0,-3.0,0.47058823529411764,45.24737533849513,47.5,59.0
2025,4,regular,,401754538,-5.8020803853213305,3.0,12.0,0.26330532212885155,55.662753856173715,57.5,78.0
2025,4,regular,,401767182,-7.438502238835962,-3.0,27.0,0.24649859943977592,48.786908501866336,46.5,41.0
2025,4,regular,,401767272,-9.279156496247799,-13.0,-42.0,0.19887955182072828,53.95881233194897,48.5,82.0
2025,4,regular,,401767162,7.286818572404738,11.5,27.0,0.7282913165266106,50.371885061910156,45.5,41.0
2025,4,regular,,401752712,17.770243640832298,24.0,28.0,0.9467787114845938,46.66166491378214,48.5,48.0
2025,4,regular,,401754542,17.205008914385154,24.5,21.0,0.9411764705882353,55.449598793531166,52.5,69.0
2025,4,regular,,401760375,11.484163471239539,14.0,3.0,0.8431372549019608,44.37119869666424,51.5,59.0
2025,4,regular,,401767114,5.032522567188753,5.5,8.0,0.6638655462184874,58.56443880081787,54.5,54.0
2025,4,regular,,401767151,3.4754769810070854,2.0,10.0,0.5966386554621849,61.03745181291937,56.5,42.0
2025,4,regular,,401767743,1.0530170713066611,1.5,2.0,0.5126050420168067,49.519531446730184,42.5,30.0
2025,4,regular,,401767278,13.593529322982999,10.5,21.0,0.8935574229691877,49.301585948059966,49.5,45.0
2025,4,regular,,401757261,-1.1212907856098908,-4.5,7.0,0.4173669467787115,50.60294806227273,58.0,49.0
2025,4,regular,,401767031,0.615752053715269,-1.5,2.0,0.5070028011204482,49.04950312571079,51.5,98.0
2025,4,regular,,401757259,15.202753395965239,4.0,-22.0,0.9159663865546218,51.20396441150784,54.5,54.0
2025,4,regular,,401767329,3.928631827451751,-3.0,-3.0,0.6162464985994398,52.701935696998504,54.5,59.0
2025,4,regular,,401767319,12.16483806949966,16.5,21.0,0.8599439775910365,47.825017095769795,45.5,35.0
2025,4,regular,,401767664,-9.3184946449669,-14.0,-17.0,0.19887955182072828,53.314173802724945,54.5,65.0
2025,4,regular,,401756899,10.072601168061073,12.5,31.0,0.8151260504201681,55.011717437501375,54.5,51.0
2025,4,regular,,401762821,16.963690023581428,10.5,44.0,0.9411764705882353,52.99877033094967,51.5,58.0
2025,4,regular,,401767121,0.6440998374788323,1.5,-3.0,0.5070028011204482,48.299420344815886,47.5,49.0
2025,4,regular,,401767218,-2.0205639217807265,-5.5,-28.0,0.36694677871148457,53.36771946884059,54.5,90.0
2025,4,regular,,401767061,6.229188305047956,13.0,21.0,0.7058823529411765,55.77263251174818,58.5,83.0
2025,4,regular,,401761611,13.059135920558399,14.5,-18.0,0.8907563025210085,51.09441600977134,51.5,58.0
2025,4,regular,,401767433,9.162529825631333,10.5,3.0,0.7899159663865546,53.424416368251315,46.5,51.0
2025,4,regular,,401767306,18.651321366512914,27.0,28.0,0.957983193277311,56.05632369236237,55.5,76.0
2025,4,regular,,401767210,3.56939814939874,-3.5,3.0,0.6050420168067226,50.214453357028816,58.5,57.0
2025,4,regular,,401761609,27.21354818841401,22.0,28.0,0.9971988795518207,54.315436500396416,57.5,62.0
2025,4,regular,,401760372,-9.133009451255255,-11.0,-12.0,0.20168067226890757,51.54826690798319,51.5,86.0
2025,4,regular,,401757260,38.42974655715132,35.5,35.0,1.0,57.00076166269254,60.5,55.0
2025,4,regular,,401757268,16.42870882499395,7.5,15.0,0.9327731092436975,52.73590413025798,54.5,47.0
2025,4,regular,,401752713,12.393084908963761,10.0,9.0,0.8683473389355743,51.646511593384105,48.5,49.0
2025,4,regular,,401767416,4.475711272469957,-3.5,3.0,0.6330532212885154,59.38697389576167,54.5,59.0
2025,4,regular,,401757264,-6.6280532762893305,-2.5,-14.0,0.2605042016806723,47.53906240687043,46.5,70.0
2025,4,regular,,401757265,11.909020668731825,14.5,32.0,0.8515406162464986,49.81476147249101,55.5,52.0
2025,4,regular,,401752709,10.039748013027086,8.5,19.0,0.8151260504201681,50.61703826200109,51.5,33.0
2025,4,regular,,401752843,4.433045813603126,7.0,53.0,0.6302521008403361,56.502350084229704,51.0,73.0
2025,4,regular,,401756896,-2.2667827371438305,3.0,-3.0,0.36134453781512604,59.4805758641438,60.5,51.0
2025,4,regular,,401752842,-14.398856616067206,-21.0,-35.0,0.12885154061624648,56.24834382997685,52.0,83.0
2025,4,regular,,401756898,-2.649795304627597,-6.5,-21.0,0.3585434173669468,49.14893111656809,49.5,47.0
2025,4,regular,,401757263,11.012858453474593,3.0,10.0,0.8375350140056023,48.64586513815652,51.5,50.0
2025,4,regular,,401752716,29.631511213428453,27.5,49.0,0.9971988795518207,56.33329333769639,53.5,91.0
2025,4,regular,,401754539,13.447154204763244,16.5,28.0,0.8907563025210085,52.665539253974025,48.5,68.0
2025,4,regular,,401752710,36.907998483094076,48.75,46.0,1.0,46.7700838633955,60.25,66.0
2025,4,regular,,401767239,-5.348784017625092,-2.0,14.0,0.28291316526610644,49.60427341684262,54.5,76.0
2025,4,regular,,401752723,33.46199490292018,39.5,55.0,1.0,44.13489578374889,51.5,55.0
2025,4,regular,,401760377,24.561040758607476,23.5,41.0,0.9915966386554622,64.48437882372802,63.0,55.0
2025,4,regular,,401761612,35.79194438966386,32.5,32.0,1.0,56.36387304705221,57.0,38.0
2025,4,regular,,401767072,5.608237451472946,10.5,18.0,0.6890756302521008,52.69667883450241,54.5,52.0
2025,4,regular,,401767308,-4.756481045661339,-6.5,11.0,0.3081232492997199,47.453453871519216,49.5,29.0
2025,4,regular,,401757267,5.63025483518892,5.5,-6.0,0.6890756302521008,48.89045536654291,47.0,56.0
2025,4,regular,,401767132,5.195412996092745,15.5,29.0,0.6722689075630253,53.64449493197074,59.5,61.0
2025,4,regular,,401767160,6.939139865230397,16.0,14.0,0.7170868347338936,56.57133440116959,53.5,62.0
2025,4,regular,,401760373,-7.313840699479011,-5.0,-1.0,0.24649859943977592,58.793737310351034,58.5,33.0
2025,4,regular,,401767157,1.8770784818808295,6.5,16.0,0.5434173669467787,64.06248880419079,61.5,84.0
2025,4,regular,,401756897,8.3019502396691,12.5,17.0,0.7703081232492998,40.92926029257608,45.5,57.0
2025,4,regular,,401754540,-14.441973389277887,-14.0,34.0,0.12044817927170869,44.5837089543378,47.0,34.0
2025,4,regular,,401752847,19.63302340303307,18.5,14.0,0.9607843137254902,62.095394644970504,55.5,76.0
2025,4,regular,,401760374,-6.481204760333161,-2.5,-2.0,0.2605042016806723,46.04568929429,47.5,44.0
2025,5,regular,,401762471,6.480652948460744,3.5,22.0,0.7176724137931034,48.18947542989556,52.5,34.0
2025,5,regular,,401754543,0.14710623972700448,-7.0,8.0,0.4827586206896552,59.87297874216045,60.5,84.0
2025,5,regular,,401756902,0.5178434376653711,3.0,3.0,0.5,54.21705513794807,54.5,51.0
2025,5,regular,,401752939,-15.54548789861895,-11.5,-3.0,0.10344827586206896,46.986977461750556,48.5,51.0
2025,5,regular,,401767614,21.12020657102104,25.5,34.0,0.9633620689655172,50.33666112359206,49.5,62.0
2025,5,regular,,401779328,4.448641702637863,18.0,26.0,0.6573275862068966,55.73186961868461,54.5,62.0
2025,5,regular,,401754545,6.861025836755007,-4.0,-35.0,0.7306034482758621,62.04292804325745,59.5,41.0
2025,5,regular,,401767721,7.174010062871613,11.5,9.0,0.7435344827586207,54.99932002305513,50.5,29.0
2025,5,regular,,401756905,9.527217634177875,5.5,-3.0,0.8017241379310345,55.5927217430762,56.0,71.0
2025,5,regular,,401754546,-13.598802920017155,-13.0,-1.0,0.12931034482758622,52.97076206932223,53.5,59.0
2025,5,regular,,401767697,-1.9156477128670115,-7.5,-7.0,0.39439655172413796,50.85960534681266,45.5,63.0
2025,5,regular,,401752850,-4.636258786909533,-6.5,2.0,0.3168103448275862,63.621070263969585,62.5,66.0
2025,5,regular,,401767734,14.694896393174707,9.5,14.0,0.896551724137931,50.968220726820704,47.5,74.0
2025,5,regular,,401756906,6.294095305622811,6.0,14.0,0.7112068965517241,52.544142639518725,48.5,54.0
2025,5,regular,,401767689,12.071703791672189,19.5,17.0,0.853448275862069,47.455517242835,48.5,65.0
2025,5,regular,,401752849,2.7998812173616843,3.5,3.0,0.5926724137931034,58.00356264483719,51.5,59.0
2025,5,regular,,401762825,8.771012536231241,7.5,15.0,0.7823275862068966,46.71936134443094,49.5,55.0
2025,5,regular,,401754547,-5.606887490612236,-3.0,-7.0,0.2823275862068966,61.34689594692142,53.5,61.0
2025,5,regular,,401752717,-5.04866245764023,-5.5,-43.0,0.3017241379310345,66.560450390091,63.5,69.0
2025,5,regular,,401767343,0.9059929000547675,-5.0,4.0,0.5086206896551724,50.51875645979853,54.5,66.0
2025,5,regular,,401767406,1.7173272315940264,-2.5,5.0,0.5538793103448276,50.951805490674914,47.5,31.0
2025,5,regular,,401761617,17.731615842598544,13.0,14.0,0.9331896551724138,67.45340469866522,63.5,58.0
2025,5,regular,,401752725,22.317092467552897,23.5,20.0,0.9655172413793104,64.0165519953467,57.5,90.0
2025,5,regular,,401767594,5.543117972643698,6.5,3.0,0.6853448275862069,50.95286335802921,47.5,59.0
2025,5,regular,,401767758,-7.1452839034976465,-6.0,7.0,0.24568965517241378,45.769156931169555,46.5,13.0
2025,5,regular,,401762826,6.065445570664101,3.0,11.0,0.709051724137931,60.24910456856655,55.5,37.0
2025,5,regular,,401767032,-5.907332689467946,-9.5,-2.0,0.27586206896551724,52.89828901104693,54.5,50.0
2025,5,regular,,401767268,14.03730981988387,13.0,18.0,0.8836206896551724,47.11765603255566,44.5,30.0
2025,5,regular,,401767636,17.090119839800344,23.5,41.0,0.9245689655172413,54.10954218123951,54.5,41.0
2025,5,regular,,401767673,-15.504722313799729,-14.5,5.0,0.10344827586206896,50.20661040513664,45.5,47.0
2025,5,regular,,401761614,19.67762226574367,15.0,25.0,0.9504310344827587,58.125554871622285,54.5,45.0
2025,5,regular,,401767510,22.472267169222846,25.5,38.0,0.9655172413793104,52.60153747706079,50.5,64.0
2025,5,regular,,401767352,10.34483217633614,16.0,1.0,0.8362068965517241,43.50909101698236,43.5,25.0
2025,5,regular,,401767152,18.7481112792235,17.5,21.0,0.9439655172413793,51.100215005914606,55.5,61.0
2025,5,regular,,401767249,17.629078156424224,14.0,32.0,0.9331896551724138,49.508455228265845,46.5,52.0
2025,5,regular,,401767311,-5.632215684959074,-4.5,7.0,0.2823275862068966,58.393819896373614,58.5,75.0
2025,5,regular,,401767082,1.3070067431608456,-3.5,-8.0,0.5280172413793104,51.55563291501249,54.5,44.0
2025,5,regular,,401767361,-7.388363834353548,-4.0,-28.0,0.2435344827586207,52.91558232761707,50.5,56.0
2025,5,regular,,401761616,5.716574242493837,1.5,12.0,0.6961206896551724,55.31271130638948,55.5,44.0
2025,5,regular,,401767545,27.00537555859067,32.5,44.0,0.9956896551724138,48.29566739556326,58.5,58.0
2025,5,regular,,401757170,-3.706182443678438,-3.0,-3.0,0.33836206896551724,55.722642124302595,51.5,37.0
2025,5,regular,,401756908,-10.113494439878325,-13.5,-34.0,0.1875,50.100092399796694,46.5,62.0
2025,5,regular,,401767566,-3.252051021046324,-7.0,-18.0,0.35344827586206895,54.13464918041855,54.5,44.0
2025,5,regular,,401767142,-3.2143745833296697,-6.5,-7.0,0.35344827586206895,68.52142939951874,68.5,77.0
2025,5,regular,,401769866,17.338719873437135,7.0,-10.0,0.9288793103448276,59.95805985637165,60.5,66.0
2025,5,regular,,401767337,5.541215947386577,6.5,7.0,0.6853448275862069,54.45048386594976,50.5,55.0
2025,5,regular,,401752853,-7.903416656539409,-9.5,-5.0,0.23060344827586207,53.076906289821835,47.5,35.0
2025,5,regular,,401754544,1.6792191758530548,6.0,-4.0,0.5474137931034483,53.365675950306,54.5,52.0
2025,5,regular,,401752719,8.738823230499385,2.5,5.0,0.7780172413793104,54.48910790878091,58.0,43.0
2025,5,regular,,401762824,20.235294263804573,21.5,42.0,0.9547413793103449,49.30272638250985,50.0,48.0
2025,5,regular,,401752724,5.7108086820428845,6.5,6.0,0.6939655172413793,53.805712061644165,51.5,26.0
2025,5,regular,,401762473,22.127726059755698,14.0,8.0,0.9655172413793104,49.478725578651904,45.5,34.0
2025,5,regular,,401752852,-6.891318934098823,-9.5,-18.0,0.2543103448275862,56.127829594296195,52.5,30.0
2025,5,regular,,401752851,10.149302244449473,6.0,3.0,0.8297413793103449,40.588498695571154,46.0,31.0
2025,5,regular,,401760380,-2.7474227695131765,-1.5,-3.0,0.36853448275862066,39.55480357380939,42.0,9.0
2025,5,regular,,401767323,0.5450839563383698,7.0,25.0,0.5021551724137931,47.09899520184673,47.5,45.0
2025,5,regular,,401756907,-12.247395181009493,-21.0,-18.0,0.1724137931034483,60.86191425968231,58.5,72.0
2025,5,regular,,401767191,13.545045082590724,13.5,7.0,0.8771551724137931,55.30916069125582,48.5,67.0
2025,5,regular,,401762827,19.645556510084646,22.5,38.0,0.9504310344827587,47.196963537430065,49.5,38.0
2025,5,regular,,401762474,-12.474688852794362,-14.5,-17.0,0.16594827586206898,51.77209159481977,52.5,45.0
2025,5,regular,,401767062,19.518281143616758,21.0,54.0,0.9504310344827587,52.23931357263659,57.5,60.0
2025,5,regular,,401767174,5.808324747049651,2.5,-8.0,0.7025862068965517,59.44165627391541,62.5,54.0
2025,5,regular,,401757274,11.222900201964675,16.5,18.0,0.8448275862068966,55.15383462219232,53.5,58.0
2025,5,regular,,401760378,6.256696063438917,7.0,-9.0,0.7112068965517241,48.84417730288745,52.5,79.0
2025,5,regular,,401767645,-5.403545442497735,1.0,3.0,0.29094827586206895,56.5672692546761,53.5,57.0
2025,5,regular,,401752720,-7.101506183189273,-7.5,-7.0,0.2478448275862069,65.72628521371678,63.5,75.0
2025,5,regular,,401767226,-14.110791681761457,-31.5,-27.0,0.1206896551724138,55.73207286603146,56.5,43.0
2025,5,regular,,401767115,-12.126378552167209,-21.0,-14.0,0.1724137931034483,60.319976072378495,54.5,48.0
2025,5,regular,,401767427,-9.648643579001513,-13.5,-3.0,0.19827586206896552,52.16520662883143,47.5,43.0
2025,5,regular,,401767558,0.39750294413425513,-2.0,-4.0,0.4978448275862069,52.078907619975546,52.5,72.0
2025,5,regular,,401757271,15.233195047144129,14.5,14.0,0.9008620689655172,49.665527140882915,53.5,28.0
2025,5,regular,,401767163,-9.780166613538178,-10.5,7.0,0.1896551724137931,53.008297319222464,51.5,55.0
2025,5,regular,,401767530,11.196685243184822,15.5,-18.0,0.8426724137931034,51.148586052234826,47.5,38.0
2025,5,regular,,401767665,11.054253473559434,18.5,7.0,0.8405172413793104,52.300463308000495,49.5,53.0
2025,5,regular,,401757270,13.328823283793986,7.0,8.0,0.8728448275862069,47.412288403709596,54.5,40.0
2025,5,regular,,401767279,1.4842048938799026,2.5,20.0,0.5387931034482759,45.554026282496025,42.5,34.0
2025,5,regular,,401762828,10.113887508080838,7.5,33.0,0.8297413793103449,40.48388701558952,45.5,61.0
2025,5,regular,,401767422,-12.328279072309659,-9.5,-25.0,0.17025862068965517,51.073553533337815,50.5,51.0
2025,5,regular,,401767370,6.056815521799384,-7.0,-4.0,0.709051724137931,55.161668538734816,50.5,44.0
2025,5,regular,,401767219,0.686340123181531,-3.0,24.0,0.5021551724137931,55.35783191647019,56.5,44.0
2025,5,regular,,401767240,0.26344565346486837,2.0,31.0,0.4849137931034483,52.23579337686261,56.5,45.0
2025,5,regular,,401756904,6.291055146330699,4.0,25.0,0.7112068965517241,47.62570929479933,48.5,53.0
2025,5,regular,,401767412,-6.268326391195179,-14.5,-8.0,0.26939655172413796,57.22570098837556,56.5,92.0
2025,5,regular,,401762472,-17.056709261872626,-14.0,-29.0,0.07758620689655173,57.440554454395894,62.5,81.0
2025,5,regular,,401754548,10.741461039174684,10.0,-2.0,0.8405172413793104,57.70853107286328,57.5,44.0
2025,5,regular,,401757269,-3.2210855998330206,4.5,17.0,0.35344827586206895,57.13902838378182,55.5,67.0
2025,5,regular,,401767417,-5.487157268742936,-3.0,15.0,0.28879310344827586,55.55030340761073,52.5,41.0
2025,5,regular,,401767483,12.517026211551604,6.5,3.0,0.8642241379310345,50.99972150982788,48.5,67.0
2025,5,regular,,401757273,-11.570633200442588,-3.5,-5.0,0.17456896551724138,56.70779185478156,59.5,49.0
2025,5,regular,,401760379,18.334437140661365,16.5,33.0,0.9396551724137931,56.67737769662865,59.5,61.0
2025,5,regular,,401752721,41.5341312449646,44.5,36.0,1.0,59.36338241625933,57.0,48.0
2025,5,regular,,401752718,6.040842630419119,2.5,-3.0,0.709051724137931,56.38911953825592,53.5,45.0
2025,5,regular,,401754549,1.3220881312103803,3.0,1.0,0.5301724137931034,50.09267500359078,49.5,59.0
2025,5,regular,,401752854,-0.9116465738746258,4.0,-6.0,0.42887931034482757,57.73512443991897,53.0,54.0
2025,5,regular,,401752950,4.209618007888329,4.5,-17.0,0.6551724137931034,50.02220909446728,48.5,23.0
2025,5,regular,,401752722,1.9120382247823748,5.5,22.0,0.5603448275862069,44.31084863924361,46.5,48.0
2025,5,regular,,401767491,12.432537048741626,13.5,17.0,0.8620689655172413,50.82847896943749,55.5,51.0
2025,5,regular,,401761615,-2.168219799301797,-2.5,3.0,0.38362068965517243,49.82239488762,48.0,105.0
2025,5,regular,,401767293,-3.368460403250794,-1.0,-3.0,0.35129310344827586,60.327656437162645,59.5,51.0
2025,5,regular,,401767073,9.774376087224773,18.0,-8.0,0.8189655172413793,55.68359980701517,57.5,56.0
2025,5,regular,,401757272,-7.261645608579982,-3.5,-19.0,0.2435344827586207,45.039163564118816,48.0,41.0
2025,5,regular,,401767158,8.101641733587613,16.5,22.0,0.7650862068965517,63.37063102811989,63.5,46.0
2025,5,regular,,401767091,1.6656265486920045,7.5,11.0,0.5452586206896551,51.10411602074858,55.5,71.0
2025,5,regular,,401756903,-5.186561420210403,-6.5,-3.0,0.2974137931034483,52.37106226225875,48.5,45.0
2025,6,regular,,401757275,2.4838273547961203,-2.0,27.0,0.5771929824561404,50.476316840850586,52.5,47.0
2025,6,regular,,401762475,27.84144511510518,28.0,28.0,0.9894736842105263,53.66647187833321,54.5,80.0
2025,6,regular,,401767320,-6.5869791666046185,-14.5,7.0,0.2754385964912281,46.285919782788625,48.5,49.0
2025,6,regular,,401757276,-6.381276622210808,2.5,-3.0,0.2807017543859649,58.07349918937119,63.0,51.0
2025,6,regular,,401767681,2.9995587199666147,3.5,7.0,0.5947368421052631,52.812274553398204,48.5,27.0
2025,6,regular,,401760384,-0.6759788528629274,2.0,7.0,0.45964912280701753,58.26004220416954,58.5,63.0
2025,6,regular,,401760382,9.765132851834263,4.5,21.0,0.8052631578947368,36.139002001931956,40.5,69.0
2025,6,regular,,401756909,18.108818349701274,19.5,14.0,0.9421052631578948,50.68152881712675,46.5,62.0
2025,6,regular,,401752728,17.409721636163756,19.5,21.0,0.9333333333333333,49.47529273208616,49.0,49.0
2025,6,regular,,401762830,-13.088886514539835,-14.0,6.0,0.1280701754385965,53.59943496784307,52.5,34.0
2025,6,regular,,401756912,-0.7235837408676717,1.5,8.0,0.45789473684210524,50.82801975113213,55.5,68.0
2025,6,regular,,401752861,-11.584647487106377,-7.0,-16.0,0.17192982456140352,53.57718321883172,54.5,70.0
2025,6,regular,,401767666,-5.012356362681303,-5.0,5.0,0.3140350877192982,49.11931429286946,50.5,61.0
2025,6,regular,,401756911,4.479955267380146,4.5,1.0,0.6578947368421053,63.11810929674556,60.0,69.0
2025,6,regular,,401767660,8.076243789356752,5.5,7.0,0.7631578947368421,49.76031853104307,45.5,77.0
2025,6,regular,,401760381,20.591023000480277,13.5,3.0,0.9596491228070175,57.57167485846877,51.0,65.0
2025,6,regular,,401752856,15.839582444485472,17.5,14.0,0.9192982456140351,43.23270423364206,42.5,34.0
2025,6,regular,,401762476,-1.8342726473981625,-6.5,-18.0,0.41754385964912283,59.8319820527338,55.5,44.0
2025,6,regular,,401767735,3.9994703857819247,4.5,18.0,0.6333333333333333,53.86140076214057,50.5,44.0
2025,6,regular,,401767751,10.032260522313608,7.5,20.0,0.8122807017543859,46.51228665399459,49.5,48.0
2025,6,regular,,401754552,-11.234645193602313,-15.5,-28.0,0.17543859649122806,48.58412376362904,47.5,48.0
2025,6,regular,,401754550,9.927517394494437,6.5,41.0,0.8070175438596491,62.90750684228205,54.5,55.0
2025,6,regular,,401767628,-5.074078547689034,-8.5,5.0,0.3105263157894737,51.68360978150824,51.5,33.0
2025,6,regular,,401767674,18.08758294825126,15.5,14.0,0.9421052631578948,61.771757566239145,55.5,34.0
2025,6,regular,,401767698,-4.663516499877544,-3.0,12.0,0.33157894736842103,57.16915973752908,56.5,60.0
2025,6,regular,,401767259,16.01497228076459,21.5,11.0,0.9192982456140351,67.36374690698572,76.5,87.0
2025,6,regular,,401767615,-8.441041232571349,-9.5,-7.0,0.21754385964912282,48.310371263665274,46.5,63.0
2025,6,regular,,401767269,6.017882854375247,-5.5,-30.0,0.7140350877192982,49.17019838004089,47.5,44.0
2025,6,regular,,401767757,1.4472247483429508,3.5,9.0,0.5245614035087719,46.96893892394394,50.5,35.0
2025,6,regular,,401767604,-5.459370071274319,-6.5,3.0,0.2982456140350877,62.93595301587759,61.5,67.0
2025,6,regular,,401767399,-2.7396923914307787,-2.5,3.0,0.37543859649122807,54.270672071391004,47.5,51.0
2025,6,regular,,401767233,21.714958846283462,35.5,46.0,0.968421052631579,61.95695797721383,66.5,86.0
2025,6,regular,,401754556,6.9948215632055195,4.5,-7.0,0.7421052631578947,50.83392707993234,51.5,53.0
2025,6,regular,,401767763,9.161752673326731,8.0,17.0,0.7982456140350878,45.39141735539508,44.5,31.0
2025,6,regular,,401767621,19.239774816701864,25.0,41.0,0.9526315789473684,59.32659167250468,47.5,41.0
2025,6,regular,,401762479,-5.0370726873705385,-6.5,6.0,0.3105263157894737,63.069713203240156,58.5,48.0
2025,6,regular,,401767592,-1.3772861867223651,-10.5,-2.0,0.43333333333333335,55.45670017676959,53.5,44.0
2025,6,regular,,401767531,-8.327572040404743,-8.0,-7.0,0.21929824561403508,57.28856740337903,52.5,35.0
2025,6,regular,,401767164,13.525588698091436,13.5,3.0,0.887719298245614,55.665407259989806,51.5,57.0
2025,6,regular,,401767727,-8.813486531428975,-14.0,-35.0,0.21228070175438596,45.65468635290943,48.5,83.0
2025,6,regular,,401767033,2.8340452913879015,2.5,-20.0,0.5912280701754385,51.28912399993471,49.5,48.0
2025,6,regular,,401754557,42.56612387861851,42.5,46.0,1.0,62.11010659074691,61.5,66.0
2025,6,regular,,401767559,-5.130055364762422,0.5,9.0,0.30701754385964913,58.457255702578856,54.5,53.0
2025,6,regular,,401767690,7.292195963043043,-1.5,-20.0,0.743859649122807,55.716979480512705,54.5,62.0
2025,6,regular,,401767595,12.137343916319026,6.5,-7.0,0.8596491228070176,57.041829074860274,48.5,35.0
2025,6,regular,,401767211,1.1160591266548954,-1.5,16.0,0.5210526315789473,47.6177921195803,52.5,44.0
2025,6,regular,,401762832,-14.812519046621965,-12.5,-18.0,0.10526315789473684,50.69963590009006,46.5,24.0
2025,6,regular,,401767175,5.955756357038457,5.0,24.0,0.712280701754386,48.21552755594949,50.5,38.0
2025,6,regular,,401767362,17.447258239317538,13.0,17.0,0.9350877192982456,61.057081725741114,57.5,87.0
2025,6,regular,,401756910,17.434571354132245,21.5,28.0,0.9350877192982456,53.562222249147254,56.5,54.0
2025,6,regular,,401767241,10.346111550151358,11.5,29.0,0.8192982456140351,55.8739779229053,58.5,75.0
2025,6,regular,,401762873,-1.047042559168257,-4.5,-11.0,0.44912280701754387,35.84249957385367,38.5,39.0
2025,6,regular,,401752857,-2.1718113490542432,-5.5,-4.0,0.40350877192982454,54.742148689677734,52.5,44.0
2025,6,regular,,401754555,7.83197566499752,17.5,13.0,0.7526315789473684,59.6781673774124,56.5,49.0
2025,6,regular,,401752858,4.834373816539978,12.5,35.0,0.6754385964912281,42.044510085628545,43.5,49.0
2025,6,regular,,401762831,13.211570356220323,9.5,1.0,0.8842105263157894,52.64088023456043,53.5,61.0
2025,6,regular,,401752940,0.45308215058026735,2.0,4.0,0.5052631578947369,52.76687676354702,53.5,50.0
2025,6,regular,,401752727,-8.997634741062683,-4.5,8.0,0.21228070175438596,39.41048842678646,42.5,50.0
2025,6,regular,,401757171,10.701592402088373,7.0,41.0,0.8263157894736842,53.63293497251921,52.0,61.0
2025,6,regular,,401757165,19.702204034426483,21.5,21.0,0.9543859649122807,64.12344759680398,63.5,35.0
2025,6,regular,,401767273,19.604998858760986,20.5,4.0,0.9526315789473684,59.55971096281892,53.5,72.0
2025,6,regular,,401767324,-7.2034799211271885,-7.0,-35.0,0.25087719298245614,47.79265770563854,48.5,59.0
2025,6,regular,,401762829,0.11622311145502873,-7.0,6.0,0.49298245614035086,49.63914238310008,47.5,50.0
2025,6,regular,,401752855,-26.22159777842376,-24.5,5.0,0.021052631578947368,46.498409018016744,48.0,79.0
2025,6,regular,,401754554,8.804161886356153,6.5,-3.0,0.775438596491228,63.71001354336899,60.0,57.0
2025,6,regular,,401752726,2.845328334021303,13.5,16.0,0.5912280701754385,60.81568656088367,57.5,44.0
2025,6,regular,,401761618,-24.238265279752092,-19.5,-7.0,0.02456140350877193,57.046835674563894,52.5,21.0
2025,6,regular,,401767371,-3.027205893897862,-3.0,-1.0,0.3631578947368421,49.251923158449095,47.5,25.0
2025,6,regular,,401767183,1.5093738533210215,4.5,7.0,0.5280701754385965,49.936830095793866,54.5,75.0
2025,6,regular,,401752729,46.973591819439726,46.5,44.0,1.0,53.796107055218975,53.5,44.0
2025,6,regular,,401767484,11.524365572969986,3.5,7.0,0.8421052631578947,43.132285207302544,41.5,41.0
2025,6,regular,,401752860,11.831565751736818,12.5,11.0,0.856140350877193,53.916850871951866,48.5,65.0
2025,6,regular,,401761620,-14.569893567304545,-14.0,1.0,0.10701754385964912,60.41978210109163,63.5,61.0
2025,6,regular,,401767108,-8.047514628396225,-7.5,-24.0,0.22631578947368422,57.37282635059859,59.5,44.0
2025,6,regular,,401767503,-13.794520680321067,-15.0,-28.0,0.12280701754385964,50.62915500183651,53.5,42.0
2025,6,regular,,401767312,-13.156038488716238,-14.5,-33.0,0.1280701754385965,54.828401756699904,55.5,81.0
2025,6,regular,,401761619,17.412802828213817,18.5,40.0,0.9333333333333333,47.66750327082562,53.5,54.0
2025,6,regular,,401767546,-13.189494907280398,-15.0,-5.0,0.1280701754385965,53.53896457124979,55.5,65.0
2025,6,regular,,401767460,-4.6223104137996645,-7.0,-30.0,0.33157894736842103,60.37911945646003,54.5,50.0
2025,6,regular,,401760385,-2.8162856241962597,-4.5,-14.0,0.3736842105263158,51.38934366444663,51.0,48.0
2025,6,regular,,401767063,10.69335702586848,11.0,8.0,0.8263157894736842,53.54218599796306,59.5,62.0
2025,6,regular,,401767294,17.687026369882915,20.5,10.0,0.9385964912280702,64.71140190747131,64.5,94.0
2025,6,regular,,401761621,4.053456660234329,-2.5,7.0,0.6368421052631579,51.552368460221665,46.5,55.0
2025,6,regular,,401756913,-7.936582839844048,-13.0,-24.0,0.22807017543859648,57.068182765494754,51.5,46.0
2025,6,regular,,401767381,5.562732201212811,6.0,44.0,0.6982456140350877,48.642367948991726,48.5,58.0
2025,6,regular,,401762477,6.201241608181891,4.5,-6.0,0.7175438596491228,53.146942291248166,55.0,48.0
2025,6,regular,,401754553,-7.733569386818805,-3.5,-6.0,0.23508771929824562,57.776820334542535,54.5,50.0
2025,6,regular,,401752730,13.65553695735251,17.5,22.0,0.8912280701754386,57.38097992626858,57.5,40.0
2025,6,regular,,401756915,-9.892566956405235,-4.0,-7.0,0.1912280701754386,55.93290352308176,53.5,47.0
2025,6,regular,,401752859,24.08016253218632,23.5,39.0,0.980701754385965,43.786723296872054,42.5,45.0
2025,6,regular,,401756914,11.368712413268144,13.5,14.0,0.8368421052631579,57.77129905172299,57.0,56.0
2025,6,regular,,401762478,25.54757905912269,21.0,38.0,0.9859649122807017,54.04090672543607,54.5,52.0
2025,6,regular,,401767083,-9.841067447036133,-13.5,-4.0,0.1912280701754386,57.75257956758911,62.5,80.0
2025,6,regular,,401760383,19.400398360947165,12.5,3.0,0.9526315789473684,46.275839765722864,45.5,37.0
2025,6,regular,,401754551,-1.4340367845866964,-3.5,-24.0,0.43157894736842106,50.4008372060529,54.5,66.0
2025,7,regular,,401757278,-3.025063111423062,-3.0,-2.0,0.3890532544378698,49.94194308700568,51.5,42.0
2025,7,regular,,401757277,-1.7370443517263228,-1.5,-11.0,0.4349112426035503,45.606005582947965,46.5,27.0
2025,7,regular,,401757280,-12.668353297787068,-4.5,28.0,0.13609467455621302,40.32724515452179,46.5,42.0
2025,7,regular,,401762480,5.681294976636901,7.0,7.0,0.6952662721893491,47.81351469987251,53.5,45.0
2025,7,regular,,401761622,1.6741653189192485,-3.0,-3.0,0.5532544378698225,62.21348683901873,60.0,73.0
2025,7,regular,,401757279,-11.319487417671,-7.0,-2.0,0.16272189349112426,55.7122180906773,53.5,56.0
2025,7,regular,,401767691,30.128582831738612,32.5,24.0,0.9985207100591716,56.23435612628353,58.5,44.0
2025,7,regular,,401767034,-6.668302677332909,-4.5,-10.0,0.2618343195266272,51.16098055937631,54.5,48.0
2025,7,regular,,401767629,14.832273106635984,16.5,19.0,0.8949704142011834,51.79730008880094,52.5,37.0
2025,7,regular,,401762481,6.442706382811403,2.5,-27.0,0.7218934911242604,68.84477618532804,68.5,99.0
2025,7,regular,,401752862,10.450104195356364,9.5,19.0,0.8136094674556213,64.91999545669029,62.5,57.0
2025,7,regular,,401760388,-9.153663541104816,-5.5,28.0,0.20118343195266272,46.08499887450647,47.5,70.0
2025,7,regular,,401762835,-13.162494912427578,-10.5,5.0,0.1242603550295858,47.504524092251614,45.5,51.0
2025,7,regular,,401767736,-13.348533541757195,-12.5,-24.0,0.11982248520710059,44.312374042669774,46.5,38.0
2025,7,regular,,401752863,8.393278033026068,7.0,-25.0,0.7633136094674556,53.70192032867652,51.5,51.0
2025,7,regular,,401762833,-5.133370175057594,-11.5,-13.0,0.3136094674556213,45.26518321773426,47.5,27.0
2025,7,regular,,401754559,3.0890031007792738,10.5,-3.0,0.6050295857988166,60.9076714593443,57.0,65.0
2025,7,regular,,401754561,17.763187350478944,19.5,24.0,0.9437869822485208,54.523031182491025,55.5,44.0
2025,7,regular,,401752734,-1.6047143525154552,-3.0,-3.0,0.4408284023668639,55.38560441164154,50.5,51.0
2025,7,regular,,401756920,-15.31366312682553,-14.5,-22.0,0.09171597633136094,48.1865614915645,47.5,56.0
2025,7,regular,,401767576,-12.229569465738756,-9.5,-24.0,0.14644970414201183,53.3648531986547,53.5,52.0
2025,7,regular,,401767776,-4.268557263030252,-6.0,-12.0,0.3431952662721893,46.351725539820016,46.5,26.0
2025,7,regular,,401762483,21.688647925339417,17.5,17.0,0.9659763313609467,48.59903348977702,45.5,31.0
2025,7,regular,,401756917,12.74417595746593,10.5,9.0,0.863905325443787,54.94037687934764,55.5,31.0
2025,7,regular,,401752865,-10.372659194405838,-15.0,-18.0,0.1804733727810651,49.52374270804461,51.5,50.0
2025,7,regular,,401761625,23.06029876244859,18.5,10.0,0.9748520710059172,49.521860537779226,45.0,38.0
2025,7,regular,,401767667,9.886853609660296,10.0,38.0,0.8017751479289941,60.01617109037667,62.5,86.0
2025,7,regular,,401752733,27.794213107229147,33.0,3.0,0.9911242603550295,56.86811336579548,58.5,45.0
2025,7,regular,,401767448,-14.27595497275266,-15.5,-5.0,0.10650887573964497,61.729300290834246,56.5,33.0
2025,7,regular,,401767605,-16.897133260664422,-21.5,-44.0,0.07100591715976332,58.81985131178848,56.5,70.0
2025,7,regular,,401767192,2.825175038516163,-2.5,-7.0,0.591715976331361,41.58114291092667,45.5,33.0
2025,7,regular,,401767274,-12.48742891839642,-9.5,-6.0,0.1390532544378698,65.22742572467989,58.5,38.0
2025,7,regular,,401767596,-8.745527602211768,-10.5,-6.0,0.20710059171597633,50.88559548412189,51.5,56.0
2025,7,regular,,401767270,7.317668964395299,9.5,11.0,0.7440828402366864,42.709813551791264,45.5,65.0
2025,7,regular,,401767353,1.5050789680778418,2.5,18.0,0.5517751479289941,45.111530431252,47.5,46.0
2025,7,regular,,401767637,-5.523434986385867,-7.0,7.0,0.30177514792899407,57.24483522938116,54.5,35.0
2025,7,regular,,401767739,0.7592147931868325,1.5,-5.0,0.5310650887573964,52.78577303358492,55.5,43.0
2025,7,regular,,401762836,-0.5019580932027927,-1.5,6.0,0.47041420118343197,46.32074029745096,48.5,26.0
2025,7,regular,,401767752,15.659328116450698,14.5,45.0,0.9142011834319527,50.75287116294345,48.5,59.0
2025,7,regular,,401767407,10.888973976603422,7.5,17.0,0.8180473372781065,43.90340343310696,44.5,45.0
2025,7,regular,,401767699,2.440594443250131,2.5,1.0,0.5784023668639053,53.03110576618171,53.5,33.0
2025,7,regular,,401767242,4.216044739995135,1.5,-17.0,0.6523668639053254,53.9244701092831,53.5,43.0
2025,7,regular,,401767616,-12.447349811011259,-15.0,-31.0,0.14201183431952663,52.54642855554162,44.5,51.0
2025,7,regular,,401767260,-4.789249357970656,-7.0,-11.0,0.3239644970414201,60.90536978299653,75.5,73.0
2025,7,regular,,401767744,-8.6196812499564,-9.5,-12.0,0.20857988165680474,51.97987978846889,45.5,36.0
2025,7,regular,,401767154,2.726426292053896,-6.5,-8.0,0.5887573964497042,50.13694462932894,50.5,50.0
2025,7,regular,,401767143,-0.36146225314216274,-3.5,-17.0,0.47781065088757396,61.44758532461478,56.5,59.0
2025,7,regular,,401762837,5.6307981430386524,1.5,36.0,0.6923076923076923,57.0517432961707,49.5,48.0
2025,7,regular,,401767567,4.519691758424941,3.5,45.0,0.6627218934911243,60.817291833265486,67.5,59.0
2025,7,regular,,401767196,-5.00768852924351,-4.5,-11.0,0.3150887573964497,58.792235443100566,58.5,31.0
2025,7,regular,,401767084,22.75651746827826,22.5,34.0,0.9704142011834319,51.82394509053768,58.5,62.0
2025,7,regular,,401767236,11.491390788949813,14.5,1.0,0.841715976331361,56.46972473960298,62.5,63.0
2025,7,regular,,401767390,4.485039572402648,1.0,31.0,0.6612426035502958,58.586158119940706,53.5,59.0
2025,7,regular,,401767313,17.16463581727142,21.0,20.0,0.9349112426035503,59.603072702490415,60.5,70.0
2025,7,regular,,401767537,30.087190711081973,28.5,28.0,0.9985207100591716,45.348792328090866,47.5,34.0
2025,7,regular,,401767413,-14.307753568271604,-12.0,-38.0,0.10650887573964497,54.60066538518119,51.5,52.0
2025,7,regular,,401752870,5.750071762774317,7.0,-10.0,0.6952662721893491,62.289227242510364,51.5,50.0
2025,7,regular,,401767511,22.462900832992915,20.0,28.0,0.9704142011834319,58.664717630521096,58.5,62.0
2025,7,regular,,401767560,21.828079910187896,16.5,35.0,0.9659763313609467,57.06363585097091,55.5,55.0
2025,7,regular,,401762834,11.022884302993363,9.5,42.0,0.8210059171597633,45.76571779706558,43.0,42.0
2025,7,regular,,401756919,-5.082048683841077,-3.0,13.0,0.3136094674556213,58.13647998162163,54.5,69.0
2025,7,regular,,401760386,9.295684300592649,7.0,3.0,0.7840236686390533,65.66909946127183,65.5,99.0
2025,7,regular,,401754563,-3.185228666257962,-1.5,-25.0,0.3831360946745562,50.99713128176014,47.5,53.0
2025,7,regular,,401756918,-6.077594905889448,-3.0,7.0,0.28254437869822485,50.50405189863241,52.5,41.0
2025,7,regular,,401754560,14.643685623559008,14.0,15.0,0.8949704142011834,56.29039775741661,55.5,55.0
2025,7,regular,,401752736,-2.849256410319306,2.5,17.0,0.39644970414201186,41.77611491792557,44.5,29.0
2025,7,regular,,401761626,-11.425099333803924,-14.5,24.0,0.16272189349112426,56.426713717922915,57.5,72.0
2025,7,regular,,401752867,-4.087218559931829,-7.0,-3.0,0.34763313609467456,50.179232478209215,47.5,65.0
2025,7,regular,,401752866,20.9875269986979,20.5,-1.0,0.9659763313609467,45.758563521653514,46.5,43.0
2025,7,regular,,401767363,7.017768163257659,8.5,4.0,0.7337278106508875,59.17127270693091,56.5,72.0
2025,7,regular,,401761624,-1.2766884677354489,-3.0,-21.0,0.4526627218934911,56.44389681732156,55.5,61.0
2025,7,regular,,401754562,21.787980642901882,23.5,29.0,0.9659763313609467,59.92849454247242,59.5,43.0
2025,7,regular,,401767287,-2.4795129078411557,-4.0,-28.0,0.40828402366863903,60.279360474330936,59.5,70.0
2025,7,regular,,401767079,15.316888630174336,17.5,19.0,0.9068047337278107,62.37251257733092,63.5,37.0
2025,7,regular,,401767220,11.6724534294096,16.5,16.0,0.849112426035503,50.44961073652952,50.5,40.0
2025,7,regular,,401767165,-17.323668480637064,-30.5,-14.0,0.07100591715976332,53.4587820932243,53.5,40.0
2025,7,regular,,401762484,-8.960884887828023,-10.0,-1.0,0.20118343195266272,55.92221168789425,52.5,63.0
2025,7,regular,,401767504,11.893681120831022,9.0,18.0,0.8520710059171598,59.66177603777132,63.5,52.0
2025,7,regular,,401752735,11.209299683617882,10.0,3.0,0.8298816568047337,71.90349344408563,68.5,65.0
2025,7,regular,,401767122,18.289077066643486,18.5,-16.0,0.9497041420118343,46.23442635249734,47.5,82.0
2025,7,regular,,401767622,-2.2150875928486413,1.5,-3.0,0.41420118343195267,52.55596104260114,,35.0
2025,7,regular,,401767251,-9.552195630317875,-10.0,14.0,0.19230769230769232,51.36030986229664,46.5,54.0
2025,7,regular,,401762482,5.214729075134596,4.5,20.0,0.6878698224852071,67.69840393362234,66.0,86.0
2025,7,regular,,401752737,13.183644280115564,7.0,17.0,0.8727810650887574,46.63340156791234,48.0,51.0
2025,7,regular,,401760391,-0.007136289920560146,-1.5,7.0,0.4970414201183432,43.29462369545405,49.5,63.0
2025,7,regular,,401767439,-17.47158963598913,-23.5,-14.0,0.06804733727810651,58.38378437359461,58.5,78.0
2025,7,regular,,401767461,-4.469719080726033,-7.5,-10.0,0.33579881656804733,53.889535778679104,53.5,56.0
2025,7,regular,,401761623,0.5893502504277058,-3.0,15.0,0.5207100591715976,49.76741108000316,46.5,31.0
2025,7,regular,,401767470,10.008095777803602,12.5,3.0,0.8047337278106509,49.916301465130815,52.5,37.0
2025,7,regular,,401752869,-6.584375823723329,-5.0,-37.0,0.26479289940828404,37.618802561525264,37.5,37.0
2025,7,regular,,401767418,2.9000569042098823,3.5,-1.0,0.5961538461538461,50.60863262821867,49.5,41.0
2025,7,regular,,401767116,6.863498557904461,7.0,21.0,0.7307692307692307,62.32558224513926,62.5,69.0
2025,7,regular,,401756921,10.165317784650659,13.5,25.0,0.8062130177514792,63.47486289757394,58.5,59.0
2025,7,regular,,401752868,6.522442621857584,3.0,18.0,0.7233727810650887,59.53987838398904,58.0,44.0
2025,7,regular,,401752864,5.961544960961474,7.5,7.0,0.7071005917159763,51.27217754703619,49.5,47.0
2025,7,regular,,401762485,12.515893002271744,9.5,48.0,0.8594674556213018,51.181577080661654,48.5,74.0
2025,7,regular,,401754558,-12.468850340146606,-14.0,-31.0,0.14201183431952663,54.442981793433226,54.5,51.0
2025,7,regular,,401752731,-4.082128962819707,-4.5,-10.0,0.34763313609467456,45.842767860688085,46.5,30.0
2025,7,regular,,401752732,10.648863337917959,8.5,10.0,0.8150887573964497,43.29512876589331,44.5,30.0
2025,7,regular,,401761627,10.162977808441083,7.5,-7.0,0.8062130177514792,54.868097794640235,53.5,89.0
2025,7,regular,,401767307,-23.69270335993799,-28.0,-18.0,0.026627218934911243,53.6602381924488,59.5,64.0
2025,7,regular,,401756916,-2.4442748342895193,-2.5,-6.0,0.40976331360946744,50.947679528658284,46.5,60.0
2025,7,regular,,401767133,-1.5313889089399835,-8.5,-28.0,0.4423076923076923,54.988809455278215,55.5,82.0
2025,7,regular,,401760387,13.493522569715763,14.5,16.0,0.8772189349112426,59.74867356825297,58.5,66.0
2025,7,regular,,401756922,8.965420242785981,9.5,32.0,0.772189349112426,47.9989672342675,44.5,52.0
2025,7,regular,,401760390,-10.348391564308676,-6.5,-34.0,0.1804733727810651,40.743282721269146,42.5,54.0
2025,7,regular,,401760389,-2.661523307635594,-1.5,18.0,0.40532544378698226,59.56236814712332,57.5,70.0
2025,8,regular,,401757282,10.249510746147893,10.5,3.0,0.8109833971902938,43.004245822443295,48.5,57.0
2025,8,regular,,401761628,6.619178097185044,8.5,-1.0,0.7151979565772669,57.26844050107126,57.5,29.0
2025,8,regular,,401757281,12.879100443626086,10.0,-19.0,0.8671775223499362,53.12890222858991,55.5,31.0
2025,8,regular,,401757284,-2.3827434677508723,-3.5,-18.0,0.41507024265644954,49.058569670409696,46.5,52.0
2025,8,regular,,401757283,3.360397492780242,-3.0,13.0,0.6104725415070242,56.51018586955129,55.5,63.0
2025,8,regular,,401762486,19.048438785802517,16.5,14.0,0.9450830140485313,47.445932271248196,54.5,68.0
2025,8,regular,,401754564,8.749844949782613,10.5,-3.0,0.7726692209450831,55.575275436770426,49.5,45.0
2025,8,regular,,401752872,-7.1136573007125055,-7.0,18.0,0.2554278416347382,51.62797065719713,47.5,30.0
2025,8,regular,,401760396,4.021372753997657,3.0,5.0,0.6257982120051085,65.38457332844918,63.5,55.0
2025,8,regular,,401754371,10.332930795233501,7.5,3.0,0.8135376756066411,47.96280897407012,46.5,39.0
2025,8,regular,,401767568,2.8942840805577337,2.5,18.0,0.598978288633461,43.30572776848305,41.5,44.0
2025,8,regular,,401756925,2.394412855622778,-2.0,3.0,0.5862068965517241,47.66899777163059,47.5,59.0
2025,8,regular,,401762839,8.974870391149514,3.0,-21.0,0.7777777777777778,48.89973462525494,43.5,33.0
2025,8,regular,,401756927,9.039530697992955,3.5,6.0,0.7777777777777778,68.27792800015382,66.5,78.0
2025,8,regular,,401752745,2.1930562478682836,1.5,7.0,0.5759897828863346,52.70588216208201,48.5,55.0
2025,8,regular,,401754569,-7.726893689347743,-2.5,-15.0,0.2413793103448276,61.574358724038476,58.5,61.0
2025,8,regular,,401752873,-0.5803195909639469,4.0,17.0,0.4776500638569604,50.03546982239265,50.5,31.0
2025,8,regular,,401767597,6.566003254864904,2.5,-6.0,0.7126436781609196,52.01013949119355,46.5,40.0
2025,8,regular,,401767759,9.613685578763697,9.5,10.0,0.7956577266922095,42.473724419834376,42.5,24.0
2025,8,regular,,401762488,12.140517907075175,10.0,7.0,0.8531289910600255,44.446118927840644,44.5,41.0
2025,8,regular,,401762841,13.119975801615045,12.5,14.0,0.8722860791826309,48.68264195439609,47.5,74.0
2025,8,regular,,401767773,17.958623433941423,21.5,40.0,0.929757343550447,40.564405760636554,44.5,54.0
2025,8,regular,,401767704,25.14467033084579,27.5,24.0,0.9770114942528736,48.07584583948809,49.5,38.0
2025,8,regular,,401754566,0.013907246952924668,3.5,-9.0,0.49936143039591313,60.22532232764129,60.5,45.0
2025,8,regular,,401767553,10.827448328578358,3.5,-19.0,0.8250319284802043,51.710864727713435,51.5,61.0
2025,8,regular,,401752744,-6.444488906199051,-4.5,-19.0,0.26947637292464877,40.20215536434565,43.0,33.0
2025,8,regular,,401756928,5.679977216410459,6.5,32.0,0.6832694763729247,50.906379837731784,46.5,58.0
2025,8,regular,,401767261,4.9965852059017966,9.0,28.0,0.665389527458493,67.7909810780341,73.5,70.0
2025,8,regular,,401767505,-2.130414296550832,-3.0,-19.0,0.42017879948914433,61.24905614546859,59.5,57.0
2025,8,regular,,401767197,6.3000075806488365,7.5,29.0,0.70242656449553,50.1285011577789,52.5,55.0
2025,8,regular,,401767722,-4.6787994000853566,-7.0,4.0,0.3205619412515964,58.166782926862595,55.5,38.0
2025,8,regular,,401767440,3.707985594096907,2.0,-5.0,0.6219667943805874,60.88915083070307,56.5,75.0
2025,8,regular,,401767449,-36.19228534675719,-33.5,-31.0,0.005108556832694764,58.702836677376766,56.5,45.0
2025,8,regular,,401767641,32.111493437649315,34.5,35.0,1.0,53.417136019667595,56.5,49.0
2025,8,regular,,401767184,24.47575821950445,24.5,42.0,0.9770114942528736,53.87487729848561,55.5,70.0
2025,8,regular,,401767606,25.687117903210556,33.5,45.0,0.979565772669221,59.05418268312883,58.5,45.0
2025,8,regular,,401767692,1.9241978070865842,4.0,10.0,0.5670498084291188,57.23684570720364,60.5,50.0
2025,8,regular,,401767700,-13.624254602027248,-12.5,-17.0,0.13154533844189017,53.26701258310946,54.5,43.0
2025,8,regular,,401767683,-8.54757796838933,-7.5,-14.0,0.21455938697318008,47.03641055644815,46.5,56.0
2025,8,regular,,401767581,-0.7374712006250792,-3.5,-2.0,0.4725415070242657,52.59056396044685,53.5,46.0
2025,8,regular,,401767203,8.348694580819508,8.0,-30.0,0.7637292464878672,55.581084728722814,55.5,44.0
2025,8,regular,,401767532,-3.7191751868061544,-4.5,4.0,0.35759897828863346,57.78670105714228,52.5,80.0
2025,8,regular,,401767630,-6.244950624700465,-8.5,2.0,0.2771392081736909,45.48593435905937,46.5,44.0
2025,8,regular,,401767649,27.445613275059713,27.5,38.0,0.9897828863346104,55.11280885237977,48.5,72.0
2025,8,regular,,401767538,-11.860251673154995,-6.5,-3.0,0.1545338441890166,44.61143336986042,46.5,31.0
2025,8,regular,,401767212,-12.075184981590583,-16.5,-24.0,0.15070242656449553,55.36094934876054,54.5,80.0
2025,8,regular,,401767497,-34.39916370488054,-37.5,-21.0,0.006385696040868455,56.55938907551687,56.5,49.0
2025,8,regular,,401767728,6.9143570728614225,5.5,-6.0,0.7254150702426565,41.92083431687393,42.5,50.0
2025,8,regular,,401762842,30.057607192276926,25.5,35.0,0.9961685823754789,55.98250244517386,48.5,55.0
2025,8,regular,,401762840,-17.71754637033671,-16.5,-7.0,0.07662835249042145,47.93778760450507,47.5,49.0
2025,8,regular,,401761633,-5.845205150477573,-4.5,-23.0,0.28607918263090676,50.035808346245084,45.5,51.0
2025,8,regular,,401767100,20.164718719599023,26.5,22.0,0.9514687100893997,56.31831901318458,57.5,64.0
2025,8,regular,,401767383,-8.138396208379735,-8.0,-4.0,0.23116219667943805,55.488518317508,54.5,36.0
2025,8,regular,,401752874,6.140534781236325,3.5,19.0,0.7011494252873564,45.270302579520454,47.0,19.0
2025,8,regular,,401761631,6.4294848488379035,3.0,36.0,0.7062579821200511,45.384650508543864,47.5,90.0
2025,8,regular,,401752739,-9.861068845603448,-7.5,-3.0,0.18901660280970625,59.47651831567094,57.5,87.0
2025,8,regular,,401752742,6.256443166095328,7.5,8.0,0.70242656449553,52.593463095840576,56.5,78.0
2025,8,regular,,401752877,-28.36901859444059,-24.5,-34.0,0.016602809706257982,40.117526897231485,41.5,34.0
2025,8,regular,,401762838,0.3127621610388519,-2.0,14.0,0.5134099616858238,47.68062143114534,44.0,70.0
2025,8,regular,,401752878,28.944758524635578,26.5,25.0,0.9948914431673053,59.05146502988112,49.5,51.0
2025,8,regular,,401761629,3.878041644911146,10.5,-8.0,0.6232439335887612,49.05975005851523,48.0,82.0
2025,8,regular,,401754565,7.204528885938823,3.5,-11.0,0.7292464878671775,51.10198930801512,49.5,59.0
2025,8,regular,,401760393,11.534689550080124,13.0,25.0,0.8454661558109834,63.969733941399845,61.0,87.0
2025,8,regular,,401762491,3.1046607696683064,4.0,38.0,0.6040868454661558,73.5324245670173,64.0,72.0
2025,8,regular,,401762843,14.806036095244805,10.5,27.0,0.8952745849297573,37.574660377097715,41.5,69.0
2025,8,regular,,401767321,-16.13675798611591,-13.5,-41.0,0.09067688378033206,45.585417773435694,47.5,75.0
2025,8,regular,,401767144,-3.5834663838097,-2.5,-14.0,0.3614303959131545,56.40486010656998,52.5,34.0
2025,8,regular,,401761632,1.2918975347099666,-3.0,3.0,0.5376756066411239,68.14300011092664,65.5,77.0
2025,8,regular,,401767155,-3.059687384543494,-1.5,5.0,0.39080459770114945,51.73386842677301,53.5,47.0
2025,8,regular,,401760392,5.021896192013493,4.0,3.0,0.665389527458493,53.10101128877579,56.5,45.0
2025,8,regular,,401762489,-13.633549645525363,-9.5,-35.0,0.13154533844189017,54.347287961296075,47.5,63.0
2025,8,regular,,401762487,-25.693491717707648,-23.5,7.0,0.02554278416347382,65.35880478398306,59.5,55.0
2025,8,regular,,401756923,-10.767250339960395,-8.0,4.0,0.1685823754789272,56.56312161531707,52.5,48.0
2025,8,regular,,401767373,0.9262482277026706,4.5,5.0,0.5261813537675607,45.87132876459364,45.5,61.0
2025,8,regular,,401767485,7.621074191479254,3.5,2.0,0.7471264367816092,49.31888987325656,51.5,44.0
2025,8,regular,,401767166,2.0831792821577064,-2.0,-5.0,0.5721583652618135,55.711404828707266,55.5,53.0
2025,8,regular,,401752741,4.931590470372899,9.5,2.0,0.6615581098339719,49.93883990458161,51.0,44.0
2025,8,regular,,401767128,-3.0848115884482636,-6.0,-16.0,0.3895274584929757,56.82010153276263,53.5,70.0
2025,8,regular,,401761668,-0.6001136938896323,-4.5,-12.0,0.4776500638569604,58.565173981844865,54.5,32.0
2025,8,regular,,401767521,28.95031219374445,31.0,49.0,0.9948914431673053,53.799687178766476,53.5,49.0
2025,8,regular,,401767434,-4.43653922954007,-8.5,-21.0,0.32567049808429116,46.690397195027344,46.5,27.0
2025,8,regular,,401767227,-2.8229371107331915,-2.0,17.0,0.39846743295019155,40.36176806932939,41.5,31.0
2025,8,regular,,401767462,10.546198588088531,18.5,-7.0,0.8173690932311622,55.786764117971,56.5,97.0
2025,8,regular,,401767753,-3.0664617313884266,-3.0,-37.0,0.39080459770114945,53.119983059987,51.5,37.0
2025,8,regular,,401752876,-16.536752005632014,-17.5,-46.0,0.08556832694763729,64.97385887710323,62.0,66.0
2025,8,regular,,401752951,14.688662247388963,16.5,2.0,0.8939974457215837,57.90688113807988,56.5,42.0
2025,8,regular,,401767517,15.501508898512323,13.5,27.0,0.9003831417624522,42.87229327793476,47.5,41.0
2025,8,regular,,401752743,-12.45845259992197,-12.5,-3.0,0.14814814814814814,44.197255983479835,45.5,29.0
2025,8,regular,,401761630,11.570837477250564,6.5,17.0,0.8454661558109834,64.20958364218541,58.5,65.0
2025,8,regular,,401752879,-1.8138022302535317,4.0,3.0,0.4342273307790549,48.191282038665406,52.5,37.0
2025,8,regular,,401767280,-8.379238599440308,-11.5,21.0,0.22094508301404853,53.863345733484856,51.5,49.0
2025,8,regular,,401760394,1.6429321288151888,2.5,-12.0,0.5568326947637292,46.52966871652609,53.5,50.0
2025,8,regular,,401767092,-4.465687687877754,-7.5,7.0,0.3243933588761175,57.19359478056461,59.5,35.0
2025,8,regular,,401767471,4.014158167391584,6.5,27.0,0.6257982120051085,46.84745437190278,49.5,27.0
2025,8,regular,,401752875,0.4531310746594416,3.0,1.0,0.5159642401021711,47.25933016410391,41.5,49.0
2025,8,regular,,401767301,17.592838634540193,20.0,35.0,0.9233716475095786,57.91229165710437,56.5,55.0
2025,8,regular,,401754568,-6.146284435470774,-9.5,-17.0,0.2784163473818646,59.00341467007313,54.5,43.0
2025,8,regular,,401762490,21.100158049710668,20.5,35.0,0.9578544061302682,68.40445230323851,72.5,61.0
2025,8,regular,,401752738,6.881337342069037,8.5,17.0,0.7254150702426565,64.09309726227806,60.5,57.0
2025,8,regular,,401752871,10.88357677110103,10.5,10.0,0.8263090676883781,64.8374167573017,60.5,58.0
2025,8,regular,,401752740,-0.349332409757132,-1.5,-6.0,0.4878671775223499,48.30438037892736,43.5,40.0
2025,8,regular,,401756924,-4.065104538703741,-4.0,3.0,0.34355044699872284,51.48847316883833,49.5,45.0
2025,8,regular,,401756926,-19.60246139754623,-23.5,-32.0,0.05874840357598978,56.07819148428358,57.5,66.0
2025,8,regular,,401767243,-2.3772773005086067,-3.0,7.0,0.41507024265644954,64.98829277477098,62.5,55.0
2025,8,regular,,401767123,10.604494809856439,15.0,5.0,0.8173690932311622,53.6592572059196,54.5,75.0
2025,8,regular,,401760395,18.0173393366217,14.0,2.0,0.9310344827586207,53.43182142270159,49.5,46.0
2025,8,regular,,401752941,14.833922731547956,21.0,32.0,0.8952745849297573,57.3583122991035,56.5,58.0
2025,8,regular,,401754567,-15.238801812444928,-17.5,7.0,0.10217113665389528,54.971140694107376,55.5,33.0
2025,9,regular,,401757285,1.4608101696271543,-3.0,-19.0,0.541993281075028,43.21020082181347,48.5,71.0
2025,9,regular,,401757286,6.022884425709538,5.0,-1.0,0.6976483762597985,47.493914684531795,49.5,55.0
2025,9,regular,,401757287,14.098985682342835,8.5,3.0,0.8812989921612542,51.992874318992484,55.5,59.0
2025,9,regular,,401757288,2.613040579671933,-2.5,-7.0,0.5856662933930571,49.017192341088915,51.5,41.0
2025,9,regular,,401761634,-6.293427201392166,-6.0,-7.0,0.2855543113101904,56.572204407667066,54.0,69.0
2025,9,regular,,401767701,15.766323135045429,12.5,46.0,0.9059350503919373,43.90583062878696,46.5,52.0
2025,9,regular,,401762492,-27.51797134167515,-25.5,-34.0,0.020156774916013438,66.50668833204821,60.5,74.0
2025,9,regular,,401754372,1.7704044238536514,6.0,8.0,0.5543113101903695,48.37073608540635,50.5,76.0
2025,9,regular,,401760397,-24.85219220538791,-21.0,-21.0,0.029115341545352745,49.668208140723536,50.5,27.0
2025,9,regular,,401767101,-6.351885524066228,-6.0,-14.0,0.28331466965285557,61.10623388347494,61.5,84.0
2025,9,regular,,401767607,-17.988142023324876,-28.5,-12.0,0.07390817469204927,58.37036008900387,56.5,68.0
2025,9,regular,,401762494,2.721988749871904,-3.5,3.0,0.5890257558790594,60.897698474938636,58.5,65.0
2025,9,regular,,401762848,-13.039553888114996,-12.0,-7.0,0.1455767077267637,58.13319686856593,60.5,49.0
2025,9,regular,,401754571,15.46777131188268,17.5,25.0,0.9003359462486002,56.01008756506576,52.5,57.0
2025,9,regular,,401762846,-8.729120528481419,-7.5,3.0,0.22732362821948487,52.27800210578728,47.5,45.0
2025,9,regular,,401767774,7.869567632026481,7.5,-7.0,0.7469204927211646,39.014380913065025,44.5,37.0
2025,9,regular,,401779510,7.0328474438309145,10.0,22.0,0.729003359462486,45.73978272871281,46.5,54.0
2025,9,regular,,401767623,-11.357065729615364,-12.5,-14.0,0.1713325867861142,44.17490157601573,47.5,48.0
2025,9,regular,,401767668,3.7443285175583485,1.5,-7.0,0.6226203807390818,57.835588310774014,57.5,55.0
2025,9,regular,,401752750,4.426761596470537,5.5,-8.0,0.6416573348264277,50.95426812317345,52.5,60.0
2025,9,regular,,401752883,7.759612381667563,7.0,7.0,0.7435610302351624,42.4734017159596,44.5,49.0
2025,9,regular,,401761635,15.13872714897586,13.5,3.0,0.896976483762598,58.922000743509,62.5,45.0
2025,9,regular,,401752942,-4.593856758289631,-5.5,1.0,0.3314669652855543,53.48636230183412,52.5,25.0
2025,9,regular,,401754573,-14.381834045693596,-11.5,-1.0,0.11422172452407615,56.076585462128335,50.5,33.0
2025,9,regular,,401767705,-18.547216511611783,-17.5,-21.0,0.06270996640537514,58.107954696079005,53.5,49.0
2025,9,regular,,401767617,-7.328307202088865,-8.5,16.0,0.251959686450168,48.84974571687455,50.5,54.0
2025,9,regular,,401788997,4.948482762367867,6.5,22.0,0.6550951847704367,54.533850372625935,53.5,48.0
2025,9,regular,,401752884,-1.9031305130806295,2.5,-3.0,0.4322508398656215,60.67321368108694,60.5,51.0
2025,9,regular,,401767754,-16.73621435106403,-23.5,11.0,0.08062709966405375,50.01764085558838,47.5,37.0
2025,9,regular,,401756932,4.863132598103319,3.5,-25.0,0.6539753639417694,57.63466908235949,55.5,59.0
2025,9,regular,,401752885,27.292349731456916,27.5,50.0,0.9899216125419933,51.83012167562562,53.5,62.0
2025,9,regular,,401752746,-0.8623021528154302,2.5,-9.0,0.4669652855543113,54.2571721613145,56.0,57.0
2025,9,regular,,401767145,-3.648133386457517,-3.0,4.0,0.3673012318029115,63.71173271667574,55.5,52.0
2025,9,regular,,401767176,-3.5035141240132286,-4.5,21.0,0.374020156774916,46.14255654087658,49.5,49.0
2025,9,regular,,401762844,9.41251811789553,10.0,-8.0,0.786114221724524,47.04801867567094,48.5,40.0
2025,9,regular,,401767729,3.494178578638674,3.0,-1.0,0.606942889137738,52.24677709075388,51.5,57.0
2025,9,regular,,401767554,-2.2530187642344965,-2.5,6.0,0.42105263157894735,47.778356529995705,50.5,54.0
2025,9,regular,,401767035,20.718395209908483,18.5,21.0,0.9529675251959686,53.26871823169256,,55.0
2025,9,regular,,401767675,-26.029994421065243,-24.5,-21.0,0.022396416573348264,51.57770994753966,51.5,33.0
2025,9,regular,,401767345,16.493310549518323,18.0,-9.0,0.9126539753639418,61.2467399319265,63.5,61.0
2025,9,regular,,401767271,3.9713097190934197,1.5,10.0,0.631578947368421,48.327462677033516,48.5,58.0
2025,9,regular,,401767650,-23.437400903443887,-25.5,-42.0,0.03471444568868981,56.402161850423184,54.5,62.0
2025,9,regular,,401767221,18.892815387108346,21.5,19.0,0.9451287793952967,62.36689516557033,60.5,65.0
2025,9,regular,,401767638,-3.558823824527672,-6.5,-4.0,0.3706606942889138,54.64213499968031,48.5,30.0
2025,9,regular,,401767441,6.436052899867809,3.5,-8.0,0.7133258678611423,57.14223669573293,54.5,34.0
2025,9,regular,,401767569,0.39896282955522877,2.5,10.0,0.503919372900336,47.24002104863314,47.5,38.0
2025,9,regular,,401767408,-13.522277397574225,-14.5,-31.0,0.1343784994400896,55.28206695417505,53.5,71.0
2025,9,regular,,401767498,22.507142879829004,24.5,34.0,0.9596864501679732,62.589090139484966,,68.0
2025,9,regular,,401767185,-23.137485680735637,-25.0,-18.0,0.036954087346024636,69.91106805667778,68.5,38.0
2025,9,regular,,401767302,3.3921825796023213,5.5,1.0,0.6058230683090705,54.89219982238397,53.5,35.0
2025,9,regular,,401767167,3.953851478791558,3.0,1.0,0.6304591265397537,42.43248639693036,46.5,33.0
2025,9,regular,,401767228,0.5290775668267713,3.0,-1.0,0.5061590145576708,54.68991953440666,54.5,33.0
2025,9,regular,,401767764,-0.25412268158676365,-2.5,-10.0,0.48712206047032475,42.44596981385834,39.5,38.0
2025,9,regular,,401767281,-19.619007861910145,-24.0,-24.0,0.054871220604703244,55.28517868557578,58.5,38.0
2025,9,regular,,401760400,2.6339375173659776,3.0,19.0,0.5867861142217246,68.61264841212642,61.0,47.0
2025,9,regular,,401767124,-10.707788088138546,-8.5,-11.0,0.18253079507278835,59.37071425988069,57.5,43.0
2025,9,regular,,401767374,11.6519059924651,10.5,22.0,0.8297872340425532,53.04072226413335,50.5,42.0
2025,9,regular,,401767486,-18.796409077249585,-24.5,-27.0,0.06270996640537514,46.77923971773715,47.5,55.0
2025,9,regular,,401757172,-13.049561504832372,-10.0,3.0,0.1455767077267637,52.13203713976801,48.5,71.0
2025,9,regular,,401767384,13.646744743630451,13.5,17.0,0.8723404255319149,61.20025375340201,56.5,45.0
2025,9,regular,,401767539,15.276500874806075,15.0,14.0,0.8980963045912654,50.43324529048461,50.5,48.0
2025,9,regular,,401767204,0.9961575364890162,-1.5,-28.0,0.5296752519596865,57.05009013719105,57.5,68.0
2025,9,regular,,401767577,33.80851694945296,27.5,62.0,1.0,49.487082159082135,51.5,62.0
2025,9,regular,,401767472,-22.58341094459356,-21.5,-24.0,0.03919372900335946,47.74942051711929,52.5,52.0
2025,9,regular,,401767065,1.5283091428788294,-1.5,-3.0,0.5464725643896976,60.265496648228684,57.5,43.0
2025,9,regular,,401752880,2.2351838285845385,3.5,17.0,0.5722284434490481,56.48684874665463,54.5,67.0
2025,9,regular,,401752952,-6.2162782910869545,-1.5,21.0,0.2877939529675252,49.23341161255934,44.5,35.0
2025,9,regular,,401754574,7.545532294195395,5.0,19.0,0.7402015677491601,57.60275724713469,52.5,87.0
2025,9,regular,,401767533,-10.465861978226703,-10.0,-36.0,0.18477043673012317,54.148642660255106,54.5,62.0
2025,9,regular,,401760399,-4.824013671056994,-3.0,-23.0,0.3292273236282195,48.52445407384336,46.0,23.0
2025,9,regular,,401752751,-11.550754836970546,-11.5,-7.0,0.16461366181410975,45.5112196252106,47.5,51.0
2025,9,regular,,401767325,8.09546432634719,3.0,8.0,0.7558790593505039,50.078837079456186,52.5,46.0
2025,9,regular,,401762845,2.5804916101962827,6.5,14.0,0.5811870100783875,42.93208808914714,42.0,28.0
2025,9,regular,,401762495,-7.87550124710431,-4.5,-1.0,0.24300111982082867,56.71384289439129,52.5,75.0
2025,9,regular,,401752752,3.1628275180354573,3.0,7.0,0.6013437849944009,60.09265284697199,52.5,27.0
2025,9,regular,,401762847,20.55472570525165,16.5,25.0,0.9529675251959686,49.60181917277846,46.5,51.0
2025,9,regular,,401762874,-0.023700257135561453,2.5,9.0,0.49272116461366183,39.5510009532603,40.5,43.0
2025,9,regular,,401756931,0.345506386258135,2.5,-14.0,0.5027995520716685,48.320217388799605,49.0,68.0
2025,9,regular,,401762493,17.931092385795314,14.5,10.0,0.9328107502799552,61.199547707533114,63.5,74.0
2025,9,regular,,401767561,6.343698634602283,9.0,4.0,0.70996640537514,50.89802258596405,50.5,24.0
2025,9,regular,,401767334,25.793204456670118,31.5,13.0,0.9798432250839866,52.00772928804629,51.5,45.0
2025,9,regular,,401767354,-0.6520698744118405,-1.0,6.0,0.47368421052631576,46.06117786404961,44.5,60.0
2025,9,regular,,401767314,-10.984104294812333,-14.0,-43.0,0.17469204927211646,65.50338702471865,61.5,69.0
2025,9,regular,,401752882,10.121859904774041,7.5,38.0,0.7984322508398656,40.470460605717,39.5,44.0
2025,9,regular,,401761637,9.542361699225989,14.0,28.0,0.786114221724524,52.410264736909056,48.5,70.0
2025,9,regular,,401767252,16.38040290438338,19.5,28.0,0.9115341545352743,61.15656794675347,57.5,84.0
2025,9,regular,,401767493,1.5614345240470913,5.5,24.0,0.5464725643896976,43.15397109852431,43.5,38.0
2025,9,regular,,401756930,6.070447844468929,3.5,21.0,0.7010078387458006,66.56769935700558,68.5,61.0
2025,9,regular,,401756933,35.09896808969111,37.5,42.0,1.0,61.73952779945736,56.5,42.0
2025,9,regular,,401767093,17.88143783943402,21.5,39.0,0.9316909294512878,51.52194656192087,55.5,51.0
2025,9,regular,,401767450,26.988963453312497,30.0,29.0,0.9888017917133258,58.18500033579119,55.5,63.0
2025,9,regular,,401752749,-9.224126325879691,-8.5,-7.0,0.2127659574468085,46.673847717301825,48.5,83.0
2025,9,regular,,401767456,1.4525154474776514,-3.0,-8.0,0.541993281075028,47.48114641782293,48.5,78.0
2025,9,regular,,401756935,-15.828367289567142,-16.5,-6.0,0.09966405375139978,61.34456175717598,55.5,40.0
2025,9,regular,,401767419,-15.9912672815381,-21.0,2.0,0.09966405375139978,53.88253063288967,56.5,50.0
2025,9,regular,,401767085,-2.2066562760805892,-3.0,-13.0,0.42105263157894735,60.674260985260105,62.5,49.0
2025,9,regular,,401754572,27.34583815597351,28.5,35.0,0.9899216125419933,47.404753871767696,45.5,49.0
2025,9,regular,,401767463,-8.51864264406896,-14.0,-10.0,0.22956326987681971,58.76733266524268,59.5,52.0
2025,9,regular,,401761638,9.726391057277986,7.0,12.0,0.7894736842105263,51.951294140475014,47.5,58.0
2025,9,regular,,401761636,-1.0148431866722434,-1.0,10.0,0.46360582306830905,59.4196466270798,59.5,58.0
2025,9,regular,,401752886,33.018954928729826,31.5,14.0,1.0,48.8982394405494,45.0,28.0
2025,9,regular,,401752881,-13.370987156411013,-13.5,-11.0,0.1366181410974244,48.98863992359118,47.5,51.0
2025,9,regular,,401754570,27.981461975700928,25.5,14.0,0.9910414333706606,60.17788541217625,54.5,62.0
2025,9,regular,,401760398,4.926019099888259,5.5,28.0,0.6550951847704367,41.20546054463567,46.5,28.0
2025,9,regular,,401752748,-3.0612509001003003,-1.5,-24.0,0.3919372900335946,50.00843205982085,50.5,74.0
2025,9,regular,,401752747,-7.134647957069475,-7.5,-22.0,0.2553191489361702,59.61560021041565,55.0,90.0
2025,9,regular,,401767512,-8.239874190028363,-9.0,-31.0,0.23852183650615902,50.338749907978766,45.5,45.0
2025,9,regular,,401767478,0.5087597240093038,-4.5,28.0,0.5061590145576708,53.78903494191378,54.5,84.0
2025,9,regular,,401767295,-8.59742402124206,-9.5,-21.0,0.22956326987681971,58.62225309311509,59.5,35.0
2025,9,regular,,401767075,-20.582366098066196,-21.5,-17.0,0.05039193729003359,51.97827357317189,55.5,51.0
2025,9,regular,,401756929,5.2641794451028145,7.5,-8.0,0.6651735722284434,44.18243244059602,47.0,40.0
2025,9,regular,,401756934,16.525936115663107,14.0,46.0,0.9137737961926092,51.06033057659624,50.0,60.0
2025,10,regular,,401761639,-9.45230851657643,-7.5,-32.0,0.21293532338308457,58.578190532314856,55.5,72.0
2025,10,regular,,401757289,10.192558090912565,12.5,13.0,0.7990049751243781,46.81220403180352,53.0,53.0
2025,10,regular,,401757292,-9.39182826447514,-4.5,-3.0,0.21492537313432836,54.24461142040021,54.0,45.0
2025,10,regular,,401757291,0.38848797276480473,3.0,7.0,0.5044776119402985,47.777592759626344,50.0,49.0
2025,10,regular,,401767346,11.367610084014155,17.5,7.0,0.8258706467661692,59.96129995735726,57.5,47.0
2025,10,regular,,401762443,-2.393399742052516,-6.0,22.0,0.41393034825870645,56.49935848657,54.5,74.0
2025,10,regular,,401761640,-4.945819368127252,-7.0,17.0,0.32935323383084575,58.83854201628387,55.5,71.0
2025,10,regular,,401762497,-18.239408615883974,-14.0,-24.0,0.06865671641791045,50.172924552969874,48.5,52.0
2025,10,regular,,401767555,9.277252118266976,11.5,7.0,0.7751243781094528,54.2570678894883,50.5,49.0
2025,10,regular,,401754575,8.084432773571836,1.5,-17.0,0.7502487562189055,49.31766640784903,45.5,37.0
2025,10,regular,,401757290,19.36559349951007,16.5,41.0,0.9432835820895522,46.15597023997063,48.0,69.0
2025,10,regular,,401767094,-0.04375129922953602,5.5,-3.0,0.4925373134328358,56.71791443021469,52.5,67.0
2025,10,regular,,401767661,10.444504697453427,15.5,15.0,0.8029850746268656,54.657697882242104,49.5,55.0
2025,10,regular,,401767275,-8.2712641131228,-7.5,-53.0,0.23482587064676616,54.31995251440544,49.5,71.0
2025,10,regular,,401767768,-3.22803812661612,-6.5,-3.0,0.3890547263681592,41.31671219385807,37.5,43.0
2025,10,regular,,401762499,5.853828437946916,6.5,14.0,0.6895522388059702,69.18021028404843,68.5,48.0
2025,10,regular,,401754581,-8.533100227284196,-8.5,6.0,0.22587064676616916,52.114176693393645,50.5,46.0
2025,10,regular,,401767746,7.753696232028291,5.5,3.0,0.7402985074626866,46.58091489356151,42.5,17.0
2025,10,regular,,401760401,-1.5917212615975027,-1.5,-3.0,0.43781094527363185,52.83999753023758,48.5,37.0
2025,10,regular,,401757173,15.57489580137954,10.5,19.0,0.9044776119402985,67.62087838124326,61.5,57.0
2025,10,regular,,401752889,16.811352826152564,17.5,24.0,0.9213930348258706,49.369651261832615,45.5,52.0
2025,10,regular,,401767723,25.604235499235767,24.0,41.0,0.9771144278606965,48.352813302469436,47.5,41.0
2025,10,regular,,401767685,22.119023806121266,21.5,14.0,0.9562189054726368,44.87115048088312,46.5,34.0
2025,10,regular,,401752891,12.468635866316452,13.0,22.0,0.8537313432835821,63.94434253671333,63.5,48.0
2025,10,regular,,401756938,14.238214247227901,13.0,-10.0,0.8845771144278607,48.746807611172756,48.5,80.0
2025,10,regular,,401756936,4.403905064715327,3.0,27.0,0.6477611940298508,61.119741088427254,58.5,33.0
2025,10,regular,,401762849,2.1257269787035074,2.5,-25.0,0.5791044776119403,43.331052815216,44.5,31.0
2025,10,regular,,401752758,3.1760023520913268,3.5,3.0,0.608955223880597,50.08804860810589,48.5,65.0
2025,10,regular,,401754577,4.658630066761549,4.0,-1.0,0.6567164179104478,52.72579732468496,55.0,91.0
2025,10,regular,,401756939,6.019737273869756,7.5,-5.0,0.6915422885572139,46.40367170068201,48.5,43.0
2025,10,regular,,401767193,-1.320298539121028,1.0,7.0,0.445771144278607,50.711823856278706,46.5,49.0
2025,10,regular,,401767136,-18.35065981836619,-14.0,-28.0,0.06766169154228856,65.7961219216875,59.5,42.0
2025,10,regular,,401767642,29.995029708110557,31.5,29.0,0.9950248756218906,53.5604739350346,51.5,57.0
2025,10,regular,,401767765,3.033377049417668,6.5,-3.0,0.6049751243781094,38.302440319447705,40.5,37.0
2025,10,regular,,401767598,-5.481921352206459,-6.5,-5.0,0.3124378109452736,50.008165586950035,47.5,43.0
2025,10,regular,,401767608,9.232719188251247,10.5,4.0,0.7741293532338308,56.259561783465216,58.5,52.0
2025,10,regular,,401767205,15.980246080427449,19.0,6.0,0.909452736318408,65.68220642592425,62.5,48.0
2025,10,regular,,401767730,-2.2284698451003924,-3.0,-8.0,0.41592039800995023,54.69538023019592,49.5,34.0
2025,10,regular,,401769068,2.60621796037537,7.0,3.0,0.5960199004975124,47.64222336499472,47.5,43.0
2025,10,regular,,401767693,0.6627180864671889,-3.5,3.0,0.5084577114427861,51.76825780470217,50.5,37.0
2025,10,regular,,401767582,18.004232179100534,12.5,10.0,0.9333333333333333,42.12869451985556,47.5,42.0
2025,10,regular,,401767168,10.135441374646984,10.5,-6.0,0.7980099502487562,49.03136883959088,50.5,40.0
2025,10,regular,,401767401,13.942373173661638,11.5,6.0,0.881592039800995,59.74077694059868,53.5,66.0
2025,10,regular,,401767631,18.045695650762713,14.0,45.0,0.9353233830845771,50.285463705866164,50.5,45.0
2025,10,regular,,401767109,-22.131877557423746,-23.5,-48.0,0.042786069651741296,51.82274264381015,52.5,62.0
2025,10,regular,,401767716,14.227645771846266,13.5,3.0,0.8845771144278607,46.936170977370445,48.5,31.0
2025,10,regular,,401767506,-7.9024099638832,-13.5,5.0,0.2427860696517413,52.075015804471576,51.5,47.0
2025,10,regular,,401767585,16.07881771648738,14.0,11.0,0.9114427860696518,46.682553638964734,48.5,59.0
2025,10,regular,,401767570,-15.502366988045816,-15.5,-24.0,0.1044776119402985,51.361117060674744,52.5,80.0
2025,10,regular,,401762498,-3.5527859760681717,-5.5,-31.0,0.37512437810945276,54.945222443851975,58.5,59.0
2025,10,regular,,401767479,-2.944786586293039,2.5,7.0,0.39303482587064675,51.7442676607339,52.5,41.0
2025,10,regular,,401760404,4.789568803057582,3.5,-5.0,0.6626865671641791,69.16748384787525,61.5,75.0
2025,10,regular,,401767702,13.650837283019959,11.5,21.0,0.8786069651741294,54.070188966212754,48.5,41.0
2025,10,regular,,401767391,19.969198779592197,22.0,8.0,0.9482587064676616,60.73774109101286,58.5,76.0
2025,10,regular,,401767451,28.643471692065056,31.0,-12.0,0.9900497512437811,54.13753810277763,53.5,36.0
2025,10,regular,,401767385,0.9914640444643013,-1.0,19.0,0.5194029850746269,51.01556448157969,52.5,61.0
2025,10,regular,,401754580,-13.370250095969512,-10.5,-12.0,0.13333333333333333,58.084860075920545,52.5,44.0
2025,10,regular,,401767102,-14.51432328517603,-19.5,-21.0,0.12139303482587065,64.67536542302597,61.5,55.0
2025,10,regular,,401767315,5.903977951481631,3.5,3.0,0.6915422885572139,58.56938826918065,56.5,23.0
2025,10,regular,,401767442,13.638871626474835,12.5,15.0,0.8786069651741294,48.644301239538585,49.5,47.0
2025,10,regular,,401767198,-6.413380109931489,-4.5,-7.0,0.28059701492537314,44.25166788149955,50.5,47.0
2025,10,regular,,401767364,-9.82888380889709,-10.5,-3.0,0.2009950248756219,53.59891956571411,52.5,59.0
2025,10,regular,,401767375,7.437082436825589,6.5,-19.0,0.727363184079602,45.481375218125024,47.5,47.0
2025,10,regular,,401754582,-17.014974459695217,-13.5,-15.0,0.08557213930348259,54.66505950958354,51.5,55.0
2025,10,regular,,401754583,-33.03876570008109,-31.0,-15.0,0.007960199004975124,59.186505601837915,55.5,35.0
2025,10,regular,,401757294,13.719069872912977,7.5,19.0,0.8786069651741294,51.935608801648094,53.5,51.0
2025,10,regular,,401761641,-12.836520540297593,-16.5,-25.0,0.14129353233830846,54.119416814272824,55.5,37.0
2025,10,regular,,401761642,3.52003062298825,3.5,-9.0,0.618905472636816,53.66126261845202,52.5,53.0
2025,10,regular,,401752888,6.909720444610258,4.5,3.0,0.7134328358208956,50.27999235196994,44.5,43.0
2025,10,regular,,401752887,-20.096324912657117,-21.0,-45.0,0.056716417910447764,53.34503577536689,50.5,65.0
2025,10,regular,,401767335,15.365394437204337,19.0,30.0,0.9034825870646767,52.35340602367167,50.5,44.0
2025,10,regular,,401767513,29.385935580999977,26.5,8.0,0.9930348258706467,58.70514294414466,60.5,68.0
2025,10,regular,,401767355,-11.42850877641973,-15.0,-21.0,0.1701492537313433,49.42354847715836,51.5,49.0
2025,10,regular,,401760402,19.781714657292923,17.5,-23.0,0.9482587064676616,52.64792104604825,47.5,37.0
2025,10,regular,,401756941,-6.5386015021830595,-7.5,-23.0,0.27761194029850744,60.30205963874909,51.5,63.0
2025,10,regular,,401757293,5.591703614885196,3.5,29.0,0.6825870646766169,48.464388754071976,52.5,89.0
2025,10,regular,,401752755,-13.753706809889717,-7.0,-4.0,0.12935323383084577,44.69261262804339,50.5,44.0
2025,10,regular,,401754576,-7.133966632199101,-6.5,-10.0,0.26169154228855723,54.33782235423115,52.5,52.0
2025,10,regular,,401767618,0.367484745108131,3.5,18.0,0.5034825870646766,51.04121361406623,48.5,44.0
2025,10,regular,,401767534,-1.5559361358218107,-3.5,-7.0,0.43781094527363185,67.37819556770229,62.5,63.0
2025,10,regular,,401767086,15.739748456924321,11.5,-2.0,0.9054726368159204,59.00190593049209,64.5,74.0
2025,10,regular,,401767288,1.7055554233657222,3.5,1.0,0.5621890547263682,53.70393915517917,54.5,67.0
2025,10,regular,,401756940,22.979163865230124,24.5,17.0,0.9641791044776119,57.022726479280266,54.5,59.0
2025,10,regular,,401762850,6.863439339628303,5.5,3.0,0.7134328358208956,43.76998195068366,43.5,45.0
2025,10,regular,,401767244,-10.935274681497038,-13.5,3.0,0.18009950248756218,58.79916284452548,60.5,59.0
2025,10,regular,,401767473,11.577323351797792,11.5,24.0,0.8308457711442786,39.32956633380124,41.5,38.0
2025,10,regular,,401767066,-0.9265199662020059,-8.5,-22.0,0.45671641791044776,58.45048267239023,59.5,48.0
2025,10,regular,,401752753,3.336274004596227,5.5,-3.0,0.6109452736318408,66.1698083135363,66.5,73.0
2025,10,regular,,401767213,-3.7266277772627303,-3.5,-22.0,0.3701492537313433,45.129255982708514,47.5,48.0
2025,10,regular,,401767499,-22.46836075749866,-24.5,-20.0,0.03880597014925373,64.13176291194246,58.5,34.0
2025,10,regular,,401767282,7.382138246855969,6.5,-21.0,0.7263681592039801,50.04856104207231,52.5,47.0
2025,10,regular,,401767076,12.635319303017837,18.0,-5.0,0.8557213930348259,53.29245906405475,54.5,75.0
2025,10,regular,,401767525,7.80894345866985,10.0,24.0,0.7432835820895523,51.99839423646871,55.5,58.0
2025,10,regular,,401760405,12.67306158421682,10.0,17.0,0.8567164179104477,36.85520017892492,42.0,31.0
2025,10,regular,,401767464,16.360251105825448,17.5,45.0,0.9154228855721394,63.305692817329984,55.5,73.0
2025,10,regular,,401752756,13.997115579523097,13.0,16.0,0.882587064676617,51.39481797242878,55.5,44.0
2025,10,regular,,401767494,12.48731435102036,16.5,47.0,0.8537313432835821,49.90924502641879,48.5,53.0
2025,10,regular,,401756937,-0.5110910555456942,-3.5,-35.0,0.472636815920398,53.44201315537675,52.5,69.0
2025,10,regular,,401767423,-18.32343316635365,-17.0,-25.0,0.06766169154228856,55.88217268582202,53.5,57.0
2025,10,regular,,401752890,20.53435062513506,21.0,5.0,0.9492537313432836,45.696436244876644,48.5,37.0
2025,10,regular,,401752757,0.8493045494368756,3.0,-6.0,0.5164179104477612,59.043796237325225,55.5,60.0
2025,10,regular,,401754579,-6.93627424183449,-4.5,12.0,0.26965174129353237,58.90796189463525,58.5,84.0
2025,10,regular,,401752892,-7.927403374601295,-4.5,-4.0,0.2427860696517413,62.70218067111598,59.5,38.0
2025,10,regular,,401754578,6.379987911474458,12.5,35.0,0.7034825870646766,51.03264059544381,50.5,49.0
2025,10,regular,,401752943,-8.081651016532193,-3.5,3.0,0.2407960199004975,49.47326415965007,47.5,17.0
2025,10,regular,,401752754,12.241522453310449,11.5,-7.0,0.8487562189054726,44.22491344975258,44.5,13.0
2025,10,regular,,401761643,10.099067855515454,7.5,-13.0,0.7980099502487562,51.5717824676304,52.5,33.0
2025,10,regular,,401767253,-0.4306316695465132,-1.5,16.0,0.472636815920398,67.64962386752495,61.5,50.0
2025,10,regular,,401756942,11.718115637425782,11.0,31.0,0.8348258706467662,54.628944337560085,57.5,59.0
2025,10,regular,,401760403,1.61473851089123,2.5,7.0,0.5562189054726369,51.737329051490114,55.5,83.0
2025,11,regular,,401762852,6.216468551721292,2.5,4.0,0.6977578475336322,47.51523561452837,50.5,44.0
2025,11,regular,,401762851,17.003791423809894,12.5,34.0,0.9130044843049328,49.60197786715406,51.5,54.0
2025,11,regular,,401762853,5.833311477338196,3.0,4.0,0.6860986547085202,56.84272688197594,48.5,30.0
2025,11,regular,,401762854,20.597818207780918,15.5,39.0,0.9452914798206278,38.9922857426658,42.0,45.0
2025,11,regular,,401762500,8.86150124784825,14.0,32.0,0.7695067264573991,66.80942952324769,66.5,78.0
2025,11,regular,,401761644,1.295208308253518,4.5,-2.0,0.5488789237668161,62.00807734994582,61.5,48.0
2025,11,regular,,401767706,-27.062567276381742,-29.5,-17.0,0.017040358744394617,47.699279578416224,48.5,45.0
2025,11,regular,,401767347,0.19053838203252654,-3.5,-2.0,0.4968609865470852,60.196661938079245,54.5,26.0
2025,11,regular,,401756946,-3.023598053223285,1.5,-3.0,0.39820627802690584,45.50084078462026,47.5,57.0
2025,11,regular,,401762501,7.970187433562563,3.0,-6.0,0.747085201793722,53.495612601410905,53.5,70.0
2025,11,regular,,401752896,18.693459663849573,14.5,21.0,0.9318385650224216,49.566388474026844,54.5,55.0
2025,11,regular,,401761647,-2.0566673490320406,-6.5,-6.0,0.4224215246636771,52.91337442239991,54.5,48.0
2025,11,regular,,401767766,3.615274639491413,2.5,-4.0,0.6286995515695067,40.4002392117592,37.5,44.0
2025,11,regular,,401767535,8.483576830922553,6.0,17.0,0.7560538116591928,55.779436381486484,51.5,73.0
2025,11,regular,,401767731,20.73258632815351,20.0,35.0,0.9461883408071748,45.262342897340304,45.5,41.0
2025,11,regular,,401767769,-6.9403837653324585,-10.0,-1.0,0.2726457399103139,43.403395756236726,43.5,31.0
2025,11,regular,,401767747,14.277331403822775,10.0,30.0,0.8753363228699551,43.42275624767372,41.5,50.0
2025,11,regular,,401756947,-0.34193926398741925,6.5,7.0,0.47713004484304933,55.962885576324055,51.5,51.0
2025,11,regular,,401761646,-13.827575349896495,-13.5,-12.0,0.13452914798206278,58.28175106044393,53.5,58.0
2025,11,regular,,401756945,8.343448733628279,13.5,22.0,0.7524663677130045,58.0237440722659,50.25,36.0
2025,11,regular,,401754584,-14.725837523259482,-10.5,-32.0,0.12197309417040358,55.436834573156474,54.5,58.0
2025,11,regular,,401762503,4.891795246930998,7.0,1.0,0.6609865470852018,49.02876507107971,45.5,27.0
2025,11,regular,,401767676,-10.532716812990442,-13.5,-12.0,0.19103139013452916,49.481393143676385,50.5,56.0
2025,11,regular,,401767755,-4.510892311087961,-7.0,18.0,0.3515695067264574,45.938459596155525,43.5,40.0
2025,11,regular,,401767262,11.728659414255791,12.5,-21.0,0.8331838565022421,58.871536174377944,61.5,47.0
2025,11,regular,,401767316,21.240615050323825,18.5,26.0,0.9497757847533632,60.6646424474322,53.5,50.0
2025,11,regular,,401752762,-11.609127406918766,-9.5,-20.0,0.17757847533632287,56.27454329908981,56.5,62.0
2025,11,regular,,401752893,-12.00488044977686,-14.0,-3.0,0.17219730941704037,59.345814259708504,50.5,51.0
2025,11,regular,,401769849,6.129183525690037,6.5,17.0,0.6932735426008969,61.46644218795748,58.5,101.0
2025,11,regular,,401767199,-20.925027338820758,-24.5,-12.0,0.045739910313901344,54.971223218358354,52.5,30.0
2025,11,regular,,401767609,-24.995678951595643,-22.5,1.0,0.026905829596412557,59.27348659146597,57.5,27.0
2025,11,regular,,401757299,9.810421561613868,7.5,-4.0,0.7946188340807175,47.59451974820148,51.5,38.0
2025,11,regular,,401762855,-1.5883534990294201,3.0,6.0,0.44035874439461886,50.96244623213603,49.5,48.0
2025,11,regular,,401767703,12.852413046850113,10.5,3.0,0.8538116591928251,51.683535843595706,49.5,37.0
2025,11,regular,,401767624,0.4698895343058811,2.5,-7.0,0.5022421524663677,52.35768620300141,47.5,33.0
2025,11,regular,,401752897,-31.064052399803742,-29.5,-24.0,0.008968609865470852,46.35009618244477,49.5,44.0
2025,11,regular,,401767646,-19.690978095936426,-23.5,-16.0,0.060089686098654706,54.58520870454335,48.5,70.0
2025,11,regular,,401767694,9.91954750517643,8.0,-22.0,0.7973094170403587,51.85165487824163,50.5,56.0
2025,11,regular,,401767632,14.683094369574071,12.5,28.0,0.8834080717488789,49.96452702525458,47.5,54.0
2025,11,regular,,401767186,-16.22744904873065,-14.5,-28.0,0.09596412556053811,50.40442703870281,50.5,42.0
2025,11,regular,,401767330,-5.568454551106109,-3.5,-18.0,0.31210762331838565,51.560713842229276,51.5,38.0
2025,11,regular,,401752761,50.980381815360445,51.5,49.0,1.0,53.059668303100196,63.5,49.0
2025,11,regular,,401767724,-4.552281620634696,-5.5,-7.0,0.34977578475336324,44.72716662176048,45.5,55.0
2025,11,regular,,401767443,-7.962756367849726,-10.5,-32.0,0.2484304932735426,59.55767802788342,58.5,72.0
2025,11,regular,,401767669,-0.13060312709361188,3.5,-18.0,0.4852017937219731,58.10210633190025,56.5,56.0
2025,11,regular,,401767599,-11.40127829795832,-12.5,1.0,0.18116591928251122,48.06932594786248,47.5,61.0
2025,11,regular,,401767137,-1.3016056182209252,-3.5,-3.0,0.44484304932735425,49.04742358797796,44.5,51.0
2025,11,regular,,401767396,16.22460162896254,15.5,30.0,0.9022421524663677,50.57656807508446,49.5,54.0
2025,11,regular,,401767590,-15.10658314441378,-11.0,-42.0,0.11390134529147983,42.26600164834561,44.5,62.0
2025,11,regular,,401767206,6.81905724437549,4.5,3.0,0.7237668161434978,59.9930783470969,56.5,51.0
2025,11,regular,,401767177,-2.6141838667830397,-4.5,-14.0,0.4080717488789238,50.39718576969846,49.5,54.0
2025,11,regular,,401762502,2.716607566470467,1.0,7.0,0.5919282511210763,57.55525376518378,51.5,41.0
2025,11,regular,,401767480,-19.582275620428426,-24.5,-35.0,0.06098654708520179,54.9348256161496,54.5,41.0
2025,11,regular,,401767409,22.722221414599193,25.5,3.0,0.9605381165919282,57.39723545066039,56.5,59.0
2025,11,regular,,401767229,16.2081980181566,14.5,19.0,0.9022421524663677,41.42528417723224,48.5,33.0
2025,11,regular,,401767548,1.1176578704881932,5.0,10.0,0.5399103139013453,63.50090884716009,59.5,86.0
2025,11,regular,,401767500,12.371849509529763,12.5,17.0,0.8475336322869955,48.73377540969105,49.5,45.0
2025,11,regular,,401767146,-6.981734937987533,-6.5,-3.0,0.2717488789237668,58.33639393522645,56.5,57.0
2025,11,regular,,401767507,-11.875725679121082,-10.5,-5.0,0.17309417040358743,55.64513844513711,53.5,25.0
2025,11,regular,,401767214,-4.877590038146654,-7.5,3.0,0.3399103139013453,61.35955234012125,57.5,45.0
2025,11,regular,,401752894,1.8660669336158442,1.5,15.0,0.568609865470852,57.53354326750572,56.5,55.0
2025,11,regular,,401767578,-7.527477701462475,-8.0,-2.0,0.2538116591928251,66.73308475065198,65.5,96.0
2025,11,regular,,401762504,31.204165985781238,28.0,26.0,0.9955156950672646,50.714326627365466,56.5,70.0
2025,11,regular,,401767386,-0.9484725696254644,-3.5,-3.0,0.46278026905829595,54.21547987091772,52.5,59.0
2025,11,regular,,401767245,20.061441128465983,20.5,21.0,0.9426008968609866,48.11273027438734,53.5,41.0
2025,11,regular,,401762505,3.9800330727132396,4.5,19.0,0.6439461883408072,62.4735007253164,60.5,61.0
2025,11,regular,,401767424,-29.47230312512368,-27.5,-39.0,0.012556053811659192,58.19548209300547,56.5,45.0
2025,11,regular,,401767365,19.9276787945047,17.5,18.0,0.9426008968609866,56.36062134609223,53.5,66.0
2025,11,regular,,401767069,20.244470881725128,27.0,5.0,0.9434977578475336,58.37772959317243,62.5,53.0
2025,11,regular,,401757295,-11.057797645599258,-5.5,1.0,0.18385650224215247,53.099236874594716,56.5,49.0
2025,11,regular,,401757296,-5.172509694777433,1.5,-26.0,0.33004484304932735,47.12898584719649,50.5,86.0
2025,11,regular,,401757297,-3.1080972659354345,-1.5,-3.0,0.3955156950672646,51.877996291556066,46.5,57.0
2025,11,regular,,401767110,27.855748716174187,28.5,52.0,0.9856502242152466,56.53259757719521,57.5,80.0
2025,11,regular,,401767474,-24.18750219829407,-24.5,-47.0,0.030493273542600896,42.76753183084669,48.5,53.0
2025,11,regular,,401767392,3.549317579910465,1.5,8.0,0.6278026905829597,56.26376239156598,53.5,54.0
2025,11,regular,,401767356,-1.524573922775661,-3.5,-43.0,0.4412556053811659,51.94088258798997,52.5,53.0
2025,11,regular,,401767283,-5.693403592196397,-6.5,-10.0,0.30672645739910315,54.693096057121124,55.5,44.0
2025,11,regular,,401754587,23.86832212341664,28.5,28.0,0.9668161434977578,50.76360937540055,46.5,48.0
2025,11,regular,,401756944,4.797646502802285,7.5,-3.0,0.6582959641255606,55.82313873906577,58.5,37.0
2025,11,regular,,401756943,3.5177396965646714,5.5,4.0,0.6251121076233184,57.95353838714954,56.5,44.0
2025,11,regular,,401754590,-3.2191695443148793,-7.5,3.0,0.3919282511210762,62.94567072743729,63.0,71.0
2025,11,regular,,401752898,-9.471463939714388,-4.5,-2.0,0.21255605381165918,48.35973963230295,41.5,34.0
2025,11,regular,,401783279,-9.450247278098377,-9.5,10.0,0.21255605381165918,45.545186228378654,44.5,72.0
2025,11,regular,,401752763,-5.0010367371808995,-7.0,-21.0,0.3345291479820628,56.482917803647304,48.5,55.0
2025,11,regular,,401767562,-16.889399093829773,-18.5,-24.0,0.09058295964125561,57.481856919831856,56.5,52.0
2025,11,regular,,401767542,-5.572314845976982,-7.5,7.0,0.31210762331838565,46.02960962580847,46.5,41.0
2025,11,regular,,401752764,8.86906758768427,6.0,7.0,0.7695067264573991,47.32854869980659,46.5,83.0
2025,11,regular,,401767254,10.03284585347535,13.5,3.0,0.8,60.140319312694444,55.5,79.0
2025,11,regular,,401761645,13.203698402083242,7.0,13.0,0.8565022421524664,57.09384007569016,56.5,67.0
2025,11,regular,,401767376,11.630267166443174,11.0,18.0,0.8322869955156951,49.12633377658529,47.5,52.0
2025,11,regular,,401767487,-7.313063540104594,-8.0,2.0,0.262780269058296,50.07396420084646,49.5,26.0
2025,11,regular,,401767289,-6.986447100947753,-9.5,-7.0,0.2717488789237668,58.28780637115031,57.5,41.0
2025,11,regular,,401757298,-10.276094394141811,-11.5,-3.0,0.19551569506726457,47.57798910057539,52.5,45.0
2025,11,regular,,401754588,4.389274870358882,8.5,5.0,0.6502242152466368,43.92846203153273,41.5,35.0
2025,11,regular,,401752899,-15.168215235376755,-10.5,3.0,0.11390134529147983,45.257375294943564,44.5,23.0
2025,11,regular,,401767129,-12.204807978155591,-20.5,-28.0,0.16681614349775784,59.31325238172466,59.5,76.0
2025,11,regular,,401761648,-3.1530141870066415,-3.5,3.0,0.39461883408071746,63.21639421607202,63.5,81.0
2025,11,regular,,401767465,3.358569285218185,2.5,-15.0,0.6224215246636772,60.77840762531904,53.5,55.0
2025,11,regular,,401767117,9.935650444412854,12.5,39.0,0.7973094170403587,59.13335412026794,56.5,59.0
2025,11,regular,,401767077,4.287849270776792,7.5,10.0,0.6484304932735426,57.92561889593046,62.5,44.0
2025,11,regular,,401760406,3.5424700768258206,6.0,-10.0,0.6278026905829597,62.84694365113633,67.5,42.0
2025,11,regular,,401754589,9.743326838118062,7.0,-7.0,0.7928251121076233,51.78016202058912,48.5,25.0
2025,11,regular,,401754585,19.68710883439403,18.5,-3.0,0.9408071748878923,52.90288343429105,49.0,55.0
2025,11,regular,,401767095,-0.45607324118221193,-2.5,-14.0,0.47533632286995514,58.10850413133985,59.5,42.0
2025,11,regular,,401754586,2.7303596576253084,1.5,14.0,0.5919282511210763,55.774288020345864,56.5,34.0
2025,11,regular,,401752760,-1.7997111691337835,-4.5,31.0,0.4295964125560538,42.66767791202341,44.5,45.0
2025,11,regular,,401757166,23.692354490956685,30.5,39.0,0.9668161434977578,53.07583798479671,54.5,59.0
2025,11,regular,,401760409,13.391486750723065,10.0,37.0,0.8600896860986547,53.39818410884013,52.5,65.0
2025,11,regular,,401752759,9.977035843119515,10.0,11.0,0.7982062780269058,49.214515825250324,49.5,29.0
2025,11,regular,,401752895,-6.274617174708565,2.0,-7.0,0.28699551569506726,49.23681909899095,45.5,49.0
2025,11,regular,,401760407,-5.17969768627454,-5.5,-32.0,0.3291479820627803,61.708077946332146,61.0,52.0
2025,11,regular,,401752944,13.841977606378006,21.0,-4.0,0.8663677130044843,51.913421710326546,52.5,38.0
2025,11,regular,,401760408,-9.634771633746919,-6.5,32.0,0.20717488789237667,46.0088631035832,48.0,44.0
2025,12,regular,,401762856,9.403653345911593,7.5,-7.0,0.7762408462164361,53.364939046858204,49.5,77.0
2025,12,regular,,401762857,-0.8969904910481936,1.5,4.0,0.46216436126932464,45.66590956267326,47.0,30.0
2025,12,regular,,401762859,-11.701527144437769,-9.5,-42.0,0.16924328722538648,40.98052671757233,43.5,48.0
2025,12,regular,,401762860,-8.138522904715199,-5.5,-21.0,0.2449145646867372,46.23273506976134,44.5,27.0
2025,12,regular,,401762858,1.6469788144803847,2.5,19.0,0.5622457282343368,46.14538424026934,44.5,57.0
2025,12,regular,,401761649,8.205105697489698,9.5,33.0,0.7502034174125305,51.699914677800265,53.5,33.0
2025,12,regular,,401767414,1.4603828781622805,7.0,-7.0,0.5557363710333605,61.4664842132849,57.5,61.0
2025,12,regular,,401754591,4.962559330877735,1.5,-1.0,0.6688364524003255,54.29035682037906,50.5,39.0
2025,12,regular,,401752904,25.139922542506294,26.5,29.0,0.9723352318958502,49.47626093740434,46.0,55.0
2025,12,regular,,401756952,-18.80957323314161,-19.5,-8.0,0.07323026851098453,56.96588436087911,50.5,20.0
2025,12,regular,,401767775,3.5619560890849717,1.0,6.0,0.6257119609438568,38.99572357573791,38.5,34.0
2025,12,regular,,401767767,4.964806909506563,4.5,14.0,0.6688364524003255,40.2018229864281,37.5,40.0
2025,12,regular,,401767760,-12.405488402609146,-14.0,-7.0,0.16029292107404394,38.495011906125576,37.5,13.0
2025,12,regular,,401756951,1.8691089320490504,6.0,-6.0,0.5695687550854354,56.34283989852909,56.5,54.0
2025,12,regular,,401767748,2.0837674115521256,-1.5,5.0,0.5768917819365338,53.42533699232349,46.5,71.0
2025,12,regular,,401752905,-10.349664389079607,-10.0,-2.0,0.19446704637917006,36.726696806649336,42.0,46.0
2025,12,regular,,401767707,21.114568368428497,23.0,2.0,0.951179820992677,56.659573186067526,51.5,88.0
2025,12,regular,,401752772,19.316144674444523,16.5,1.0,0.9332790886899919,49.665807504934534,49.5,61.0
2025,12,regular,,401767670,-1.1677927834461523,2.5,-17.0,0.451586655817738,53.77043589497484,52.5,57.0
2025,12,regular,,401767501,-30.961685768649687,-34.0,-18.0,0.009764035801464606,55.32989376957278,55.5,52.0
2025,12,regular,,401767452,16.0820132564339,20.5,19.0,0.8991049633848658,65.59242358910308,61.5,77.0
2025,12,regular,,401767619,-4.554640463385746,-3.5,-8.0,0.34092758340113916,46.32617711042145,43.5,20.0
2025,12,regular,,401767138,-12.835831536233785,-11.0,-28.0,0.1529698942229455,47.22867380941145,46.5,56.0
2025,12,regular,,401767402,-3.5158182886488127,-5.5,-7.0,0.38161106590724164,54.551662424212964,50.5,63.0
2025,12,regular,,401767663,2.7375177607166763,6.5,5.0,0.6013018714401953,45.84568039185155,45.5,79.0
2025,12,regular,,401752901,31.20936593513398,28.0,24.0,0.9959316517493898,45.427998600557444,43.5,38.0
2025,12,regular,,401767677,-4.793669639006806,-2.5,-3.0,0.33197721724979656,45.32025802262385,47.5,61.0
2025,12,regular,,401757174,9.880762870045762,7.5,10.0,0.7868185516680228,63.603454240265194,64.5,42.0
2025,12,regular,,401754597,-11.08242296235667,-12.5,-22.0,0.17819365337672904,59.062617280531384,55.0,52.0
2025,12,regular,,401788998,-10.020578796777986,-8.5,-3.0,0.20260374288039057,49.7502610500158,51.5,23.0
2025,12,regular,,401762507,-22.457021651480115,-17.0,-21.0,0.04068348250610252,62.629641676381176,57.5,35.0
2025,12,regular,,401767263,-21.867469333875036,-21.5,-44.0,0.043124491456468676,68.70716372432386,58.5,82.0
2025,12,regular,,401767610,12.793147115575396,14.0,27.0,0.8502847843775427,52.692504074206056,55.5,47.0
2025,12,regular,,401762510,-6.559962896492006,-8.5,3.0,0.2807160292921074,61.455094900542264,62.5,79.0
2025,12,regular,,401767563,3.4258795183036517,6.0,-17.0,0.6200162733930025,70.24550979169888,69.5,87.0
2025,12,regular,,401762861,0.8816941409569976,-2.5,-15.0,0.5305126118795769,54.82003861523597,48.5,33.0
2025,12,regular,,401752768,8.104326592886238,4.0,1.0,0.7502034174125305,57.42061402474012,58.5,45.0
2025,12,regular,,401767194,-4.8777561550088055,-4.0,-32.0,0.3279088689991863,49.639498594894526,49.5,58.0
2025,12,regular,,401767695,9.443003777295381,10.0,10.0,0.7770545158665582,47.08468703314148,47.5,38.0
2025,12,regular,,401756948,12.444010929244332,10.0,2.0,0.8462164361269324,50.05608590427982,46.5,48.0
2025,12,regular,,401767654,5.068480381059952,2.5,1.0,0.6712774613506917,59.74631192479379,48.5,63.0
2025,12,regular,,401767543,1.0995532407663176,4.5,-2.0,0.5378356387306753,55.740812320444334,50.5,104.0
2025,12,regular,,401767187,-16.05233798460786,-18.5,-41.0,0.10740439381611067,54.8566612363111,53.5,69.0
2025,12,regular,,401767393,18.75230565632151,23.5,15.0,0.9283970707892596,61.68301815340379,59.5,41.0
2025,12,regular,,401767737,-16.22022887795295,-18.5,-20.0,0.10577705451586655,56.18088597816161,54.5,34.0
2025,12,regular,,401767326,6.7867751191715415,10.5,3.0,0.7144019528071603,53.42698020367204,51.5,57.0
2025,12,regular,,401752945,-2.7513158131210176,1.5,17.0,0.4084621643612693,51.29686121286319,50.5,45.0
2025,12,regular,,401767717,6.694765618760798,5.5,14.0,0.7127746135069162,49.904314123925175,49.5,14.0
2025,12,regular,,401767571,15.665289613867518,20.5,18.0,0.8893409275834011,56.06404346504163,51.5,46.0
2025,12,regular,,401767348,9.846464655068683,13.5,13.0,0.7868185516680228,48.124490635574986,50.5,39.0
2025,12,regular,,401767331,-10.544632025272955,-13.5,-17.0,0.1920260374288039,46.74486075533874,47.5,55.0
2025,12,regular,,401752767,21.478018512088845,22.5,32.0,0.951993490642799,53.724850921199064,52.5,52.0
2025,12,regular,,401761651,-12.341390305756903,-9.5,-12.0,0.16029292107404394,66.05862677371258,59.5,48.0
2025,12,regular,,401767586,-3.416799501924417,-3.5,-2.0,0.386493083807974,37.48472928959954,43.5,30.0
2025,12,regular,,401767222,-5.277573609442674,-8.0,-5.0,0.3189585028478438,61.87106133641326,57.5,39.0
2025,12,regular,,401767255,26.144580727458532,25.5,14.0,0.9755899104963385,58.04164900748084,55.5,46.0
2025,12,regular,,401767147,-6.7177624307101125,-4.0,-7.0,0.2758340113913751,53.94602315182155,52.5,55.0
2025,12,regular,,401767303,12.858143154549388,15.0,23.0,0.8527257933279089,43.728473741200474,48.5,23.0
2025,12,regular,,401767740,-2.219556988727079,-3.5,-7.0,0.4288039056143206,54.01324541260905,49.5,63.0
2025,12,regular,,401767643,6.734706731345259,5.5,-14.0,0.7127746135069162,49.77014790052859,47.5,32.0
2025,12,regular,,401762506,-18.371795200332482,-17.5,-29.0,0.07811228641171684,73.46050004352105,69.0,77.0
2025,12,regular,,401767169,10.100232302536917,10.0,3.0,0.790886899918633,41.36670993887968,45.5,31.0
2025,12,regular,,401767207,-14.060886960213914,-15.0,-16.0,0.13181448331977216,48.91151789859738,50.5,44.0
2025,12,regular,,401767246,-8.784926499882705,-9.0,-7.0,0.22945484133441824,46.23595137385158,48.5,27.0
2025,12,regular,,401767200,7.1245940938542764,5.5,30.0,0.7233523189585028,47.55649575587402,49.5,54.0
2025,12,regular,,401757304,4.636988464828198,6.5,14.0,0.6574450772986168,46.594725819472586,48.5,62.0
2025,12,regular,,401767457,-7.465023014758721,-6.5,-5.0,0.2554922701383238,49.577242238494875,52.5,65.0
2025,12,regular,,401767444,7.140913485669024,3.5,-14.0,0.7233523189585028,53.09229772764951,50.5,56.0
2025,12,regular,,401767357,4.524669377563985,-2.5,-3.0,0.6533767290480065,58.70167980829158,54.5,49.0
2025,12,regular,,401760411,11.543093373807698,15.5,3.0,0.8275020341741253,53.38725672554138,53.5,37.0
2025,12,regular,,401767556,16.05080404434278,15.5,46.0,0.8991049633848658,60.26384491877108,57.5,80.0
2025,12,regular,,401767481,-7.050087560097631,-5.5,-3.0,0.26851098454027666,54.80938297244834,54.5,17.0
2025,12,regular,,401767387,17.29550426029082,21.0,47.0,0.9161920260374288,48.130254415573845,50.5,65.0
2025,12,regular,,401767377,-0.3651251594727185,-1.5,11.0,0.4825061025223759,45.18374225938575,45.5,43.0
2025,12,regular,,401752903,-14.675381537575158,-7.0,-18.0,0.12205044751830757,56.28851431312295,49.0,38.0
2025,12,regular,,401761654,1.3105964244939128,3.0,-27.0,0.5467860048820179,66.84545378366201,65.5,55.0
2025,12,regular,,401761653,-3.325079275880745,-4.0,-12.0,0.38812042310821804,51.85545135523296,49.5,40.0
2025,12,regular,,401760413,-10.564229672972333,-9.5,45.0,0.1920260374288039,47.90975038570349,49.5,65.0
2025,12,regular,,401752765,4.3826144079825955,6.5,-2.0,0.6517493897477624,45.514154940819296,45.5,44.0
2025,12,regular,,401754595,14.100276639874263,16.5,34.0,0.8673718470301057,56.82977436923148,54.5,48.0
2025,12,regular,,401752907,7.365777712298161,6.5,5.0,0.7282343368592351,52.57999654171686,48.5,47.0
2025,12,regular,,401754592,-17.705574201789332,-16.5,-2.0,0.0854353132628153,59.6799107840108,61.5,70.0
2025,12,regular,,401761652,24.96085527214267,21.0,48.0,0.9723352318958502,50.353995371315165,53.5,68.0
2025,12,regular,,401767514,37.22521657237344,34.0,32.0,0.9983726606997559,43.48974150473926,47.5,64.0
2025,12,regular,,401754593,1.4179111414558951,5.5,-17.0,0.5541090317331163,60.197999173843364,60.0,51.0
2025,12,regular,,401757303,19.950620838108303,13.5,16.0,0.9389747762408462,53.58754408365729,51.5,68.0
2025,12,regular,,401752906,15.031520026114054,16.5,18.0,0.8828315703824248,53.52202987964044,51.5,30.0
2025,12,regular,,401756953,23.950813903857473,24.5,39.0,0.9666395443449959,52.7852545634098,48.5,57.0
2025,12,regular,,401767600,5.766665370433553,7.5,22.0,0.6916192026037429,54.176615372603344,46.5,36.0
2025,12,regular,,401762509,16.969170237286946,16.5,11.0,0.9145646867371847,60.92327300058734,60.5,59.0
2025,12,regular,,401762508,-1.2616030980420387,3.0,4.0,0.4499593165174939,54.13919110195739,57.0,58.0
2025,12,regular,,401767078,11.114467975134708,11.5,8.0,0.8161106590724166,58.98045701918333,57.5,62.0
2025,12,regular,,401767067,6.924860625235309,3.5,20.0,0.7184703010577705,52.512097599650836,54.5,34.0
2025,12,regular,,401767519,19.286801604753954,23.5,5.0,0.9332790886899919,44.717538450717825,45.5,47.0
2025,12,regular,,401752771,32.979820642140055,41.5,33.0,0.9959316517493898,62.81326817324785,60.0,51.0
2025,12,regular,,401754596,10.250335143085142,3.5,16.0,0.7925142392188771,40.757186328099486,37.5,40.0
2025,12,regular,,401757301,-1.883442033150726,-2.5,7.0,0.43612693246541906,49.22659649000961,51.5,61.0
2025,12,regular,,401767366,-29.807123019718276,-29.5,-38.0,0.011391375101708706,62.63936993012594,54.5,44.0
2025,12,regular,,401767488,9.687626948160986,11.0,11.0,0.7827502034174125,43.25237007726102,45.5,41.0
2025,12,regular,,401767103,-23.212075145850775,-30.5,-46.0,0.03498779495524817,61.502665193027966,60.5,80.0
2025,12,regular,,401767466,13.207012684611902,9.5,5.0,0.8559804719283971,57.67137396342329,51.5,69.0
2025,12,regular,,401767087,5.693944698040804,13.5,28.0,0.6891781936533767,60.529365655008405,59.5,34.0
2025,12,regular,,401761650,1.5805655057561627,3.0,5.0,0.5614320585842149,59.671882832309315,59.5,85.0
2025,12,regular,,401757300,-5.488601753474434,-11.5,3.0,0.31163547599674535,57.32168359289198,56.5,49.0
2025,12,regular,,401752769,13.234853809223555,10.5,10.0,0.8559804719283971,51.134758688561206,53.5,58.0
2025,12,regular,,401752902,18.61993276151607,14.5,36.0,0.9275834011391375,51.85023292094813,51.5,62.0
2025,12,regular,,401760414,5.72922511886558,4.5,3.0,0.6908055329536208,73.70555550599968,68.5,55.0
2025,12,regular,,401767290,28.534187429900534,33.5,61.0,0.9869812855980472,65.724073613066,61.5,61.0
2025,12,regular,,401756949,-13.201639922736984,-9.5,-27.0,0.14564686737184704,61.93870187468991,60.5,83.0
2025,12,regular,,401752766,6.942224072686139,3.5,25.0,0.7184703010577705,46.936111362684215,50.5,45.0
2025,12,regular,,401754594,10.999723010944368,14.0,20.0,0.8136696501220505,55.28433129206489,55.0,48.0
2025,12,regular,,401752900,33.415545730326855,33.0,38.0,0.9959316517493898,44.698752754375576,46.5,58.0
2025,12,regular,,401752770,9.48426748943063,7.5,22.0,0.7778681855166802,56.73283832070764,50.5,76.0
2025,12,regular,,401757302,-0.4843946596739882,-3.5,9.0,0.47762408462164363,52.73727017923622,56.0,61.0
2025,12,regular,,401767296,9.90926555775954,12.5,7.0,0.7868185516680228,63.733128995981446,63.5,49.0
2025,12,regular,,401767096,0.8450813850312744,7.0,3.0,0.5305126118795769,57.79623848285692,59.5,43.0
2025,12,regular,,401752953,3.1621037799462703,10.0,25.0,0.6143205858421481,42.914841973296376,43.5,31.0
2025,12,regular,,401756950,3.919905551395045,3.0,31.0,0.6371033360455655,54.70467893049803,51.5,57.0
2025,12,regular,,401767111,14.293007559080994,19.0,21.0,0.8730675345809601,58.43532283563711,61.5,55.0
2025,12,regular,,401760410,-1.1720960645235279,2.0,10.0,0.451586655817738,47.31524466004524,41.5,24.0
2025,12,regular,,401760412,4.416607386993372,3.0,21.0,0.6517493897477624,39.621495545401864,40.5,27.0
2025,13,regular,,401762864,-8.184001000896487,-7.0,-16.0,0.24056254626202814,34.69451402713237,39.5,54.0
2025,13,regular,,401762863,32.30565930688177,33.5,28.0,0.996299037749815,51.41203364392625,53.5,56.0
2025,13,regular,,401762862,3.5832715531548267,2.5,-3.0,0.6173205033308661,45.86328830446682,47.5,35.0
2025,13,regular,,401762865,-2.4214940881532576,-2.5,-17.0,0.4063656550703183,42.263923460414226,38.5,57.0
2025,13,regular,,401762866,-9.293390971327067,-7.5,-12.0,0.2161361954108068,55.33080082305627,50.5,44.0
2025,13,regular,,401767520,17.839999683179567,17.5,12.0,0.9185788304959289,44.63669490015706,49.5,64.0
2025,13,regular,,401761655,0.8624365261655152,2.5,-4.0,0.5284974093264249,51.86633568658772,54.5,64.0
2025,13,regular,,401767522,-30.79137136476201,-37.5,-48.0,0.010362694300518135,48.92045828990721,50.5,76.0
2025,13,regular,,401754598,-1.9006115931039416,-6.5,10.0,0.4241302738712065,59.034534852778066,58.5,32.0
2025,13,regular,,401760418,3.6452748625576823,2.5,28.0,0.6180606957809031,63.80065809087465,64.5,48.0
2025,13,regular,,401767678,-7.358173416588419,-8.0,7.0,0.26424870466321243,50.11949244243802,51.5,63.0
2025,13,regular,,401762512,10.429256360036407,10.0,-1.0,0.7986676535899334,43.92957997793806,43.5,51.0
2025,13,regular,,401754606,17.57663446532245,17.5,38.0,0.917098445595855,50.09589224613699,49.5,66.0
2025,13,regular,,401756958,4.62617221158108,3.5,24.0,0.6580310880829016,52.71308954545964,55.5,52.0
2025,13,regular,,401767139,19.30566898234535,18.5,7.0,0.9363434492968171,53.021233715763955,52.5,63.0
2025,13,regular,,401767403,-7.242476486329118,-9.5,-19.0,0.2679496669133975,58.06580680464329,54.5,47.0
2025,13,regular,,401767264,26.799398013820184,29.5,-7.0,0.9814951887490747,61.25933457281243,62.5,55.0
2025,13,regular,,401767708,-5.276619504154935,-6.5,17.0,0.3234641006661732,52.291429015860146,50.5,73.0
2025,13,regular,,401752912,29.931071068924926,28.5,33.0,0.9918578830495929,55.43525891073161,54.5,51.0
2025,13,regular,,401752781,66.35245448263,54.5,48.0,1.0,55.95821447111176,59.5,48.0
2025,13,regular,,401767591,-22.05850007542837,-25.5,-42.0,0.04071058475203553,67.96798609031241,63.5,54.0
2025,13,regular,,401752778,6.073668795288614,4.5,11.0,0.7046632124352331,46.424465051090564,42.5,23.0
2025,13,regular,,401754602,-0.40674810736628286,4.0,32.0,0.4840858623242043,54.47505864384577,49.5,44.0
2025,13,regular,,401767718,11.634055972796647,5.5,1.0,0.8297557364914878,43.230442005037744,45.5,53.0
2025,13,regular,,401754603,-18.94529245529141,-17.5,-17.0,0.0695780903034789,51.25034342457916,49.0,51.0
2025,13,regular,,401752909,1.6846824311110613,4.0,3.0,0.5581051073279053,38.77588297199543,41.0,73.0
2025,13,regular,,401767761,10.586976763377306,10.0,7.0,0.8053293856402665,35.22382023893525,36.5,41.0
2025,13,regular,,401767749,11.273824452347068,10.5,7.0,0.8223538119911177,46.71365006793805,47.5,63.0
2025,13,regular,,401767738,-11.036060363415652,-10.0,-10.0,0.1850481125092524,55.69000057222098,52.5,74.0
2025,13,regular,,401752776,49.039597279705056,42.5,32.0,1.0,51.767522412398726,53.5,38.0
2025,13,regular,,401767696,10.83434729202528,9.5,-17.0,0.8142116950407106,43.20609037185903,43.5,41.0
2025,13,regular,,401767671,7.97376344608029,9.5,19.0,0.7520355292376018,65.11464317502235,60.5,57.0
2025,13,regular,,401767148,8.917843085070068,8.5,4.0,0.769059955588453,53.25242231444224,54.5,66.0
2025,13,regular,,401752954,14.032676047203442,15.5,4.0,0.8712065136935603,45.23138180266521,44.5,44.0
2025,13,regular,,401767195,7.914537082377049,7.5,6.0,0.7498149518874907,44.48944293413709,47.5,60.0
2025,13,regular,,401756954,8.161494529604218,6.5,24.0,0.7557364914877869,64.42843178277943,61.5,58.0
2025,13,regular,,401761657,-8.344969081351607,-10.0,-35.0,0.23760177646188008,59.9919496101124,62.0,55.0
2025,13,regular,,401788996,6.484096382874975,3.5,11.0,0.7128053293856402,54.31563639089421,50.5,23.0
2025,13,regular,,401767601,19.295817922538653,16.5,7.0,0.9363434492968171,57.07259288721852,48.5,47.0
2025,13,regular,,401767367,28.556378050249315,26.5,31.0,0.9874167283493709,61.16114731171598,59.5,57.0
2025,13,regular,,401767340,7.065985717665355,6.5,-7.0,0.7276091783863805,50.55002149794814,49.5,49.0
2025,13,regular,,401767453,11.222827288787794,13.0,-14.0,0.8216136195410807,59.74980796869502,58.5,48.0
2025,13,regular,,401767611,-16.227336013783006,-17.5,-28.0,0.10362694300518134,54.0716027844515,51.5,56.0
2025,13,regular,,401767625,22.360897710166554,21.5,7.0,0.9578090303478904,43.78620211060323,49.5,27.0
2025,13,regular,,401767564,13.107221855221479,11.5,2.0,0.8571428571428571,51.80938829869865,54.5,54.0
2025,13,regular,,401767445,5.57928496331755,4.5,-30.0,0.692820133234641,65.85282774082907,59.5,44.0
2025,13,regular,,401767349,-7.227086568808025,-5.5,-11.0,0.2686898593634345,58.4681866210039,56.5,45.0
2025,13,regular,,401767338,13.512071508474836,16.0,24.0,0.8660251665433013,56.04991943875611,54.5,44.0
2025,13,regular,,401767633,16.405785205677457,17.5,4.0,0.9015544041450777,42.177029500265306,49.5,54.0
2025,13,regular,,401767647,-23.66205069615198,-22.0,-34.0,0.03256846780162842,56.24258154481237,53.5,50.0
2025,13,regular,,401767234,15.20612835505775,17.5,3.0,0.8845299777942265,52.55373382253643,55.5,37.0
2025,13,regular,,401767188,31.75812573583685,31.5,28.0,0.996299037749815,55.28573379123348,52.5,48.0
2025,13,regular,,401767770,6.7823558540264015,7.5,10.0,0.7194670614359734,37.76414318523618,37.5,30.0
2025,13,regular,,401767208,14.262440797596907,13.5,-5.0,0.8749074759437454,61.83548954216671,59.5,53.0
2025,13,regular,,401767557,4.687298510273833,4.5,22.0,0.6587712805329385,46.5488675151486,47.5,48.0
2025,13,regular,,401757306,6.765843371259012,6.5,7.0,0.7179866765358993,47.8922381819394,54.5,75.0
2025,13,regular,,401752773,57.18165098609453,50.5,56.0,1.0,46.814031803786754,57.5,56.0
2025,13,regular,,401760419,9.530760358735318,6.5,-6.0,0.7801628423390081,36.11897808865609,39.5,20.0
2025,13,regular,,401762867,27.213607912642793,29.5,29.0,0.9829755736491488,46.373358434403826,45.5,47.0
2025,13,regular,,401752774,22.419161040942058,26.5,45.0,0.9578090303478904,51.46837617792484,50.5,79.0
2025,13,regular,,401767540,-10.720955675059683,-14.0,-3.0,0.19245003700962252,55.0879340533491,57.5,67.0
2025,13,regular,,401767291,-13.16112803548939,-18.0,-2.0,0.14359733530717986,66.02650938375575,58.5,70.0
2025,13,regular,,401767125,7.369630904948806,10.5,11.0,0.7350111028867505,56.525599013230405,56.5,37.0
2025,13,regular,,401767508,6.237362182306602,9.5,-3.0,0.7076239822353811,47.04137723630796,48.5,65.0
2025,13,regular,,401767170,10.56972728054818,12.5,1.0,0.8053293856402665,36.64450554627904,43.5,13.0
2025,13,regular,,401767104,-6.104581734130647,-4.5,-3.0,0.2975573649148779,61.22677771903109,59.5,59.0
2025,13,regular,,401767215,2.6074347547286214,-1.5,-17.0,0.5869726128793487,54.498603649725226,52.5,43.0
2025,13,regular,,401767178,20.197231790501057,21.0,38.0,0.9437453737971873,56.81989277623192,54.5,72.0
2025,13,regular,,401767756,-11.238246830162359,-13.5,-3.0,0.18060695780903036,49.79622961116413,42.5,37.0
2025,13,regular,,401761656,-6.757732648665328,-4.0,2.0,0.28053293856402667,61.52797797712053,56.5,50.0
2025,13,regular,,401767430,27.18408062683814,29.5,53.0,0.9829755736491488,49.438578776361865,50.5,65.0
2025,13,regular,,401762511,-21.95104837432008,-21.5,-30.0,0.04219096965210955,69.4696297488651,68.5,66.0
2025,13,regular,,401757307,6.102012327975611,-1.5,6.0,0.7054034048852702,44.66525568236848,45.5,62.0
2025,13,regular,,401757175,-7.99513073526675,-6.0,-3.0,0.2450037009622502,64.52062472687604,64.0,93.0
2025,13,regular,,401767358,4.4822185219202675,3.5,17.0,0.6513693560325685,55.19393797552917,52.5,31.0
2025,13,regular,,401767118,-8.17090655686111,-14.0,20.0,0.24130273871206515,62.758267280246,58.5,76.0
2025,13,regular,,401767475,-16.940710829777576,-17.5,-21.0,0.09622501850481126,47.764236147602375,49.5,41.0
2025,13,regular,,401757308,-1.0011594104132537,6.5,14.0,0.46039970392302,53.03536384870626,53.5,48.0
2025,13,regular,,401757309,3.6420414438830506,4.0,-3.0,0.6180606957809031,47.24174065623085,44.5,65.0
2025,13,regular,,401754604,32.38355671217748,36.5,63.0,0.996299037749815,52.27167686505794,51.0,77.0
2025,13,regular,,401752911,8.900483762371017,11.0,15.0,0.769059955588453,62.287506000480064,59.5,69.0
2025,13,regular,,401752780,10.701893108151467,8.5,15.0,0.8090303478904515,56.26461435710661,58.0,89.0
2025,13,regular,,401767515,28.254220559852698,33.5,55.0,0.9859363434492968,52.30781068533706,51.5,69.0
2025,13,regular,,401762513,-1.697243699549826,-2.0,34.0,0.43375277572168763,57.948404189425034,62.5,82.0
2025,13,regular,,401757305,-0.8865264488292702,2.5,6.0,0.46780162842339007,56.801477217810145,56.0,48.0
2025,13,regular,,401752782,11.774928645630158,7.0,28.0,0.8312361213915618,55.720175028833296,53.5,62.0
2025,13,regular,,401752913,18.838439213613157,17.5,3.0,0.9326424870466321,45.14374590234689,43.0,37.0
2025,13,regular,,401767394,-3.888431638451707,2.5,-4.0,0.3582531458179127,59.61889762087229,56.5,72.0
2025,13,regular,,401767397,1.206316342850722,3.5,29.0,0.5447816432272391,47.10378487951036,48.5,59.0
2025,13,regular,,401767378,-13.166464772056859,19.5,-6.0,0.14359733530717986,49.58547047425483,51.5,48.0
2025,13,regular,,401761658,0.31499567224955194,-2.5,7.0,0.5092524056254626,54.12627230769601,53.5,77.0
2025,13,regular,,401754600,-8.917544347858685,-7.0,-7.0,0.22427831236121393,52.36610754261933,50.5,57.0
2025,13,regular,,401762515,-7.289523084725146,-7.5,-24.0,0.26720947446336046,56.43170560826026,54.5,50.0
2025,13,regular,,401767725,5.386947004639627,5.5,35.0,0.6839378238341969,44.10501416551175,45.5,49.0
2025,13,regular,,401767284,-5.240986653989848,-6.5,-23.0,0.3271650629163583,38.79816499387815,45.5,43.0
2025,13,regular,,401756959,11.86780582570169,13.5,3.0,0.8364174685418209,47.28764347539152,47.5,31.0
2025,13,regular,,401756957,-1.3594838799276339,-1.5,-3.0,0.45003700962250187,55.60811421866663,55.5,31.0
2025,13,regular,,401752914,-10.695959154473204,-14.0,-25.0,0.19245003700962252,43.938340995418564,46.5,65.0
2025,13,regular,,401756960,15.807262778881011,17.5,4.0,0.8948926720947447,54.897302998286676,52.5,98.0
2025,13,regular,,401767088,5.060907743842909,2.5,-21.0,0.6698741672834937,51.30349095370729,59.5,53.0
2025,13,regular,,401767489,11.686993343334802,13.5,-2.0,0.8297557364914878,42.59697327937889,47.5,40.0
2025,13,regular,,401767134,8.049430836373329,5.0,4.0,0.7535159141376758,62.5256460721374,63.5,58.0
2025,13,regular,,401761660,14.184072339055342,9.5,12.0,0.8726868985936344,53.71049919109349,51.0,50.0
2025,13,regular,,401752779,16.393918275513617,24.0,44.0,0.9015544041450777,48.72956404318701,50.0,58.0
2025,13,regular,,401754605,43.778204864118365,41.5,35.0,1.0,51.912271024899056,55.5,55.0
2025,13,regular,,401767276,15.422098990064505,18.5,1.0,0.8897113249444856,64.28003540444072,60.5,89.0
2025,13,regular,,401767068,-0.9581091323869944,2.5,9.0,0.461880088823094,51.64084402938984,56.5,77.0
2025,13,regular,,401761659,18.464877404949497,20.5,17.0,0.926720947446336,61.548854195257995,59.5,45.0
2025,13,regular,,401767247,-7.199829054199996,-9.5,-21.0,0.2694300518134715,55.134650519012006,54.5,77.0
2025,13,regular,,401752908,10.234399984811741,7.0,27.0,0.7971872686898593,52.05144452680692,45.5,47.0
2025,13,regular,,401760415,-1.5009463160386183,-3.5,-17.0,0.44263508512213173,60.2849656494473,53.5,23.0
2025,13,regular,,401760416,19.068608627266425,17.5,28.0,0.9356032568467801,47.64339508630087,45.5,70.0
2025,13,regular,,401754601,1.1948208230492572,2.5,-14.0,0.5447816432272391,62.66439506807616,61.5,70.0
2025,13,regular,,401754599,-2.897791237751668,-4.5,21.0,0.3893412287194671,47.0370580280575,47.5,41.0
2025,13,regular,,401762514,-18.66093761509328,-18.5,-32.0,0.07253886010362694,61.44034425229524,57.0,80.0
2025,13,regular,,401752775,-7.169607006950679,-3.5,-20.0,0.2694300518134715,58.96735925128138,57.5,42.0
2025,13,regular,,401752915,-12.78198375272591,-8.5,17.0,0.15173945225758698,42.106034822601394,42.0,37.0
2025,13,regular,,401752777,15.16282926564972,24.5,3.0,0.8845299777942265,48.906683005523604,52.5,23.0
2025,13,regular,,401756955,-5.000921548946887,-2.5,-12.0,0.33308660251665434,53.565250782978524,56.5,40.0
2025,13,regular,,401756956,-5.840960554686419,-7.0,-25.0,0.30866025166543304,47.5539608376196,47.5,59.0
2025,13,regular,,401760417,3.8751208424823913,1.5,-11.0,0.6247224278312361,56.593412557367145,50.5,45.0
2025,13,regular,,401752910,-14.182950754487564,-10.5,-34.0,0.12657290895632864,52.283771057433455,51.5,62.0
2025,13,regular,,401760420,16.272386308336397,10.0,22.0,0.8978534418948927,48.29211598845367,51.5,28.0
2025,14,regular,,401762868,-15.274825376149598,-14.0,-31.0,0.12135593220338983,45.42075723991088,44.5,59.0
2025,14,regular,,401762869,-9.713855822997159,-10.0,-10.0,0.21084745762711865,49.204402152134136,49.5,52.0
2025,14,regular,,401762516,7.155185913601799,3.5,-11.0,0.7240677966101695,57.186584674419834,57.5,45.0
2025,14,regular,,401762870,-8.119342750329725,-7.0,-5.0,0.24745762711864408,48.86276576635158,44.5,57.0
2025,14,regular,,401762871,6.323878353946052,5.0,-4.0,0.6983050847457627,46.82726575980113,44.5,66.0
2025,14,regular,,401752788,-11.163911199825153,-7.5,-19.0,0.1871186440677966,64.47527570986479,62.5,57.0
2025,14,regular,,401752916,-4.349563488696779,-5.5,-24.0,0.3423728813559322,42.60311742274624,38.5,56.0
2025,14,regular,,401756964,-12.090057396295139,-10.0,-10.0,0.16610169491525423,59.713658240825055,60.5,52.0
2025,14,regular,,401760421,-1.5376301029640573,-2.5,-21.0,0.44542372881355935,51.30999532360728,47.5,63.0
2025,14,regular,,401762442,18.9203497804793,20.5,27.0,0.9308474576271186,70.3570651497594,65.5,77.0
2025,14,regular,,401752786,-13.475169453809599,-16.5,-7.0,0.1430508474576271,55.71781699311508,59.5,25.0
2025,14,regular,,401760426,-3.7384085923486516,-1.5,6.0,0.36406779661016947,44.74746925336766,41.5,40.0
2025,14,regular,,401760422,-7.3784849592720265,-1.5,-1.0,0.2684745762711864,61.5325636147757,54.5,49.0
2025,14,regular,,401752924,-29.888244839402276,-28.5,-53.0,0.010847457627118645,55.034050669928675,54.5,59.0
2025,14,regular,,401752792,-3.4897441939234017,-2.5,10.0,0.3749152542372881,53.800773379139244,54.5,44.0
2025,14,regular,,401756961,-0.18084681847060585,-2.0,-16.0,0.4894915254237288,48.48938109518612,48.5,30.0
2025,14,regular,,401752790,1.8732647795891306,2.5,-14.0,0.5654237288135593,45.754785853210564,45.5,42.0
2025,14,regular,,401836055,-3.638034874387552,-2.0,45.0,0.3701694915254237,57.18929060828809,53.5,59.0
2025,14,regular,,401836102,11.871268721035479,19.5,8.0,0.8264406779661017,54.48859501728026,52.5,46.0
2025,14,regular,,401752921,-13.812825717384978,-9.5,-18.0,0.13966101694915253,44.260794505664194,43.0,36.0
2025,14,regular,,401833975,-2.1653752242752735,4.5,-1.0,0.41491525423728814,60.525833198293995,61.5,85.0
2025,14,regular,,401756968,-22.136577032640833,-24.5,-49.0,0.04610169491525424,59.49178371206757,53.5,49.0
2025,14,regular,,401762872,-12.294712296897146,-11.5,-18.0,0.16542372881355932,48.06726926976893,46.5,24.0
2025,14,regular,,401762875,16.78597376964472,16.5,21.0,0.9071186440677966,43.17468667815515,40.5,69.0
2025,14,regular,,401756966,-19.821534431542183,-14.0,-7.0,0.06847457627118644,47.23128397056118,46.5,33.0
2025,14,regular,,401762519,-9.964338259572878,-7.0,-39.0,0.20677966101694914,62.773103083294224,66.5,45.0
2025,14,regular,,401754611,-4.848414000217161,-6.5,-31.0,0.328135593220339,56.594322948822224,49.0,45.0
2025,14,regular,,401756965,12.600262663220159,16.5,10.0,0.8461016949152542,57.41381244382771,49.5,38.0
2025,14,regular,,401752787,5.970779720159097,-1.5,41.0,0.6874576271186441,50.3380853541108,45.5,41.0
2025,14,regular,,401756962,-0.7972749342505657,2.5,-7.0,0.46915254237288134,60.335025745522366,57.0,55.0
2025,14,regular,,401756963,19.82331393198749,17.5,20.0,0.9396610169491525,45.07132276031599,46.5,62.0
2025,14,regular,,401757311,-9.36699810164166,-10.5,-40.0,0.2183050847457627,51.956561983738276,50.5,72.0
2025,14,regular,,401836095,6.6419357977686655,2.5,-18.0,0.7084745762711865,55.869845246733284,54.5,24.0
2025,14,regular,,401836195,10.02711910041188,21.0,21.0,0.7877966101694915,45.810979421437,46.5,55.0
2025,14,regular,,401757310,3.6998036053359513,4.5,30.0,0.6142372881355932,56.58613546830334,55.5,92.0
2025,14,regular,,401833969,8.204131174023269,12.5,18.0,0.7457627118644068,46.20169662177294,45.5,58.0
2025,14,regular,,401836115,-0.24929019412443684,-2.0,-25.0,0.4888135593220339,56.16494863688284,48.5,37.0
2025,14,regular,,401836116,9.082428042540887,11.0,38.0,0.7688135593220339,46.01484365251347,43.5,44.0
2025,14,regular,,401761663,9.227840991360084,10.5,-5.0,0.7708474576271186,66.47752089813653,62.5,43.0
2025,14,regular,,401761664,24.268528596263177,28.5,17.0,0.9715254237288136,55.370096167593005,58.5,37.0
2025,14,regular,,401757314,-4.491710417378156,2.5,-12.0,0.33491525423728813,47.87661903207777,45.5,72.0
2025,14,regular,,401767420,-12.279279332598065,13.5,1.0,0.16542372881355932,49.05004506799463,48.5,55.0
2025,14,regular,,401757312,-3.881958738412206,-1.5,3.0,0.3572881355932203,55.5461645104545,56.5,71.0
2025,14,regular,,401761661,0.8938378889238863,-1.5,-1.0,0.5274576271186441,52.213804692155485,54.5,59.0
2025,14,regular,,401761667,9.394578910972063,9.5,23.0,0.775593220338983,63.9625052149281,62.5,75.0
2025,14,regular,,401757315,6.200267395612223,3.5,-7.0,0.6955932203389831,50.38518921351718,52.0,55.0
2025,14,regular,,401761665,11.670455614112955,11.0,3.0,0.823728813559322,51.211893355896876,47.5,57.0
2025,14,regular,,401767428,-11.925177979612616,-13.5,4.0,0.17084745762711864,56.236687751639124,51.5,66.0
2025,14,regular,,401762517,4.870380473282543,9.5,-7.0,0.6589830508474577,61.25166627458637,56.5,55.0
2025,14,regular,,401754608,5.353277139468889,-3.0,-22.0,0.6732203389830509,57.38679382414418,54.0,46.0
2025,14,regular,,401752920,-13.56524702664634,-14.0,-4.0,0.14169491525423727,58.91173721672703,55.5,76.0
2025,14,regular,,401752783,-6.250080396566229,-4.5,-14.0,0.29423728813559324,61.86735548248025,54.5,48.0
2025,14,regular,,401762441,11.353952114400215,8.5,-3.0,0.816271186440678,50.63027640421958,50.5,51.0
2025,14,regular,,401752918,1.696043710719093,-2.5,10.0,0.56,37.89013923777127,38.5,24.0
2025,14,regular,,401752917,-8.042817344323757,-6.5,-12.0,0.24745762711864408,57.34952208640816,51.5,40.0
2025,14,regular,,401756967,5.253657734688386,3.0,22.0,0.6698305084745763,57.03538772437244,58.5,68.0
2025,14,regular,,401754610,2.2982677541862815,2.5,17.0,0.576271186440678,52.832947578931154,53.5,81.0
2025,14,regular,,401752789,9.846257166104236,11.5,4.0,0.7830508474576271,37.17323083452631,36.5,30.0
2025,14,regular,,401752791,0.5667525250117369,2.5,-21.0,0.5172881355932203,70.59304370817257,66.5,69.0
2025,14,regular,,401757313,1.0026714671875152,-2.5,-6.0,0.5315254237288135,49.5477257598273,55.5,90.0
2025,14,regular,,401761666,0.5453576681541604,7.0,-10.0,0.5166101694915254,52.56493204889161,50.5,46.0
2025,14,regular,,401761662,-20.244525949419746,-24.0,-49.0,0.06372881355932203,54.05456053646412,54.5,69.0
2025,14,regular,,401752785,-1.6286780429040495,-1.5,19.0,0.4433898305084746,45.25261344574248,49.0,61.0
2025,14,regular,,401752946,14.89492860199218,14.0,24.0,0.8833898305084745,43.40160773189049,42.5,40.0
2025,14,regular,,401752923,0.19165706084470424,4.0,10.0,0.5023728813559322,50.23348169323721,49.5,66.0
2025,14,regular,,401762520,26.058451011534572,28.5,49.0,0.9796610169491525,57.390702128358484,57.5,55.0
2025,14,regular,,401754613,12.441025796281231,8.5,20.0,0.8427118644067797,54.98840942871766,52.5,34.0
2025,14,regular,,401754612,13.269491758823419,7.0,23.0,0.8616949152542372,50.8197560361554,49.0,61.0
2025,14,regular,,401752784,-6.441097212409522,-7.0,-7.0,0.29152542372881357,47.36506072080529,48.5,47.0
2025,14,regular,,401752919,22.21799764030869,21.5,19.0,0.9559322033898305,58.81861319849182,59.0,39.0
2025,14,regular,,401752922,10.227423143646604,7.0,7.0,0.7932203389830509,46.26877837825805,44.5,33.0
2025,14,regular,,401762518,31.344712022911033,31.0,27.0,0.9945762711864407,51.30942810549989,52.5,27.0
2025,14,regular,,401754609,-13.863265010062731,-13.5,3.0,0.13898305084745763,50.318274921945346,53.5,73.0
2025,14,regular,,401760425,-12.855127886087116,-7.5,-25.0,0.1552542372881356,57.02714342570994,52.5,59.0
2025,14,regular,,401754614,-29.20797823664161,-32.5,-29.0,0.012203389830508475,50.06402741222858,49.5,69.0
2025,14,regular,,401760423,-3.817944736627074,-3.5,-27.0,0.36,50.97035326696981,45.5,55.0
2025,14,regular,,401760424,6.26794689683829,8.5,20.0,0.696271186440678,40.00289924646414,44.5,34.0
2025,15,regular,,401777325,0.21665062524762357,-3.0,-4.0,0.5,56.438634455433196,62.5,34.0
2025,15,regular,,401777352,21.54772280825924,24.5,17.0,0.9503865979381443,48.518137421198006,47.5,45.0
2025,15,regular,,401777326,6.297535302547325,6.0,17.0,0.696520618556701,63.656824499845456,59.5,59.0
2025,15,regular,,401777324,-3.2275662330677335,-1.5,13.0,0.3949742268041237,66.04947290248928,66.5,55.0
2025,15,regular,,401777327,7.651614071417893,12.5,27.0,0.7313144329896907,54.98349215858254,50.5,41.0
2025,15,regular,,401777329,1.2782791670787612,2.5,10.0,0.5373711340206185,42.19457658336039,44.25,36.0
2025,15,regular,,401777351,-2.9234098067638365,-1.5,-21.0,0.4007731958762887,49.12489623671571,48.5,35.0
2025,15,regular,,401777328,3.514045953768618,3.5,-7.0,0.6101804123711341,59.79138212765545,58.5,47.0
2025,15,regular,,401777353,2.502276811441902,3.5,-3.0,0.5811855670103093,51.68933628433201,45.75,23.0
2025,16,regular,,401833985,11.70821740123672,15.5,16.0,0.821656050955414,52.026130913816,56.5,72.0
2025,16,regular,,401833986,9.968198337509865,14.5,-5.0,0.7802547770700637,57.28350953986602,54.5,47.0
2025,16,regular,,401762521,8.100219622130638,6.0,1.0,0.7420382165605095,44.605923186710115,37.75,33.0
2025,16,regular,,401833987,7.173980880929139,7.5,30.0,0.7210191082802547,61.38277203169025,59.5,74.0
2025,16,regular,,401836219,4.0874560185053515,3.0,-11.0,0.6248407643312102,59.48074724231292,57.5,73.0
2025,16,postseason,Other bowl,401778123,-5.071902080122956,3.0,-2.0,0.3286624203821656,53.23409383999854,53.5,78.0
2025,16,postseason,Other bowl,401778302,7.103148947415113,10.0,28.0,0.7171974522292993,53.85747311003091,55.5,48.0
2025,16,postseason,Other bowl,401778303,-2.6408751334538523,3.0,4.0,0.4101910828025478,50.80483087874272,47.5,30.0
2025,16,postseason,Other bowl,401778304,7.6020016731935325,4.0,-14.0,0.7318471337579617,59.82752326595276,52.5,34.0
2025,16,postseason,Other bowl,401778305,-3.491387414437954,-1.5,7.0,0.3866242038216561,61.8063142098658,60.5,33.0
2025,16,postseason,Other bowl,401838053,0.9303287081625178,1.5,6.0,0.5254777070063694,51.8630798412068,55.5,62.0
2025,16,postseason,Other bowl,401778306,3.433241311152254,3.5,35.0,0.6057324840764331,45.708675643146606,47.5,47.0
2025,16,postseason,Other bowl,401778307,-0.7368615749043275,3.5,24.0,0.4726114649681529,58.85062044601581,56.5,38.0
2025,16,postseason,CFP,401779840,1.6049912998635907,1.5,-10.0,0.5515923566878981,43.82941872737561,42.5,58.0
2025,17,postseason,CFP,401779841,0.03658206215397486,3.0,-7.0,0.494949494949495,53.589459918986265,48.5,13.0
2025,17,postseason,CFP,401779842,13.157499878152958,16.5,31.0,0.8560606060606061,55.72879146269695,57.5,51.0
2025,17,postseason,FCS playoff,401833989,7.770513153430386,5.5,25.0,0.7323232323232324,62.33010097047823,56.0,71.0
2025,17,postseason,FCS playoff,401833990,3.0927299581919536,1.5,-16.0,0.5953282828282829,52.271809597115634,51.5,44.0
2025,17,postseason,CFP,401779843,12.82028649672288,20.5,17.0,0.8478535353535354,53.84836036310188,47.5,85.0
2025,17,postseason,Other bowl,401778308,-5.403977395642856,1.5,-13.0,0.32196969696969696,53.31545461974409,50.5,55.0
2025,17,postseason,Other bowl,401778309,4.380484723593605,11.5,5.0,0.6369949494949495,48.90428896579864,44.5,49.0
2025,17,postseason,Other bowl,401778310,-7.259891767774219,3.0,-11.0,0.26704545454545453,56.49782299963697,59.5,43.0
2025,17,postseason,Other bowl,401778311,-2.5934428085619246,-6.5,7.0,0.40845959595959597,62.489895140257524,64.5,27.0
2025,17,postseason,Other bowl,401778312,0.25673664866645896,1.5,4.0,0.5050505050505051,51.014812789215156,50.5,66.0
2025,17,postseason,Other bowl,401778313,8.898409580115546,13.5,27.0,0.7569444444444444,41.50544307998457,43.5,41.0
2025,17,postseason,Other bowl,401778314,1.1009409386815028,1.5,3.0,0.5315656565656566,50.28032448116802,44.5,37.0
2025,17,postseason,Other bowl,401778315,10.594683355213903,7.0,37.0,0.7922979797979798,61.30570216454716,62.5,77.0
2025,18,postseason,Other bowl,401778316,-5.698886217452558,-12.5,6.0,0.3118346900438322,58.158782286225865,51.5,40.0
2025,18,postseason,Other bowl,401778317,-6.266750827925026,2.5,-12.0,0.2936756418284283,52.12554388764218,47.5,32.0
2025,18,postseason,Other bowl,401778318,-5.023315175953572,7.5,25.0,0.3337507827175955,48.33692591010441,41.5,57.0
2025,18,postseason,Other bowl,401778319,4.813668062391062,3.5,4.0,0.6493425172197871,53.79343099695094,55.0,46.0
2025,18,postseason,Other bowl,401778320,-0.24022252491140828,5.5,15.0,0.48904195366311837,44.29597034346994,40.5,21.0
2025,18,postseason,Other bowl,401778321,-6.547903505159963,-7.5,-2.0,0.28616155291170947,57.609868457673315,54.5,96.0
2025,18,postseason,Other bowl,401778322,6.078651515987392,4.0,-6.0,0.6856606136505948,49.537864380437895,43.5,20.0
2025,18,postseason,Other bowl,401778323,-5.629732362832595,1.5,3.0,0.31308703819661865,41.87904126777903,43.5,73.0
2025,18,postseason,Other bowl,401778324,-2.483836024154108,-10.0,-19.0,0.41202254226675017,61.15050144615262,58.0,39.0
2025,18,postseason,Other bowl,401778325,7.63952788102867,10.0,9.0,0.7301189730745147,53.75465636118501,51.5,37.0
2025,18,postseason,Other bowl,401778326,-4.525190835572754,-3.0,2.0,0.34940513462742645,63.76747534223353,62.0,58.0
2025,18,postseason,Other bowl,401778327,-6.733868643010194,-4.5,3.0,0.2805259862241703,61.72653426364012,56.5,57.0
2025,18,postseason,Other bowl,401778328,5.715650344188864,3.0,-7.0,0.6750156543519098,51.89716856667046,47.5,61.0
2025,18,postseason,Other bowl,401778329,-0.41598409355965293,4.0,3.0,0.48215403882279273,53.652877416518564,49.5,81.0
2025,18,postseason,Other bowl,401778330,3.2043661800685945,4.5,14.0,0.6005009392611146,45.04994154995824,50.5,68.0
2025,18,postseason,Other bowl,401778331,15.193436583098602,13.5,22.0,0.8854101440200376,55.84554645239862,51.5,66.0
2025,18,postseason,CFP,401769070,8.174019963179326,7.5,-10.0,0.7420162805259862,41.50013754385401,39.5,38.0
2025,18,postseason,CFP,401769071,-3.45430674269221,1.5,-23.0,0.3863494051346274,59.540285862529146,50.5,23.0
2025,18,postseason,CFP,401769072,8.981593822564232,7.5,35.0,0.7608015028177834,55.00383795437429,46.5,41.0
2025,18,postseason,CFP,401769073,3.620024355852908,6.0,-5.0,0.6117720726361928,53.34884314127342,53.5,73.0
2025,18,postseason,Other bowl,401778332,13.939567419435127,19.5,31.0,0.8641202254226675,59.27154273936338,55.5,51.0
2025,18,postseason,Other bowl,401778333,0.0489535161224659,-7.5,-22.0,0.4965560425798372,55.840720597706046,57.5,48.0
2025,18,postseason,Other bowl,401778334,0.35864756274613596,3.0,-14.0,0.509079524107702,55.277797277255516,52.5,72.0
2025,18,postseason,Other bowl,401831583,0.4646947943735089,2.5,5.0,0.5109580463368817,53.17476125537797,55.5,43.0
2025,19,postseason,FCS playoff,401833680,13.383941984210459,10.5,1.0,0.8562615669339914,55.11870095558194,58.5,69.0
2025,19,postseason,CFP,401769075,-2.9775407730868695,-3.0,-4.0,0.4022208513263418,53.686462686867955,52.5,58.0
2025,19,postseason,CFP,401769074,0.7789467446449355,3.0,34.0,0.5249845774213449,56.23424991325822,50.5,78.0
2025,21,postseason,CFP,401769076,7.829948293947002,7.5,6.0,0.7278325123152709,50.6207373282405,47.0,48.0
